year_ID,player_ID,name_common,age,team_ID,lg_ID,G,PA,AB,R,H,2B,3B,HR,RBI,SB,CS,BB,SO,batting_avg,onbase_perc,slugging_perc,onbase_plus_slugging,onbase_plus_slugging_plus,TB,GIDP,HBP,SH,SF,IBB,pos_summary
1941,adamsac01,Ace Adams,31,NYG,NL,38,11,12,0,1,0,0,0,0,0,0,0,3,.083,.083,.083,.167,-53,1,0,0,0,,0,1
1941,aderhmo01,Morrie Aderholt,25,WSH,AL,11,15,14,3,2,0,0,0,1,0,0,1,3,.143,.200,.143,.343,-6,2,0,0,0,,0,/45
1941,albosed01,Ed Albosta,22,BRO,NL,2,4,4,0,0,0,0,0,0,0,0,0,3,.000,.000,.000,.000,-100,0,0,0,0,,0,/1
1941,alenoch01,Chuck Aleno,24,CIN,NL,54,181,169,23,41,7,3,1,18,3,2,11,16,.243,.289,.337,.626,76,57,4,0,0,,0,5/3
1941,allenjo02,Johnny Allen,36,TOT,MLB,31,45,42,6,4,0,0,1,4,0,0,1,8,.095,.116,.167,.283,-25,7,2,0,2,,0,1
1941,allenjo02,Johnny Allen,36,SLB,AL,20,24,22,6,3,0,0,1,4,0,0,1,3,.136,.174,.273,.447,15,6,2,0,1,,0,1
1941,allenjo02,Johnny Allen,36,BRO,NL,11,21,20,0,1,0,0,0,0,0,0,0,5,.050,.050,.050,.100,-72,1,0,0,1,,0,1
1941,anderal01,Alf Anderson,27,PIT,NL,70,241,223,32,48,7,2,1,10,2,2,14,30,.215,.265,.278,.543,53,62,3,1,2,,0,6
1941,anderre01,Red Anderson,29,WSH,AL,32,35,31,1,8,0,1,0,1,0,0,2,10,.258,.303,.323,.626,69,10,0,0,2,,0,1
1941,andrena01,Nate Andrews,27,CLE,AL,2,1,1,0,0,0,0,0,0,0,0,0,0,.000,.000,.000,.000,-100,0,0,0,0,,0,/1
1941,applepe01,Pete Appleton,37,CHW,AL,13,4,4,0,1,0,0,0,0,0,0,0,0,.250,.250,.250,.500,33,1,0,0,0,,0,1
1941,applilu01,Luke Appling,34,CHW,AL,154,678,592,93,186,26,8,1,57,12,8,82,32,.314,.399,.390,.789,110,231,10,1,2,,11,*6
1941,aragoja01,Jack Aragon,25,NYG,NL,1,0,0,0,0,0,0,0,0,0,0,0,0,,,,,,0,0,0,0,,0,
1941,archige01,George Archie,27,TOT,AL,114,447,408,48,113,23,4,3,53,10,4,37,45,.277,.339,.375,.714,92,153,12,1,2,,0,53
1941,archige01,George Archie,27,WSH,AL,105,411,379,45,102,20,4,3,48,8,4,30,42,.269,.324,.367,.691,86,139,10,1,2,,0,53
1941,archige01,George Archie,27,SLB,AL,9,36,29,3,11,3,0,0,5,2,0,7,3,.379,.500,.483,.983,158,14,2,0,0,,0,/3
1941,arnovmo01,Morrie Arnovich,30,NYG,NL,85,232,207,25,58,8,3,2,22,2,1,23,14,.280,.352,.377,.729,104,78,8,0,1,,0,7
1941,aukerel01,Elden Auker,30,SLB,AL,37,86,80,8,10,1,1,0,5,1,0,3,27,.125,.157,.163,.319,-17,13,0,0,3,,0,1
1941,averiea01,Earl Averill,39,BSN,NL,8,19,17,2,2,0,0,0,2,0,0,1,4,.118,.211,.118,.328,-4,2,0,1,0,,0,/87
1941,babicjo01,Johnny Babich,28,PHA,AL,16,29,25,2,10,2,0,0,2,0,0,2,4,.400,.444,.480,.924,147,12,1,0,2,,0,1
1941,bagbyji02,Jim Bagby,24,CLE,AL,35,79,74,5,18,1,0,0,8,0,0,1,6,.243,.253,.257,.510,38,19,2,0,4,,0,1
1941,bakerbi01,Bill Baker,30,TOT,NL,37,82,68,5,15,3,0,0,6,0,0,12,1,.221,.338,.265,.602,71,18,2,0,2,,3,2
1941,bakerbi01,Bill Baker,30,CIN,NL,2,2,1,0,0,0,0,0,0,0,0,1,1,.000,.500,.000,.500,49,0,0,0,0,,0,/2
1941,bakerbi01,Bill Baker,30,PIT,NL,35,80,67,5,15,3,0,0,6,0,0,11,0,.224,.333,.269,.602,71,18,2,0,2,,3,2
1941,barnaba01,Babe Barna,26,NYG,NL,10,45,42,5,9,3,0,1,5,0,0,2,6,.214,.250,.357,.607,68,15,0,0,1,,0,/97
1941,barnige01,George Barnicle,23,BSN,NL,1,2,2,0,0,0,0,0,0,0,0,0,2,.000,.000,.000,.000,-100,0,0,0,0,,0,/1
1941,bartedi01,Dick Bartell,33,TOT,MLB,109,454,385,44,115,21,0,5,36,6,1,54,31,.299,.392,.392,.784,119,151,11,5,10,,1,56
1941,bartedi01,Dick Bartell,33,DET,AL,5,16,12,0,2,1,0,0,1,0,1,2,2,.167,.333,.250,.583,50,3,0,1,1,,0,/6
1941,bartedi01,Dick Bartell,33,NYG,NL,104,438,373,44,113,20,0,5,35,6,0,52,29,.303,.394,.397,.791,121,148,11,4,9,,1,56
1941,bauerru01,Russ Bauers,27,PIT,NL,8,14,14,0,5,0,0,0,3,0,0,0,1,.357,.357,.357,.714,102,5,0,0,0,,0,/1
1941,beazljo01,Johnny Beazley,23,STL,NL,1,3,3,0,0,0,0,0,0,0,0,0,3,.000,.000,.000,.000,-100,0,0,0,0,,0,/1
1941,beckbo01,Boom-Boom Beck,36,PHI,NL,34,26,25,0,3,0,0,0,1,0,0,0,3,.120,.120,.120,.240,-31,3,0,0,1,,0,1
1941,beckmbi01,Bill Beckmann,33,PHA,AL,22,54,47,1,9,1,0,0,4,0,0,3,10,.191,.240,.213,.453,22,10,1,0,4,,0,1
1941,beggsjo01,Joe Beggs,30,CIN,NL,37,11,10,1,3,0,0,0,1,0,0,1,2,.300,.364,.300,.664,88,3,0,0,0,,0,1
1941,bellbe01,Beau Bell,33,CLE,AL,48,118,104,12,20,4,3,0,9,1,2,10,8,.192,.270,.288,.558,51,30,3,1,3,,2,93
1941,benjast01,Stan Benjamin,27,PHI,NL,129,508,480,47,113,20,7,3,27,17,6,20,81,.235,.266,.325,.591,70,156,14,0,8,,0,*98/3475
1941,bentoal01,Al Benton,30,DET,AL,38,59,50,2,3,1,0,0,0,0,0,0,20,.060,.060,.080,.140,-65,4,4,0,9,,0,1
1941,berarjo01,Johnny Berardino,24,SLB,AL,128,515,469,48,127,30,4,5,89,3,5,41,27,.271,.332,.384,.716,86,180,17,2,3,,3,*6/5
1941,berrera01,Ray Berres,33,BSN,NL,120,303,279,21,56,10,0,1,19,2,0,17,20,.201,.247,.247,.494,43,69,12,0,6,,1,*2
1941,bessehe01,Herman Besse,29,PHA,AL,6,5,5,0,1,0,0,0,1,0,0,0,1,.200,.200,.200,.400,7,1,0,0,0,,0,/1
1941,bildiem01,Emil Bildilli,28,SLB,AL,2,0,0,0,0,0,0,0,0,0,0,0,0,,,,,,0,0,0,0,,0,/1
1941,blaemra01,Rae Blaemire,30,NYG,NL,2,5,5,0,2,0,0,0,0,0,0,0,0,.400,.400,.400,.800,124,2,0,0,0,,0,/2
1941,blantcy01,Cy Blanton,32,PHI,NL,28,58,51,0,6,0,0,0,2,0,0,3,15,.118,.167,.118,.284,-17,6,2,0,4,,0,1
1941,bloodji01,Jimmy Bloodworth,23,WSH,AL,142,550,506,59,124,24,3,7,66,1,1,41,58,.245,.303,.346,.649,75,175,11,1,2,,3,*4/56
1941,boltocl01,Cliff Bolton,34,WSH,AL,14,12,11,0,0,0,0,0,1,0,0,1,2,.000,.083,.000,.083,-76,0,0,0,0,,0,/2
1941,bonhati01,Tiny Bonham,27,NYY,AL,23,53,50,1,8,0,0,0,2,0,0,2,12,.160,.192,.160,.352,-6,8,0,0,1,,0,1
1941,bordafr01,Frenchy Bordagaray,31,NYY,AL,36,81,73,10,19,1,0,0,4,1,0,6,8,.260,.325,.274,.599,60,20,0,1,1,,1,9/7
1941,boudrlo01,Lou Boudreau,23,CLE,AL,148,681,579,95,149,45,8,10,56,9,4,85,57,.257,.355,.415,.770,107,240,11,3,14,,2,*6
1941,bowmabo01,Bob Bowman,30,NYG,NL,29,26,21,1,1,0,0,1,1,0,0,2,15,.048,.130,.190,.321,-11,4,1,0,3,,0,1
1941,bowmajo01,Joe Bowman,31,PIT,NL,22,32,31,4,8,1,0,0,1,0,0,1,2,.258,.281,.290,.572,61,9,1,0,0,,0,1
1941,bragabo01,Bobby Bragan,23,PHI,NL,154,595,557,37,140,19,3,4,69,7,7,26,29,.251,.285,.318,.603,73,177,17,0,14,,0,*6/45
1941,brancal01,Al Brancato,22,PHA,AL,144,594,530,60,124,20,9,2,49,1,5,59,49,.234,.311,.317,.628,68,168,11,0,5,,0,*6/5
1941,brancno01,Norm Branch,26,NYY,AL,27,11,10,0,0,0,0,0,0,0,0,1,4,.000,.091,.000,.091,-74,0,1,0,0,,0,1
1941,brandbi01,Bill Brandt,26,PIT,NL,2,1,1,0,0,0,0,0,0,0,0,0,1,.000,.000,.000,.000,-100,0,0,0,0,,0,/1
1941,braybu01,Buster Bray,28,BSN,NL,4,12,11,2,1,1,0,0,1,0,0,1,2,.091,.167,.182,.348,1,2,0,0,0,,0,/8
1941,breuema01,Marv Breuer,27,NYY,AL,26,52,46,1,4,0,0,0,2,0,0,2,21,.087,.125,.087,.212,-43,4,3,0,4,,0,1
1941,bridgto01,Tommy Bridges,34,DET,AL,25,55,47,2,4,1,0,0,1,0,0,4,11,.085,.157,.106,.263,-32,5,1,0,4,,0,1
1941,browncl01,Clint Brown,37,CLE,AL,41,19,17,1,2,0,1,0,2,0,0,2,5,.118,.211,.235,.446,20,4,0,0,0,,0,1
1941,brownji03,Jimmy Brown,31,STL,NL,132,608,549,81,168,28,9,3,56,2,2,45,22,.306,.363,.406,.769,110,223,8,4,12,,2,*54
1941,brownju01,Jumbo Brown,34,NYG,NL,31,9,9,0,1,0,0,0,0,0,0,0,1,.111,.111,.111,.222,-38,1,1,0,0,,0,1
1941,brownma01,Mace Brown,32,TOT,NL,25,8,8,1,0,0,0,0,0,0,0,0,3,.000,.000,.000,.000,-100,0,0,0,0,,0,1
1941,brownma01,Mace Brown,32,PIT,NL,1,0,0,0,0,0,0,0,0,0,0,0,0,,,,,,0,0,0,0,,0,/1
1941,brownma01,Mace Brown,32,BRO,NL,24,8,8,1,0,0,0,0,0,0,0,0,3,.000,.000,.000,.000,-100,0,0,0,0,,0,1
1941,brunero01,Roy Bruner,24,PHI,NL,13,7,6,0,0,0,0,0,0,0,0,1,0,.000,.143,.000,.143,-57,0,0,0,0,,0,1
1941,busbypa01,Paul Busby,22,PHI,NL,10,16,16,3,5,0,0,0,2,0,0,0,1,.313,.313,.313,.625,80,5,0,0,0,,0,/89
1941,butchma01,Max Butcher,30,PIT,NL,33,90,82,4,15,0,0,0,3,0,0,3,9,.183,.212,.183,.395,12,15,4,0,5,,0,1
1941,caligfr01,Fred Caligiuri,22,PHA,AL,5,21,20,2,4,2,1,0,1,0,0,0,5,.200,.200,.400,.600,57,8,0,0,1,,0,/1
1941,camildo01,Dolph Camilli,34,BRO,NL,149,641,529,92,151,29,6,34,120,3,3,104,115,.285,.407,.556,.962,164,294,5,4,4,,6,*3
1941,campbbr01,Bruce Campbell,31,DET,AL,141,584,512,72,141,28,10,15,93,3,3,68,67,.275,.364,.457,.821,107,234,7,3,1,,5,*9
1941,campbpa01,Paul Campbell,23,BOS,AL,1,0,0,0,0,0,0,0,0,0,0,0,0,,,,,,0,0,0,0,,0,
1941,campbso01,Soup Campbell,26,CLE,AL,104,364,328,36,82,10,4,3,35,1,9,31,21,.250,.317,.332,.649,75,109,9,1,3,,2,87
1941,careyto02,Tom Carey,34,BOS,AL,25,21,21,7,4,0,0,0,2,0,0,0,2,.190,.190,.190,.381,0,4,1,0,0,,0,/465
1941,carliji01,Jim Carlin,23,PHI,NL,16,24,21,2,3,1,0,1,2,0,0,3,4,.143,.250,.333,.583,67,7,1,0,0,,0,/985
1941,carneed01,Eddie Carnett,24,BSN,NL,2,0,0,0,0,0,0,0,0,0,0,0,0,,,,,,0,0,0,0,,0,/1
1941,carpebo01,Bob Carpenter,23,NYG,NL,29,51,45,1,7,1,0,0,8,0,0,4,5,.156,.224,.178,.402,13,8,1,0,2,,0,1
1941,carraal01,Alex Carrasquel,28,WSH,AL,35,28,21,1,2,1,0,0,1,0,0,5,11,.095,.269,.143,.412,14,3,1,0,2,,0,1
1941,casege01,George Case,25,WSH,AL,153,709,649,95,176,32,8,2,53,33,9,51,37,.271,.325,.354,.680,83,230,5,1,7,,2,*79
1941,caseyhu01,Hugh Casey,27,BRO,NL,45,59,50,4,6,1,0,0,0,0,0,4,15,.120,.185,.140,.325,-9,7,0,0,5,,0,1
1941,castege01,George Caster,33,SLB,AL,32,30,29,0,3,0,0,0,1,0,0,0,9,.103,.103,.103,.207,-46,3,0,0,1,,0,1
1941,cavarph01,Phil Cavarretta,24,CHC,NL,107,407,346,46,99,18,4,6,40,2,3,53,28,.286,.384,.413,.797,128,143,6,2,6,,3,83/79
1941,chandsp01,Spud Chandler,33,NYY,AL,28,64,60,4,11,0,0,0,4,0,0,1,18,.183,.197,.183,.380,1,11,0,0,3,,0,1
1941,chapmbe01,Ben Chapman,32,TOT,AL,85,331,300,35,71,15,1,3,29,4,4,29,20,.237,.304,.323,.627,68,97,9,0,2,,0,78/9
1941,chapmbe01,Ben Chapman,32,WSH,AL,28,121,110,9,28,6,0,1,10,2,2,10,6,.255,.317,.336,.653,76,37,7,0,1,,0,7
1941,chapmbe01,Ben Chapman,32,CHW,AL,57,210,190,26,43,9,1,2,19,2,2,19,14,.226,.297,.316,.612,63,60,2,0,1,,0,87/9
1941,chapmfr02,Fred Chapman,24,PHA,AL,35,73,69,1,11,1,0,0,4,1,2,4,15,.159,.205,.174,.379,2,12,1,0,0,,0,6/54
1941,chapmsa01,Sam Chapman,25,PHA,AL,143,602,552,97,178,29,9,25,106,6,9,47,49,.322,.378,.543,.921,144,300,13,2,1,,5,*8
1941,chaseke01,Ken Chase,27,WSH,AL,33,77,74,3,11,1,0,0,3,0,0,2,15,.149,.182,.162,.344,-6,12,0,1,1,,0,1
1941,chipmbo01,Bob Chipman,22,BRO,NL,1,3,3,0,0,0,0,0,0,0,0,0,2,.000,.000,.000,.000,-100,0,0,0,0,,0,/1
1941,clemebi01,Bill Clemensen,22,PIT,NL,2,4,4,0,0,0,0,0,0,0,0,0,2,.000,.000,.000,.000,-100,0,0,0,0,,0,/1
1941,cliftha01,Harlond Clift,28,SLB,AL,154,703,584,108,149,33,9,17,84,6,4,113,93,.255,.376,.430,.806,110,251,12,0,6,,3,*5
1941,collied02,Eddie Collins,24,PHA,AL,80,240,219,29,53,6,3,0,12,2,1,20,24,.242,.305,.297,.602,62,65,4,0,1,,0,9/87
1941,colliri02,Ripper Collins,37,PIT,NL,49,70,62,5,13,2,2,0,11,0,0,6,14,.210,.279,.306,.586,65,19,0,0,2,,3,3/9
1941,congedi01,Dick Conger,20,PIT,NL,2,0,0,0,0,0,0,0,0,0,0,0,0,,,,,,0,0,0,0,,0,/1
1941,conwaja01,Jack Conway,22,CLE,AL,2,2,2,0,1,0,0,0,1,0,0,0,0,.500,.500,.500,1.000,171,1,0,0,0,,0,/6
1941,cookea01,Earl Cook,32,DET,AL,1,0,0,0,0,0,0,0,0,0,0,0,0,,,,,,0,0,0,0,,0,/1
1941,coonejo01,Johnny Cooney,40,BSN,NL,123,477,442,52,141,25,2,0,29,3,0,27,15,.319,.358,.385,.743,115,170,13,0,9,,3,*8/3
1941,coopemo01,Mort Cooper,28,STL,NL,29,75,70,4,13,0,0,0,5,0,0,4,10,.186,.230,.186,.415,15,13,1,0,1,,0,1
1941,coopewa01,Walker Cooper,26,STL,NL,68,215,200,19,49,9,1,1,20,1,0,13,14,.245,.291,.315,.606,66,63,7,0,2,,4,2
1941,coscape01,Pete Coscarart,28,BRO,NL,43,71,62,13,8,1,0,0,5,1,0,7,12,.129,.217,.145,.363,1,9,2,0,2,,1,4/6
1941,coxbi02,Billy Cox,21,PIT,NL,10,40,37,4,10,3,1,0,2,1,1,3,2,.270,.325,.405,.730,105,15,1,0,0,,0,6
1941,crabtes01,Estel Crabtree,37,STL,NL,77,198,167,27,57,6,3,5,28,1,2,26,24,.341,.439,.503,.942,157,84,3,3,2,,2,978/5
1941,craftha01,Harry Craft,26,CIN,NL,119,450,413,48,103,15,2,10,59,4,3,33,43,.249,.308,.368,.676,90,152,9,2,2,,1,*8
1941,cramedo01,Doc Cramer,35,WSH,AL,154,707,660,93,180,25,6,2,66,4,1,37,15,.273,.317,.338,.655,77,223,16,6,4,,1,*8
1941,crespcr01,Creepy Crespi,23,STL,NL,146,635,560,85,156,24,2,4,46,3,5,57,58,.279,.355,.350,.705,93,196,11,9,9,,5,*4
1941,cronijo01,Joe Cronin,34,BOS,AL,143,615,518,98,161,38,8,16,95,1,4,82,55,.311,.406,.508,.914,138,263,20,1,14,,3,*65/7
1941,crosefr01,Frankie Crosetti,30,NYY,AL,50,170,148,13,33,2,2,1,22,0,2,18,14,.223,.320,.284,.603,61,42,6,3,0,,2,65
1941,croucbi02,Bill Crouch,33,TOT,NL,38,31,24,1,1,0,0,0,0,0,0,3,8,.042,.148,.042,.190,-45,1,1,0,4,,0,1
1941,croucbi02,Bill Crouch,33,PHI,NL,20,16,11,0,1,0,0,0,0,0,0,2,2,.091,.231,.091,.322,-5,1,0,0,3,,0,1
1941,croucbi02,Bill Crouch,33,STL,NL,18,15,13,1,0,0,0,0,0,0,0,1,6,.000,.071,.000,.071,-79,0,1,0,1,,0,1
1941,croucfr01,Frank Croucher,26,DET,AL,136,536,489,51,124,21,4,2,39,2,0,33,72,.254,.305,.325,.630,60,159,9,3,11,,2,*6
1941,cullero01,Roy Cullenbine,27,SLB,AL,149,629,501,82,159,29,9,9,98,6,4,121,43,.317,.452,.465,.917,140,233,4,2,5,,7,*73/89
1941,dahlgba01,Babe Dahlgren,29,TOT,NL,143,586,525,70,140,28,2,23,89,2,4,59,52,.267,.343,.459,.802,129,241,15,2,0,,4,*3/5
1941,dahlgba01,Babe Dahlgren,29,BSN,NL,44,183,166,20,39,8,1,7,30,0,0,16,13,.235,.306,.422,.728,109,70,7,1,0,,1,3/5
1941,dahlgba01,Babe Dahlgren,29,CHC,NL,99,403,359,50,101,20,1,16,59,2,4,43,39,.281,.360,.476,.836,138,171,8,1,0,,3,3
1941,dalledo01,Dom Dallessandro,27,CHC,NL,140,559,486,73,132,36,2,6,85,3,6,68,37,.272,.362,.391,.753,116,190,10,1,4,,5,*78
1941,danniha01,Harry Danning,29,NYG,NL,130,492,459,58,112,22,4,7,56,1,3,30,25,.244,.292,.355,.647,80,163,12,1,3,,2,*2/3
1941,daviscr01,Crash Davis,21,PHA,AL,39,119,105,8,23,3,0,0,8,0,0,11,16,.219,.293,.248,.541,46,26,1,0,3,,0,43
1941,daviscu01,Curt Davis,37,BRO,NL,31,65,59,5,11,2,0,2,9,0,0,1,10,.186,.200,.322,.522,42,19,3,0,5,,0,1
1941,davisjo01,John Davis,25,NYG,NL,21,78,70,8,15,3,0,0,5,0,0,8,12,.214,.295,.257,.552,55,18,0,0,0,,1,5
1941,davissp01,Spud Davis,36,PIT,NL,57,118,107,3,27,4,1,0,6,0,0,11,11,.252,.322,.308,.630,78,33,6,0,0,,6,2
1941,deanch01,Chubby Dean,25,TOT,AL,44,71,62,2,13,3,0,0,11,0,0,7,5,.210,.290,.258,.548,48,16,2,0,2,,0,1/3
1941,deanch01,Chubby Dean,25,PHA,AL,27,42,37,0,9,2,0,0,9,0,0,4,3,.243,.317,.297,.614,65,11,0,0,1,,0,1/3
1941,deanch01,Chubby Dean,25,CLE,AL,17,29,25,2,4,1,0,0,2,0,0,3,2,.160,.250,.200,.450,23,5,2,0,1,,0,/1
1941,deandi01,Dizzy Dean,31,CHC,NL,1,0,0,0,0,0,0,0,0,0,0,0,0,,,,,,0,0,0,0,,0,/1
1941,deanha01,Harry Dean,26,WSH,AL,2,0,0,0,0,0,0,0,0,0,0,0,0,,,,,,0,0,0,0,,0,/1
1941,deanpa01,Paul Dean,28,NYG,NL,5,0,0,0,0,0,0,0,0,0,0,0,0,,,,,,0,0,0,0,,0,/1
1941,demarfr02,Frank Demaree,31,TOT,NL,64,167,148,23,32,5,2,2,16,2,1,16,6,.216,.293,.318,.610,75,47,7,0,3,,2,89/7
1941,demarfr02,Frank Demaree,31,NYG,NL,16,40,35,3,6,0,0,0,1,0,1,4,1,.171,.256,.171,.428,21,6,3,0,1,,0,/879
1941,demarfr02,Frank Demaree,31,BSN,NL,48,127,113,20,26,5,2,2,15,2,0,12,5,.230,.304,.363,.667,92,41,4,0,2,,2,9/87
1941,derripa01,Paul Derringer,34,CIN,NL,29,86,84,2,13,1,0,0,6,0,0,0,15,.155,.155,.167,.321,-9,14,2,0,2,,0,1
1941,desauge01,Gene Desautels,34,CLE,AL,66,211,189,20,38,5,1,1,17,1,0,14,12,.201,.260,.254,.514,39,48,2,1,7,,0,2
1941,dickebi01,Bill Dickey,34,NYY,AL,109,397,348,35,99,15,5,7,71,2,1,45,17,.284,.371,.417,.788,109,145,10,3,1,,12,*2
1941,dickege02,George Dickey,25,CHW,AL,32,60,55,6,11,1,0,2,8,0,0,5,7,.200,.267,.327,.594,57,18,1,0,0,,0,2
1941,dickmem01,Emerson Dickman,26,BOS,AL,9,11,11,1,1,1,0,0,0,0,0,0,3,.091,.091,.182,.273,-30,2,0,0,0,,0,/1
1941,dietrbi01,Bill Dietrich,31,CHW,AL,19,43,34,4,3,1,0,0,1,0,0,7,11,.088,.262,.118,.380,4,4,0,1,1,,0,1
1941,dietzdu01,Dutch Dietz,29,PIT,NL,33,27,25,0,4,0,0,0,0,0,0,1,6,.160,.192,.160,.352,0,4,0,0,1,,0,1
1941,dimagdo01,Dom DiMaggio,24,BOS,AL,144,688,584,117,165,37,6,8,58,13,6,90,57,.283,.385,.408,.792,108,238,7,7,7,,0,*8
1941,dimagjo01,Joe DiMaggio,26,NYY,AL,139,622,541,122,193,43,11,30,125,4,2,76,13,.357,.440,.643,1.083,184,348,6,4,0,,21,*8
1941,dimagvi01,Vince DiMaggio,28,PIT,NL,151,605,528,73,141,27,5,21,100,10,3,68,100,.267,.354,.456,.810,127,241,9,3,6,,11,*8
1941,dobsojo01,Joe Dobson,24,BOS,AL,27,54,47,3,7,0,0,1,6,0,0,4,14,.149,.216,.213,.428,13,10,2,0,3,,0,1
1941,doerrbo01,Bobby Doerr,23,BOS,AL,132,549,500,74,141,28,4,16,93,1,3,43,43,.282,.339,.450,.789,105,225,6,0,6,,5,*4
1941,donalat01,Atley Donald,30,NYY,AL,22,64,62,3,5,1,0,0,0,0,0,2,22,.081,.109,.097,.206,-45,6,1,0,0,,0,1
1941,dorseca01,Cal Dorsett,28,CLE,AL,5,2,2,0,0,0,0,0,1,0,0,0,0,.000,.000,.000,.000,-100,0,0,0,0,,0,/1
1941,draketo01,Tom Drake,28,BRO,NL,11,5,5,0,2,0,0,0,0,0,0,0,1,.400,.400,.400,.800,121,2,0,0,0,,0,1/9
1941,dudrajo01,John Dudra,25,BSN,NL,14,28,25,3,9,3,1,0,3,0,0,3,4,.360,.429,.560,.989,184,14,0,0,0,,0,/4536
1941,durocle01,Leo Durocher,35,BRO,NL,18,43,42,2,12,1,0,0,6,0,1,1,3,.286,.302,.310,.612,69,13,1,0,0,,0,6/4
1941,dusaker01,Erv Dusak,20,STL,NL,6,16,14,1,2,0,0,0,3,1,0,2,6,.143,.250,.143,.393,9,2,0,0,0,,0,/879
1941,earleto01,Tom Earley,24,BSN,NL,34,49,47,5,11,1,0,0,4,1,0,0,14,.234,.234,.255,.489,41,12,1,0,2,,0,1
1941,earlyja01,Jake Early,26,WSH,AL,104,384,355,42,102,20,7,10,54,0,1,24,38,.287,.338,.468,.805,116,166,6,3,2,,6,2
1941,easthu01,Hugh East,21,NYG,NL,2,9,9,1,2,1,0,0,0,0,0,0,3,.222,.222,.333,.556,54,3,0,0,0,,0,/1
1941,eavesva01,Vallie Eaves,29,CHC,NL,12,21,20,0,2,0,0,0,0,0,0,0,7,.100,.100,.100,.200,-43,2,1,0,1,,0,1
1941,edwarha01,Hank Edwards,22,CLE,AL,16,72,68,10,15,1,1,1,6,0,0,2,4,.221,.243,.309,.552,48,21,0,0,2,,0,9/7
1941,eisenha01,Harry Eisenstat,25,CLE,AL,21,6,6,1,2,1,0,0,0,0,0,0,1,.333,.333,.500,.833,122,3,0,0,0,,0,1
1941,elliobo01,Bob Elliott,24,PIT,NL,141,599,527,74,144,24,10,3,76,6,7,64,52,.273,.353,.374,.727,105,197,12,1,7,,3,*9/78
1941,embrere01,Red Embree,23,CLE,AL,1,1,1,0,0,0,0,0,0,0,0,0,0,.000,.000,.000,.000,-100,0,0,0,0,,0,/1
1941,erickpa01,Paul Erickson,25,CHC,NL,32,47,46,5,7,4,0,1,2,0,0,0,12,.152,.152,.304,.457,29,14,2,0,1,,0,1
1941,erricdi01,Dick Errickson,29,BSN,NL,38,50,45,3,8,1,0,0,2,0,0,1,10,.178,.196,.200,.396,15,9,1,0,4,,0,1
1941,estalbo01,Bobby Estalella,30,SLB,AL,46,101,83,7,20,6,1,0,14,0,0,18,13,.241,.376,.337,.714,88,28,3,0,0,,1,7/9
1941,ettenni01,Nick Etten,27,PHI,NL,151,626,540,78,168,27,4,14,79,9,6,82,33,.311,.405,.454,.859,147,245,10,3,2,,11,*3
1941,evansal01,Al Evans,24,WSH,AL,53,168,159,16,44,8,4,1,19,0,3,9,18,.277,.315,.396,.712,91,63,2,0,0,,0,2
1941,eversho01,Hoot Evers,20,DET,AL,1,4,4,0,0,0,0,0,0,0,0,0,2,.000,.000,.000,.000,-100,0,1,0,0,,0,/9
1941,feldmha01,Harry Feldman,21,NYG,NL,3,8,6,1,1,0,0,0,0,0,0,1,2,.167,.286,.167,.452,28,1,0,0,1,,0,/1
1941,fellebo01,Bob Feller,22,CLE,AL,44,139,120,11,18,1,4,1,12,0,0,8,44,.150,.209,.250,.459,24,30,1,1,10,,0,1
1941,ferreri01,Rick Ferrell,35,TOT,AL,121,457,387,38,99,19,3,2,36,3,1,67,26,.256,.366,.336,.702,85,130,12,0,3,,9,*2
1941,ferreri01,Rick Ferrell,35,WSH,AL,21,82,66,8,18,5,0,0,13,1,0,15,4,.273,.407,.348,.756,106,23,3,0,1,,2,2
1941,ferreri01,Rick Ferrell,35,SLB,AL,100,375,321,30,81,14,3,2,23,2,1,52,22,.252,.357,.333,.690,81,107,9,0,2,,7,2
1941,ferrewe01,Wes Ferrell,33,BSN,NL,4,5,4,2,2,0,0,1,2,0,0,1,1,.500,.600,1.250,1.850,426,5,0,0,0,,0,/1
1941,ferrito01,Tom Ferrick,26,PHA,AL,36,46,44,6,9,4,0,0,3,0,0,2,11,.205,.239,.295,.535,42,13,0,0,0,,0,1
1941,finnelo01,Lou Finney,30,BOS,AL,127,545,497,83,143,24,10,4,53,2,5,38,17,.288,.340,.400,.740,93,199,13,1,9,,0,93/7
1941,fischru01,Rube Fischer,24,NYG,NL,2,3,3,1,1,0,0,0,0,0,0,0,1,.333,.333,.333,.667,87,1,0,0,0,,0,/1
1941,fitzsfr01,Freddie Fitzsimmons,39,BRO,NL,13,32,28,1,4,1,0,0,1,0,1,3,1,.143,.226,.179,.404,13,5,1,0,1,,0,1
1941,flairal01,Al Flair,24,BOS,AL,10,31,30,3,6,2,1,0,2,1,1,1,1,.200,.226,.333,.559,45,10,1,0,0,,0,/3
1941,flemibi01,Bill Fleming,27,BOS,AL,16,10,9,1,2,1,0,0,1,0,0,1,1,.222,.300,.333,.633,66,3,0,0,0,,0,1
1941,flemile01,Les Fleming,25,CLE,AL,2,8,8,0,2,1,0,0,2,0,0,0,0,.250,.250,.375,.625,67,3,0,0,0,,0,/3
1941,fletcel01,Elbie Fletcher,25,PIT,NL,151,641,521,95,150,29,13,11,74,5,2,118,54,.288,.421,.457,.878,147,238,5,2,1,,8,*3
1941,fowledi01,Dick Fowler,20,PHA,AL,4,9,9,0,0,0,0,0,0,0,0,0,3,.000,.000,.000,.000,-100,0,0,0,0,,0,/1
1941,foxpe01,Pete Fox,32,BOS,AL,73,296,268,38,81,12,7,0,31,9,2,21,32,.302,.357,.399,.757,98,107,4,2,5,,1,9/78
1941,foxxji01,Jimmie Foxx,33,BOS,AL,135,582,487,87,146,27,8,19,105,2,5,93,103,.300,.412,.505,.917,139,246,21,0,2,,11,*3/59
1941,frankmo01,Moe Franklin,27,DET,AL,13,12,10,1,3,1,0,0,0,0,0,2,2,.300,.417,.400,.817,108,4,1,0,0,,0,/65
1941,frankhe01,Herman Franks,27,BRO,NL,57,156,139,10,28,7,0,1,11,0,1,14,13,.201,.275,.273,.548,52,38,1,0,3,,5,2/9
1941,freibve01,Vern Freiburger,17,CLE,AL,2,8,8,0,1,0,0,0,1,0,0,0,2,.125,.125,.125,.250,-32,1,1,0,0,,0,/3
1941,frencla01,Larry French,33,TOT,NL,32,58,51,5,10,1,0,0,4,0,0,4,16,.196,.255,.216,.470,35,11,3,0,3,,0,1
1941,frencla01,Larry French,33,CHC,NL,26,54,47,5,9,0,0,0,3,0,0,4,15,.191,.255,.191,.446,29,9,3,0,3,,0,1
1941,frencla01,Larry French,33,BRO,NL,6,4,4,0,1,1,0,0,1,0,0,0,1,.250,.250,.500,.750,104,2,0,0,0,,0,/1
1941,freylo01,Lonny Frey,30,CIN,NL,146,629,543,78,138,29,5,6,59,16,6,72,37,.254,.345,.359,.704,98,195,7,3,11,,1,*4
1941,frierbu01,Buck Frierson,23,CLE,AL,5,12,11,2,3,1,0,0,2,0,0,1,1,.273,.333,.364,.697,88,4,0,0,0,,0,/97
1941,gaffkfa01,Fabian Gaffke,27,CLE,AL,4,6,4,0,1,0,0,0,0,0,0,2,2,.250,.500,.250,.750,108,1,0,0,0,,0,/8
1941,galanau01,Augie Galan,29,TOT,NL,82,174,147,21,32,6,0,1,17,0,0,25,11,.218,.331,.279,.610,75,41,1,0,2,,0,87/9
1941,galanau01,Augie Galan,29,CHC,NL,65,143,120,18,25,3,0,1,13,0,0,22,10,.208,.331,.258,.589,70,31,1,0,1,,0,78/9
1941,galanau01,Augie Galan,29,BRO,NL,17,31,27,3,7,3,0,0,4,0,0,3,1,.259,.333,.370,.704,94,10,0,0,1,,0,/8
1941,galehde01,Denny Galehouse,29,SLB,AL,30,75,68,4,13,2,0,0,5,0,0,2,14,.191,.214,.221,.435,14,15,5,0,5,,0,1
1941,garmsde01,Debs Garms,34,PIT,NL,83,245,220,25,58,9,3,3,42,0,1,22,12,.264,.331,.373,.703,98,82,2,0,3,,0,57/9
1941,geejo01,Johnny Gee,25,PIT,NL,3,3,3,0,1,0,0,0,0,0,0,0,0,.333,.333,.333,.667,88,1,0,0,0,,0,/1
1941,gehrich01,Charlie Gehringer,38,DET,AL,127,537,436,65,96,19,4,3,46,1,2,95,26,.220,.363,.303,.666,71,132,11,3,3,,5,*4
1941,georggr01,Greek George,28,CHC,NL,35,67,64,4,10,2,0,0,6,0,0,2,10,.156,.182,.188,.369,6,12,1,0,1,,0,2
1941,giebefl01,Floyd Giebell,31,DET,AL,17,7,6,0,2,0,0,0,0,0,0,0,1,.333,.333,.333,.667,70,2,0,0,1,,0,1
1941,gilbech01,Charlie Gilbert,21,CHC,NL,39,99,86,11,24,2,1,0,12,1,3,11,6,.279,.361,.326,.686,98,28,2,0,2,,1,8/9
1941,giulito01,Tony Giuliani,28,BRO,NL,3,2,2,0,0,0,0,0,0,0,0,0,0,.000,.000,.000,.000,-100,0,0,0,0,,0,/2
1941,gleesji01,Jim Gleeson,29,CIN,NL,102,356,301,47,70,10,0,3,34,7,2,45,30,.233,.340,.296,.636,80,89,8,4,5,,1,978
1941,goletst01,Stan Goletz,23,CHW,AL,5,5,5,0,3,0,0,0,0,0,0,0,2,.600,.600,.600,1.200,219,3,0,0,0,,0,
1941,gomezle01,Lefty Gomez,32,NYY,AL,23,66,59,5,9,1,0,0,4,0,0,3,12,.153,.194,.169,.363,-3,10,1,0,4,,0,1
1941,goodmiv01,Ival Goodman,32,CIN,NL,42,168,149,14,40,5,2,1,12,1,2,16,15,.268,.343,.349,.692,95,52,4,1,2,,2,9
1941,gordojo01,Joe Gordon,26,NYY,AL,156,665,588,104,162,26,7,24,87,10,9,72,80,.276,.358,.466,.824,117,274,16,4,1,,6,*43
1941,gordosi01,Sid Gordon,23,NYG,NL,9,37,31,4,8,1,1,0,4,0,0,6,1,.258,.378,.355,.733,106,11,0,0,0,,0,/87
1941,gorniha01,Hank Gornicki,30,TOT,NL,5,4,4,0,1,0,0,0,1,0,0,0,1,.250,.250,.250,.500,37,1,0,0,0,,0,/1
1941,gorniha01,Hank Gornicki,30,STL,NL,4,4,4,0,1,0,0,0,1,0,0,0,1,.250,.250,.250,.500,37,1,0,0,0,,0,/1
1941,gorniha01,Hank Gornicki,30,CHC,NL,1,0,0,0,0,0,0,0,0,0,0,0,0,,,,,,0,0,0,0,,0,/1
1941,gorsijo01,Johnny Gorsica,26,DET,AL,33,66,57,5,17,1,0,0,3,0,0,6,7,.298,.365,.316,.681,74,18,3,0,3,,0,1
1941,gracejo01,Joe Grace,27,SLB,AL,115,425,362,53,112,17,4,6,60,1,3,57,31,.309,.410,.428,.839,119,155,5,5,2,,7,9/2
1941,greenha01,Hank Greenberg,30,DET,AL,19,83,67,12,18,5,1,2,12,1,0,16,12,.269,.410,.463,.872,121,31,1,0,0,,4,7
1941,grempbu01,Buddy Gremp,21,BSN,NL,37,83,75,7,18,3,0,0,10,0,0,5,3,.240,.288,.280,.568,64,21,6,0,3,,0,3/42
1941,grimeos01,Oscar Grimes,26,CLE,AL,77,291,244,28,58,9,3,4,24,4,0,39,47,.238,.345,.348,.693,88,85,1,1,7,,1,34/5
1941,grissle01,Lee Grissom,33,TOT,NL,33,43,38,2,7,1,0,0,2,0,0,0,7,.184,.205,.211,.416,19,8,2,1,4,,0,1
1941,grissle01,Lee Grissom,33,BRO,NL,4,3,2,1,1,0,0,0,0,0,0,0,1,.500,.500,.500,1.000,176,1,0,0,1,,0,/1
1941,grissle01,Lee Grissom,33,PHI,NL,29,40,36,1,6,1,0,0,2,0,0,0,6,.167,.189,.194,.384,11,7,2,1,3,,0,1
1941,grodzjo01,Johnny Grodzicki,24,STL,NL,5,5,2,0,0,0,0,0,0,0,0,2,1,.000,.500,.000,.500,45,0,0,0,1,,0,/1
1941,gromest01,Steve Gromek,21,CLE,AL,9,6,6,1,1,0,0,0,0,0,0,0,1,.167,.167,.167,.333,-10,1,2,0,0,,0,/1
1941,grovele01,Lefty Grove,41,BOS,AL,21,55,45,6,5,2,0,0,0,0,0,4,18,.111,.184,.156,.339,-10,7,1,0,6,,0,1
1941,groveor01,Orval Grove,21,CHW,AL,2,2,2,0,0,0,0,0,0,0,0,0,1,.000,.000,.000,.000,-100,0,0,0,0,,0,/1
1941,grubefr01,Frank Grube,36,SLB,AL,18,44,39,1,6,2,0,0,1,0,0,2,4,.154,.195,.205,.400,5,8,0,0,3,,0,2
1941,gumbeha01,Harry Gumbert,31,TOT,NL,39,69,65,8,19,1,0,2,6,0,0,2,12,.292,.313,.400,.713,95,26,2,0,2,,0,1
1941,gumbeha01,Harry Gumbert,31,NYG,NL,5,13,12,1,2,0,0,0,0,0,0,0,1,.167,.167,.167,.333,-7,2,1,0,1,,0,/1
1941,gumbeha01,Harry Gumbert,31,STL,NL,34,56,53,7,17,1,0,2,6,0,0,2,11,.321,.345,.453,.798,117,24,1,0,1,,0,1
1941,gustifr01,Frankie Gustine,21,PIT,NL,121,497,463,46,125,24,7,1,46,5,3,28,38,.270,.313,.359,.672,89,166,9,1,5,,2,*45
1941,hackst01,Stan Hack,31,CHC,NL,151,694,586,111,186,33,5,7,45,10,8,99,40,.317,.417,.427,.844,142,250,3,1,8,,4,*5/3
1941,hadlebu01,Bump Hadley,36,TOT,MLB,28,39,34,4,4,1,0,0,1,0,0,3,9,.118,.189,.147,.336,-9,5,1,0,2,,0,1
1941,hadlebu01,Bump Hadley,36,NYG,NL,3,4,3,0,0,0,0,0,0,0,0,0,1,.000,.000,.000,.000,-100,0,0,0,1,,0,/1
1941,hadlebu01,Bump Hadley,36,PHA,AL,25,35,31,4,4,1,0,0,1,0,0,3,8,.129,.206,.161,.367,-1,5,1,0,1,,0,1
1941,hajduch01,Chet Hajduk,22,CHW,AL,1,1,1,0,0,0,0,0,0,0,0,0,0,.000,.000,.000,.000,-100,0,0,0,0,,0,
1941,haleod01,Odell Hale,32,TOT,MLB,53,152,126,18,25,5,0,1,10,1,0,21,17,.198,.313,.262,.575,60,33,1,0,4,,4,4/5
1941,haleod01,Odell Hale,32,BOS,AL,12,28,24,5,5,2,0,1,1,0,0,3,4,.208,.296,.417,.713,85,10,1,0,1,,1,/54
1941,haleod01,Odell Hale,32,NYG,NL,41,124,102,13,20,3,0,0,9,1,0,18,13,.196,.317,.225,.542,53,23,0,0,3,,3,4
1941,halleja01,Jack Hallett,26,CHW,AL,22,29,26,2,4,0,1,0,1,0,0,2,6,.154,.214,.231,.445,18,6,1,0,1,,0,1
1941,hamlilu01,Luke Hamlin,36,BRO,NL,30,46,41,3,6,1,0,0,2,0,1,2,12,.146,.186,.171,.357,-1,7,1,0,3,,0,1
1941,handlle01,Lee Handley,27,PIT,NL,124,510,459,59,132,18,4,0,33,16,11,35,22,.288,.338,.344,.682,92,158,13,0,15,,1,*5
1941,hardeme01,Mel Harder,31,CLE,AL,15,25,25,1,2,0,0,0,0,0,0,0,7,.080,.080,.080,.160,-57,2,1,0,0,,0,1
1941,harmabi01,Bill Harman,22,PHI,NL,15,14,14,1,1,0,0,0,0,0,0,0,3,.071,.071,.071,.143,-59,1,0,0,0,,0,/21
1941,harribo01,Bob Harris,26,SLB,AL,34,80,61,3,7,1,0,0,6,0,0,4,11,.115,.169,.131,.300,-21,8,0,0,14,,0,1
1941,harrilu01,Lum Harris,26,PHA,AL,33,43,40,1,11,1,0,0,2,0,0,1,10,.275,.293,.300,.593,59,12,2,0,2,,0,1
1941,harrimi01,Mickey Harris,24,BOS,AL,35,76,55,9,6,1,0,0,0,1,0,17,25,.109,.319,.127,.447,21,7,3,0,4,,0,1
1941,harrine01,Ned Harris,24,DET,AL,26,68,61,11,13,3,1,1,4,1,0,6,13,.213,.284,.344,.628,59,21,0,0,1,,0,7
1941,hartnga01,Gabby Hartnett,40,NYG,NL,64,165,150,20,45,5,0,5,26,0,1,12,14,.300,.356,.433,.789,120,65,5,1,2,,1,2
1941,hashhe01,Herb Hash,30,BOS,AL,4,2,2,0,0,0,0,0,0,0,0,0,0,.000,.000,.000,.000,-100,0,0,0,0,,0,/1
1941,hassebu01,Buddy Hassett,29,BSN,NL,118,449,405,59,120,9,4,1,33,10,8,36,15,.296,.354,.346,.699,103,140,6,0,8,,0,3
1941,hayesfr01,Frankie Hayes,26,PHA,AL,126,503,439,66,123,27,4,12,63,2,0,62,56,.280,.369,.442,.811,116,194,23,0,1,,6,*2
1941,haynejo01,Joe Haynes,23,CHW,AL,8,11,11,3,3,0,0,0,0,0,0,0,1,.273,.273,.273,.545,45,3,0,0,0,,0,/1
1941,heathje01,Jeff Heath,26,CLE,AL,151,643,585,89,199,32,20,24,123,18,12,50,69,.340,.396,.586,.982,162,343,5,4,4,,11,*97
1941,heffndo01,Don Heffner,30,SLB,AL,110,446,399,48,93,14,2,0,17,5,6,38,27,.233,.303,.278,.581,53,111,3,2,7,,1,*4
1941,heganji01,Jim Hegan,20,CLE,AL,16,53,47,4,15,2,0,1,5,0,0,4,7,.319,.373,.426,.798,115,20,1,0,2,,1,2
1941,heintke01,Ken Heintzelman,25,PIT,NL,35,71,63,4,8,1,0,0,8,0,0,3,19,.127,.167,.143,.310,-12,9,2,0,5,,0,1
1941,hemslro01,Rollie Hemsley,34,CLE,AL,98,309,288,29,69,10,5,2,24,2,0,18,19,.240,.284,.330,.614,65,95,8,0,3,,6,2
1941,henrito01,Tommy Henrich,28,NYY,AL,144,632,538,106,149,27,5,31,85,3,1,81,40,.277,.377,.519,.895,136,279,6,5,8,,0,*98
1941,hermabi01,Billy Herman,31,TOT,NL,144,649,572,81,163,30,5,3,41,1,3,67,43,.285,.361,.371,.732,103,212,13,1,9,,2,*4
1941,hermabi01,Billy Herman,31,CHC,NL,11,45,36,4,7,0,1,0,0,0,2,9,5,.194,.356,.250,.606,75,9,0,0,0,,0,4
1941,hermabi01,Billy Herman,31,BRO,NL,133,604,536,77,156,30,4,3,41,1,1,58,38,.291,.361,.379,.740,104,203,13,1,9,,2,*4
1941,hevinjo02,Joe Heving,40,CLE,AL,27,19,15,0,0,0,0,0,2,0,0,3,2,.000,.167,.000,.167,-52,0,0,0,1,,0,1
1941,higbeki01,Kirby Higbe,26,BRO,NL,48,122,112,6,21,3,1,0,14,0,1,4,23,.188,.216,.232,.448,24,26,6,0,6,,0,1
1941,higgipi01,Pinky Higgins,32,DET,AL,147,619,540,79,161,28,3,11,73,5,4,67,45,.298,.378,.422,.800,103,228,20,2,10,,3,*5
1941,hoagmy01,Myril Hoag,33,TOT,AL,107,412,381,30,97,13,3,1,44,6,10,27,29,.255,.306,.312,.618,64,119,11,1,3,,3,78
1941,hoagmy01,Myril Hoag,33,SLB,AL,1,1,1,0,0,0,0,0,0,0,0,0,0,.000,.000,.000,.000,-100,0,0,0,0,,0,
1941,hoagmy01,Myril Hoag,33,CHW,AL,106,411,380,30,97,13,3,1,44,6,10,27,29,.255,.306,.313,.620,65,119,11,1,3,,3,78
1941,hockeor01,Oris Hockett,31,CLE,AL,2,8,6,0,2,0,0,0,1,0,0,2,0,.333,.500,.333,.833,129,2,0,0,0,,1,/8
1941,hoersle01,Lefty Hoerst,23,PHI,NL,37,26,22,1,4,0,0,0,0,0,0,2,7,.182,.250,.182,.432,26,4,1,0,2,,0,1
1941,hoppjo01,Johnny Hopp,24,STL,NL,134,509,445,83,135,25,11,4,50,15,5,50,63,.303,.378,.436,.813,122,194,5,3,11,,0,7389
1941,howelre01,Red Howell,32,CLE,AL,11,11,7,0,2,0,0,0,2,0,0,4,2,.286,.545,.286,.831,130,2,0,0,0,,0,
1941,hubbeca01,Carl Hubbell,38,NYG,NL,26,60,57,5,8,2,0,0,4,0,0,1,8,.140,.155,.175,.331,-8,10,0,0,2,,0,1
1941,hudsojo01,Johnny Hudson,29,CHC,NL,50,106,99,8,20,4,0,0,6,3,0,3,15,.202,.225,.242,.468,34,24,3,0,4,,0,645
1941,hudsosi01,Sid Hudson,26,WSH,AL,33,94,86,6,16,3,0,0,7,1,0,2,8,.186,.205,.221,.425,15,19,0,0,6,,0,1
1941,hugheto04,Tommy Hughes,21,PHI,NL,37,62,55,5,11,1,0,0,2,0,0,3,13,.200,.241,.218,.460,33,12,1,0,4,,0,1
1941,hughste01,Tex Hughson,25,BOS,AL,12,22,17,1,1,0,0,0,2,0,0,2,4,.059,.158,.059,.217,-41,1,0,0,3,,0,1
1941,humphjo02,Johnny Humphries,26,CHW,AL,14,24,23,1,2,2,0,0,3,0,0,0,12,.087,.087,.174,.261,-32,4,0,0,1,,0,1
1941,hutchjo02,Johnny Hutchings,25,TOT,NL,44,30,27,1,4,2,0,0,0,0,0,2,6,.148,.207,.222,.429,24,6,0,0,1,,0,1
1941,hutchjo02,Johnny Hutchings,25,CIN,NL,8,0,0,0,0,0,0,0,0,0,0,0,0,,,,,,0,0,0,0,,0,/1
1941,hutchjo02,Johnny Hutchings,25,BSN,NL,36,30,27,1,4,2,0,0,0,0,0,2,6,.148,.207,.222,.429,24,6,0,0,1,,0,1
1941,hutchfr01,Fred Hutchinson,21,DET,AL,2,2,2,0,0,0,0,0,0,0,0,0,2,.000,.000,.000,.000,-100,0,0,0,0,,0,
1941,hutchir01,Ira Hutchinson,30,STL,NL,29,8,8,0,2,0,0,0,0,0,0,0,3,.250,.250,.250,.500,37,2,0,0,0,,0,1
1941,iottho01,Hooks Iott,21,SLB,AL,2,0,0,0,0,0,0,0,0,0,0,0,0,,,,,,0,0,0,0,,0,/1
1941,javeral01,Al Javery,23,BSN,NL,34,60,58,6,6,0,0,0,4,0,0,1,19,.103,.119,.103,.222,-35,6,1,0,1,,0,1
1941,jelinfr01,Frank Jelincich,23,CHC,NL,4,9,8,0,1,0,0,0,2,0,0,1,2,.125,.222,.125,.347,1,1,0,0,0,,0,/7
1941,johnsar02,Art Johnson,21,BSN,NL,44,61,55,4,8,1,0,0,0,0,0,0,17,.145,.145,.164,.309,-11,9,1,0,5,,0,1
1941,johnsbo01,Bob Johnson,35,PHA,AL,149,652,552,98,152,30,8,22,107,6,4,95,75,.275,.385,.478,.863,130,264,16,3,3,,0,*73/8
1941,johnsea01,Earl Johnson,22,BOS,AL,17,39,34,4,10,0,0,0,2,0,0,2,8,.294,.333,.294,.627,66,10,1,0,3,,0,1
1941,johnsra02,Rankin Johnson,24,PHA,AL,7,1,1,0,0,0,0,0,0,0,0,0,1,.000,.000,.000,.000,-100,0,0,0,0,,0,/1
1941,johnssi01,Si Johnson,34,PHI,NL,39,50,47,1,7,0,0,0,0,0,0,1,11,.149,.167,.149,.316,-9,7,1,0,2,,0,1
1941,jonesda02,Dale Jones,22,PHI,NL,2,3,3,0,1,1,0,0,0,0,0,0,0,.333,.333,.667,1.000,183,2,0,0,0,,0,/1
1941,jonesja03,Jake Jones,20,CHW,AL,3,11,11,0,0,0,0,0,0,0,0,0,4,.000,.000,.000,.000,-100,0,0,0,0,,0,/3
1941,joosted01,Eddie Joost,25,CIN,NL,152,619,537,67,136,25,4,4,40,9,4,69,59,.253,.340,.337,.678,91,181,9,2,9,,11,*6/435
1941,juddos01,Oscar Judd,33,BOS,AL,10,7,4,2,2,1,0,0,2,0,0,3,0,.500,.714,.750,1.464,284,3,0,0,0,,0,/1
1941,judniwa01,Wally Judnich,25,SLB,AL,146,632,546,90,155,40,6,14,83,5,5,80,45,.284,.377,.456,.833,117,249,12,2,4,,0,*8
1941,jumonge01,George Jumonville,24,PHI,NL,6,7,7,1,3,0,0,1,2,0,0,0,0,.429,.429,.857,1.286,264,6,0,0,0,,0,/46
1941,jungeke01,Ken Jungels,25,CLE,AL,6,2,2,0,0,0,0,0,0,0,0,0,0,.000,.000,.000,.000,-100,0,0,0,0,,0,/1
1941,jurgebi01,Billy Jurges,33,NYG,NL,134,528,471,50,138,25,2,5,61,0,3,47,36,.293,.361,.386,.747,109,182,13,3,7,,8,*6
1941,kampoal01,Alex Kampouris,28,BRO,NL,16,65,51,8,16,4,2,2,9,0,1,11,8,.314,.444,.588,1.033,183,30,0,1,2,,0,4
1941,kellech01,Charlie Keller,24,NYY,AL,140,610,507,102,151,24,10,33,122,6,4,102,65,.298,.416,.580,.996,162,294,3,1,0,,8,*7
1941,keltnke01,Ken Keltner,24,CLE,AL,149,645,581,83,156,31,13,23,84,2,2,51,56,.269,.330,.485,.815,118,282,9,2,10,,4,*5
1941,kennebo01,Bob Kennedy,20,CHW,AL,76,282,257,16,53,9,3,1,29,5,3,17,23,.206,.255,.276,.532,41,71,4,0,8,,1,5
1941,kenneve01,Vern Kennedy,34,TOT,AL,24,39,36,3,9,0,1,0,3,0,0,2,5,.250,.289,.306,.595,59,11,0,0,1,,0,1
1941,kenneve01,Vern Kennedy,34,SLB,AL,6,17,15,2,6,0,1,0,2,0,0,1,1,.400,.438,.533,.971,152,8,0,0,1,,0,/1
1941,kenneve01,Vern Kennedy,34,WSH,AL,18,22,21,1,3,0,0,0,1,0,0,1,4,.143,.182,.143,.325,-11,3,0,0,0,,0,1
1941,kimbane01,Newt Kimball,26,BRO,NL,15,15,14,1,3,0,0,0,1,0,0,1,3,.214,.267,.214,.481,34,3,0,0,0,,0,1
1941,kleinch01,Chuck Klein,36,PHI,NL,50,84,73,6,9,0,0,1,3,0,2,10,6,.123,.229,.164,.393,14,12,2,0,1,,2,9/7
1941,klingbo01,Bob Klinger,33,PIT,NL,35,35,32,1,8,2,0,0,3,0,0,2,4,.250,.294,.313,.607,71,10,1,0,1,,0,1
1941,knickbi01,Bill Knickerbocker,29,CHW,AL,89,397,343,51,84,23,2,7,29,6,5,41,27,.245,.329,.385,.714,89,132,4,2,10,,0,4
1941,knottja01,Jack Knott,34,PHA,AL,27,78,65,6,5,0,0,0,4,0,0,8,39,.077,.178,.077,.255,-30,5,1,0,5,,0,1
1941,kollodo01,Don Kolloway,22,CHW,AL,71,290,280,33,76,8,3,3,24,11,4,6,12,.271,.292,.354,.645,71,99,8,2,3,,0,4/3
1941,kosloda01,Dave Koslo,21,NYG,NL,4,9,9,0,1,0,0,0,0,0,0,0,7,.111,.111,.111,.222,-38,1,0,0,0,,0,/1
1941,koyer01,Ernie Koy,31,TOT,NL,80,262,244,29,59,12,2,4,31,1,1,15,30,.242,.288,.357,.645,80,87,3,1,2,,0,7/98
1941,koyer01,Ernie Koy,31,STL,NL,13,41,40,5,8,1,0,2,4,0,0,1,8,.200,.220,.375,.595,61,15,0,0,0,,0,7
1941,koyer01,Ernie Koy,31,CIN,NL,67,221,204,24,51,11,2,2,27,1,1,14,22,.250,.301,.353,.654,84,72,3,1,2,,0,7/98
1941,krakajo01,Joe Krakauskas,26,CLE,AL,12,13,13,0,1,0,0,0,0,0,0,0,5,.077,.077,.077,.154,-58,1,0,0,0,,0,1
1941,krameja01,Jack Kramer,23,SLB,AL,29,15,8,2,0,0,0,0,0,0,0,6,6,.000,.429,.000,.429,20,0,0,0,1,,0,1
1941,kreevmi01,Mike Kreevich,33,CHW,AL,121,484,436,44,101,16,8,0,37,17,5,35,26,.232,.289,.305,.594,58,133,10,0,13,,3,*8
1941,kristho01,Howie Krist,25,STL,NL,37,42,38,5,9,1,0,0,4,0,0,2,11,.237,.275,.263,.538,48,10,0,0,2,,0,1
1941,kuheljo01,Joe Kuhel,35,CHW,AL,153,678,600,99,150,39,5,12,63,20,5,70,55,.250,.331,.392,.723,91,235,17,3,5,,8,*3
1941,kurowwh01,Whitey Kurowski,23,STL,NL,5,10,9,1,3,2,0,0,2,0,0,0,2,.333,.400,.556,.956,160,5,0,1,0,,0,/5
1941,kushem01,Emil Kush,24,CHC,NL,2,1,1,0,0,0,0,0,0,0,0,0,0,.000,.000,.000,.000,-100,0,0,0,0,,0,/1
1941,laabsch01,Chet Laabs,29,SLB,AL,118,449,392,64,109,23,6,15,59,5,2,51,59,.278,.361,.482,.843,119,189,9,0,6,,1,978
1941,lakeed01,Eddie Lake,25,STL,NL,45,92,76,9,8,2,0,0,0,3,0,15,22,.105,.253,.132,.384,7,10,2,0,1,,2,56/4
1941,lamanfr02,Hank LaManna,21,BSN,NL,47,33,32,6,9,2,0,0,1,0,0,0,11,.281,.281,.344,.625,80,11,1,0,0,,0,1/87
1941,lamanra01,Ray Lamanno,21,CIN,NL,1,1,0,0,0,0,0,0,0,0,0,0,0,,1.000,,,,0,0,1,0,,0,/2
1941,lambege01,Gene Lambert,20,PHI,NL,2,2,2,0,0,0,0,0,0,0,0,0,1,.000,.000,.000,.000,-100,0,0,0,0,,0,/1
1941,lanahdi01,Dick Lanahan,29,PIT,NL,7,1,1,0,0,0,0,0,0,0,0,0,0,.000,.000,.000,.000,-100,0,0,0,0,,0,/1
1941,lanfrwa01,Walt Lanfranconi,24,CHC,NL,2,1,1,0,0,0,0,0,0,0,0,0,1,.000,.000,.000,.000,-100,0,0,0,0,,0,/1
1941,laniema01,Max Lanier,25,STL,NL,35,55,52,3,10,0,0,0,0,0,0,1,5,.192,.208,.192,.400,10,10,1,0,2,,0,1
1941,lannijo01,Johnny Lanning,30,PIT,NL,34,65,56,5,6,3,0,0,4,0,0,3,8,.107,.167,.161,.327,-8,9,1,1,6,,0,1
1941,lavagco01,Cookie Lavagetto,28,BRO,NL,132,523,441,75,122,24,7,1,78,7,4,80,21,.277,.388,.370,.757,110,163,6,0,2,,4,*5
1941,laynehi01,Hillis Layne,23,WSH,AL,13,54,50,8,14,2,0,0,6,1,1,4,5,.280,.333,.320,.653,77,16,2,0,0,,0,5
1941,leebi02,Bill Lee,31,CHC,NL,28,68,59,8,11,0,0,2,5,0,0,1,9,.186,.200,.288,.488,39,17,2,0,9,,0,1
1941,leeth01,Thornton Lee,34,CHW,AL,35,119,114,7,29,5,0,0,8,0,0,4,20,.254,.280,.298,.578,53,34,4,0,1,,0,1
1941,leibeha01,Hank Leiber,30,CHC,NL,53,184,162,20,35,5,0,7,25,0,1,16,25,.216,.291,.377,.667,90,61,3,1,5,,1,73/98
1941,leiped01,Ed Leip,30,PIT,NL,15,26,25,1,5,0,2,0,3,1,0,1,2,.200,.231,.360,.591,65,9,2,0,0,,0,/45
1941,lemonbo01,Bob Lemon,20,CLE,AL,5,4,4,0,1,0,0,0,0,0,0,0,1,.250,.250,.250,.500,35,1,0,0,0,,0,/5
1941,leonadu02,Dutch Leonard,32,WSH,AL,34,100,88,1,9,2,0,0,8,0,0,1,13,.102,.112,.125,.237,-36,11,1,0,11,,0,1
1941,leovijo01,John Leovich,23,PHA,AL,1,2,2,0,1,1,0,0,0,0,0,0,0,.500,.500,1.000,1.500,293,2,1,0,0,,0,/2
1941,letchch01,Charlie Letchas,25,WSH,AL,2,9,8,0,1,0,0,0,1,0,0,1,1,.125,.222,.125,.347,-4,1,0,0,0,,0,/4
1941,lewisbu01,Buddy Lewis,24,WSH,AL,149,654,569,97,169,29,11,9,72,10,7,82,30,.297,.386,.434,.820,121,247,14,0,2,,1,95
1941,lindejo01,Johnny Lindell,24,NYY,AL,1,1,1,0,0,0,0,0,0,0,0,0,0,.000,.000,.000,.000,-100,0,0,0,0,,0,
1941,litwhda01,Danny Litwhiler,24,PHI,NL,151,637,590,72,180,29,6,18,66,1,7,39,43,.305,.350,.466,.816,134,275,15,2,4,,3,*7/9
1941,livinmi01,Mickey Livingston,26,PHI,NL,95,228,207,16,42,6,1,0,18,2,3,20,38,.203,.276,.242,.518,50,50,10,1,0,,3,2/3
1941,lodigda01,Dario Lodigiani,25,CHW,AL,87,366,322,39,77,19,2,4,40,0,4,31,19,.239,.316,.348,.663,76,112,12,5,7,,1,5
1941,loganbo01,Bob Logan,31,CIN,NL,2,1,0,0,0,0,0,0,0,0,0,1,0,,1.000,,,,0,0,0,0,,0,/1
1941,lohrmbi01,Bill Lohrman,28,NYG,NL,33,55,48,5,11,3,2,0,5,0,0,3,11,.229,.288,.375,.663,84,18,2,1,3,,0,1
1941,lombaer01,Ernie Lombardi,33,CIN,NL,117,434,398,33,105,12,1,10,60,1,0,36,14,.264,.325,.374,.699,97,149,19,0,0,,9,*2
1941,lopezal01,Al Lopez,32,PIT,NL,114,354,317,33,84,9,1,5,43,0,0,31,23,.265,.330,.347,.677,91,110,10,0,6,,9,*2
1941,lucadjo01,Johnny Lucadello,22,SLB,AL,107,400,351,58,98,22,4,2,31,5,2,48,23,.279,.366,.382,.748,95,134,4,0,1,,4,46/57
1941,lukoned01,Eddie Lukon,20,CIN,NL,23,93,86,6,23,3,0,0,3,1,0,6,6,.267,.315,.302,.618,74,26,1,0,1,,0,9
1941,lyonshe01,Hersh Lyons,25,STL,NL,1,1,0,0,0,0,0,0,0,1,0,1,0,,1.000,,,,0,0,0,0,,0,/1
1941,lyonste01,Ted Lyons,40,CHW,AL,22,78,74,8,20,2,0,0,6,0,0,2,6,.270,.289,.297,.587,56,22,2,0,2,,0,1
1941,macfada01,Danny MacFayden,36,WSH,AL,5,0,0,0,0,0,0,0,0,0,0,0,0,,,,,,0,0,0,0,,0,/1
1941,mackra01,Ray Mack,24,CLE,AL,145,565,500,54,114,22,4,9,44,8,4,54,69,.228,.303,.342,.645,74,171,7,0,11,,6,*4
1941,mackife01,Felix Mackiewicz,23,PHA,AL,5,16,14,3,4,0,1,0,0,0,0,1,0,.286,.333,.429,.762,103,6,0,0,1,,0,/98
1941,majesha01,Hank Majeski,24,BSN,NL,19,56,55,5,8,5,0,0,3,0,0,1,13,.145,.161,.236,.397,14,13,0,0,0,,0,5
1941,mancugu01,Gus Mancuso,35,STL,NL,106,375,328,25,75,13,1,2,37,0,3,37,19,.229,.309,.293,.601,65,96,9,1,9,,4,*2
1941,mandeha01,Hal Manders,24,DET,AL,8,4,4,0,0,0,0,0,0,0,0,0,1,.000,.000,.000,.000,-100,0,0,0,0,,0,/1
1941,mannodo01,Don Manno,26,BSN,NL,22,33,30,2,5,1,0,0,4,0,1,3,7,.167,.242,.200,.442,29,6,2,0,0,,0,/753
1941,marchph01,Phil Marchildon,27,PHA,AL,30,81,66,4,11,0,1,0,5,0,0,7,17,.167,.247,.197,.444,20,13,1,0,8,,0,1
1941,marioma01,Marty Marion,24,STL,NL,155,619,547,50,138,22,3,3,58,8,4,42,48,.252,.308,.320,.628,72,175,10,2,28,,6,*6
1941,marniha01,Hal Marnie,22,PHI,NL,61,174,158,12,38,3,3,0,11,0,0,13,25,.241,.298,.297,.596,72,47,6,0,3,,0,46/5
1941,marshch01,Chip Marshall,21,STL,NL,1,0,0,0,0,0,0,0,0,0,0,0,0,,,,,,0,0,0,0,,0,/2
1941,martist01,Stu Martin,28,PIT,NL,88,251,233,37,71,13,2,0,19,2,3,10,17,.305,.341,.378,.719,102,88,7,3,5,,4,4/53
1941,martyjo01,Joe Marty,27,PHI,NL,137,548,477,60,128,19,3,8,39,6,6,51,41,.268,.344,.371,.715,106,177,9,4,16,,2,*8/9
1941,masiph01,Phil Masi,25,BSN,NL,87,198,180,17,40,8,2,3,18,4,1,16,13,.222,.286,.339,.625,80,61,3,0,2,,3,2
1941,mastepa01,Paul Masterson,25,PHI,NL,2,5,4,0,0,0,0,0,0,0,0,0,2,.000,.000,.000,.000,-100,0,0,0,1,,0,/1
1941,mastewa02,Walt Masterson,21,WSH,AL,34,21,19,1,2,0,0,0,1,0,0,0,10,.105,.105,.105,.211,-43,2,0,0,2,,0,1
1941,mattibo01,Bobby Mattick,25,CIN,NL,20,68,60,8,11,3,0,0,7,1,1,8,7,.183,.279,.233,.513,45,14,1,0,1,,0,6/54
1941,maypi01,Pinky May,30,PHI,NL,142,555,490,46,131,17,4,0,39,2,4,55,30,.267,.344,.318,.662,91,156,18,2,8,,1,*5
1941,mccarjo03,Johnny McCarthy,31,NYG,NL,14,43,40,1,13,3,0,0,12,0,0,3,0,.325,.372,.400,.772,116,16,1,0,0,,0,/37
1941,mccorfr01,Frank McCormick,30,CIN,NL,154,653,603,77,162,31,5,17,97,2,2,40,13,.269,.318,.421,.740,107,254,22,4,6,,9,*3
1941,mccormi02,Mike McCormick,24,CIN,NL,110,413,369,52,106,17,3,4,31,4,10,30,24,.287,.341,.382,.723,103,141,9,0,14,,6,78
1941,mccosba01,Barney McCosky,24,DET,AL,127,565,494,80,160,25,8,3,55,8,3,61,33,.324,.401,.425,.827,110,210,5,3,7,,3,*87
1941,mccoybe01,Benny McCoy,25,PHA,AL,141,623,517,86,140,12,7,8,61,3,3,95,50,.271,.384,.368,.751,102,190,12,0,8,,2,*4
1941,mccrale01,Les McCrabb,26,PHA,AL,26,57,56,2,8,2,0,0,5,0,0,0,13,.143,.143,.179,.321,-14,10,0,0,1,,0,1
1941,mcculcl01,Clyde McCullough,24,CHC,NL,125,463,418,41,95,9,2,9,53,5,4,34,67,.227,.289,.323,.612,75,135,11,2,8,,3,*2
1941,mcgeebi01,Bill McGee,31,TOT,NL,26,37,35,0,5,0,0,0,3,0,0,0,7,.143,.143,.143,.286,-20,5,2,0,2,,0,1
1941,mcgeebi01,Bill McGee,31,STL,NL,4,5,4,0,0,0,0,0,0,0,0,0,2,.000,.000,.000,.000,-100,0,0,0,1,,0,/1
1941,mcgeebi01,Bill McGee,31,NYG,NL,22,32,31,0,5,0,0,0,3,0,0,0,5,.161,.161,.161,.323,-10,5,2,0,1,,0,1
1941,mckaiar01,Archie McKain,30,TOT,AL,23,14,13,1,0,0,0,0,0,0,0,1,7,.000,.071,.000,.071,-80,0,0,0,0,,0,1
1941,mckaiar01,Archie McKain,30,DET,AL,15,12,11,1,0,0,0,0,0,0,0,1,5,.000,.083,.000,.083,-77,0,0,0,0,,0,1
1941,mckaiar01,Archie McKain,30,SLB,AL,8,2,2,0,0,0,0,0,0,0,0,0,2,.000,.000,.000,.000,-100,0,0,0,0,,0,/1
1941,mcnaier01,Eric McNair,32,DET,AL,23,64,59,5,11,1,0,0,3,0,0,4,4,.186,.250,.203,.453,16,12,5,1,0,,0,5/6
1941,mcquigl01,Glenn McQuillen,26,SLB,AL,7,22,21,4,7,2,1,0,3,0,1,1,2,.333,.364,.524,.887,129,11,1,0,0,,0,/79
1941,mcquige02,George McQuinn,31,SLB,AL,130,574,495,93,147,28,4,18,80,5,4,74,30,.297,.388,.479,.867,125,237,10,0,5,,2,*3
1941,medwijo01,Joe Medwick,29,BRO,NL,133,579,538,100,171,33,10,18,88,2,3,38,35,.318,.364,.517,.881,141,278,20,1,2,,7,*7
1941,meersru01,Russ Meers,22,CHC,NL,1,2,2,0,0,0,0,0,0,0,0,0,1,.000,.000,.000,.000,-100,0,0,0,0,,0,/1
1941,meltocl01,Cliff Melton,29,NYG,NL,42,71,61,2,7,0,0,0,4,0,0,2,16,.115,.143,.115,.258,-27,7,1,0,8,,0,1
1941,meltoru01,Rube Melton,24,PHI,NL,25,21,19,0,2,0,0,0,1,0,0,0,11,.105,.105,.105,.211,-39,2,0,0,2,,0,1
1941,merulle01,Lennie Merullo,24,CHC,NL,7,19,17,3,6,1,0,0,1,1,0,2,0,.353,.421,.412,.833,139,7,0,0,0,,0,/6
1941,mesnest01,Steve Mesner,23,STL,NL,24,76,69,8,10,1,0,0,10,0,2,5,6,.145,.203,.159,.362,0,11,1,0,2,,0,5
1941,meyerdu01,Dutch Meyer,25,DET,AL,46,161,153,12,29,9,1,1,14,1,1,8,13,.190,.230,.281,.511,29,43,3,0,0,,1,4
1941,milesde01,Dee Miles,32,PHA,AL,80,176,170,14,53,7,1,0,15,0,1,4,8,.312,.331,.365,.696,86,62,4,1,1,,0,7/98
1941,milleed03,Eddie Miller,24,BSN,NL,154,630,585,54,140,27,3,6,68,8,4,35,72,.239,.288,.326,.614,77,191,12,5,5,,1,*6
1941,millero02,Ronny Miller,22,WSH,AL,1,0,0,0,0,0,0,0,0,0,0,0,0,,,,,,0,0,0,0,,0,/1
1941,milliwa01,Wally Millies,34,PHI,NL,1,2,2,0,0,0,0,0,0,0,0,0,0,.000,.000,.000,.000,-100,0,0,0,0,,0,/2
1941,milnaal01,Al Milnar,27,CLE,AL,35,88,82,9,14,2,0,2,6,1,0,5,25,.171,.218,.268,.487,31,22,1,0,1,,0,1
1941,mizejo01,Johnny Mize,28,STL,NL,126,547,473,67,150,39,8,16,100,4,1,70,45,.317,.406,.535,.941,156,253,8,1,3,,16,*3
1941,montgal01,Al Montgomery,20,BSN,NL,42,63,52,4,10,1,0,0,4,0,0,9,8,.192,.323,.212,.534,56,11,2,1,1,,3,2
1941,moorege03,Gene Moore,31,BSN,NL,129,447,397,42,108,17,8,5,43,5,3,45,37,.272,.349,.393,.742,114,156,6,2,3,,4,*98/7
1941,moorejo02,Jo-Jo Moore,32,NYG,NL,121,468,428,47,117,16,2,7,40,4,7,30,15,.273,.322,.369,.692,93,158,5,1,9,,4,*7/98
1941,moorete01,Terry Moore,29,STL,NL,122,557,493,86,145,26,4,6,68,3,4,52,31,.294,.364,.400,.763,109,197,8,2,9,,3,*8/9
1941,moorewh01,Whitey Moore,29,CIN,NL,23,18,18,0,3,0,0,0,1,0,0,0,2,.167,.167,.167,.333,-6,3,2,0,0,,0,1
1941,mootyja01,Jake Mooty,29,CHC,NL,33,55,50,5,10,1,0,0,1,0,0,2,7,.200,.231,.220,.451,30,11,2,0,3,,0,1
1941,moseswa01,Wally Moses,30,PHA,AL,116,507,438,78,132,31,4,4,35,3,3,62,27,.301,.388,.418,.806,116,183,6,0,9,,3,*9
1941,muellhe02,Heinie Mueller,28,PHI,NL,93,261,233,21,53,11,1,1,22,2,2,22,24,.227,.302,.296,.598,73,69,5,3,2,,1,495
1941,muellle01,Les Mueller,22,DET,AL,4,3,3,0,0,0,0,0,0,0,0,0,3,.000,.000,.000,.000,-100,0,0,0,0,,0,/1
1941,mullidi01,Dick Mulligan,23,WSH,AL,1,3,3,0,0,0,0,0,0,0,0,0,0,.000,.000,.000,.000,-100,0,0,0,0,,0,/1
1941,mullipa01,Pat Mullin,23,DET,AL,54,241,220,42,76,11,5,5,23,5,1,18,18,.345,.400,.509,.909,130,112,2,2,1,,0,8
1941,muncrbo01,Bob Muncrief,25,SLB,AL,36,84,76,8,18,1,1,0,5,0,1,3,14,.237,.266,.276,.542,42,21,2,0,5,,0,1
1941,mungova01,Van Mungo,30,BRO,NL,2,0,0,0,0,0,0,0,0,0,0,0,0,,,,,,0,0,0,0,,0,/1
1941,murphjo04,Johnny Murphy,32,NYY,AL,35,22,18,1,1,0,0,0,0,0,0,1,8,.056,.105,.056,.161,-56,1,1,0,3,,0,1
1941,murtada01,Danny Murtaugh,23,PHI,NL,85,375,347,34,76,8,1,0,11,18,13,26,31,.219,.275,.248,.523,51,86,3,1,1,,0,4/6
1941,musiast01,Stan Musial,20,STL,NL,12,49,47,8,20,4,0,1,7,1,0,2,1,.426,.449,.574,1.023,179,27,0,0,0,,0,/97
1941,myerbu01,Buddy Myer,37,WSH,AL,53,125,107,14,27,3,1,0,9,2,0,18,10,.252,.360,.299,.659,80,32,3,0,0,,0,4
1941,myersbi01,Billy Myers,30,CHC,NL,24,74,63,10,14,1,0,1,4,1,1,7,25,.222,.310,.286,.596,71,18,1,1,3,,0,6/4
1941,nagelbi01,Bill Nagel,25,PHI,NL,17,60,56,2,8,1,1,0,6,0,0,3,14,.143,.186,.196,.383,10,11,1,0,1,,0,4/75
1941,nahemsa01,Sam Nahem,25,STL,NL,26,29,23,1,4,0,0,0,0,0,0,0,5,.174,.174,.174,.348,-5,4,1,0,6,,0,1
1941,newhoha01,Hal Newhouser,20,DET,AL,33,68,60,3,9,0,0,0,2,1,0,3,8,.150,.190,.150,.340,-12,9,2,0,5,,0,1
1941,newlima01,Maury Newlin,27,SLB,AL,14,6,6,0,0,0,0,0,0,0,0,0,3,.000,.000,.000,.000,-100,0,1,0,0,,0,1
1941,newsobo01,Bobo Newsom,33,DET,AL,43,96,88,3,9,0,0,0,3,0,0,2,20,.102,.132,.102,.234,-40,9,3,1,5,,0,1
1941,newsodi01,Dick Newsome,31,BOS,AL,36,86,78,3,19,3,0,0,8,0,0,2,22,.244,.263,.282,.545,43,22,0,0,6,,0,1
1941,newsosk01,Skeeter Newsome,30,BOS,AL,93,261,227,28,51,6,0,2,17,10,4,22,11,.225,.296,.278,.574,51,63,5,1,13,,1,64
1941,nichobi01,Bill Nicholson,26,CHC,NL,147,617,532,74,135,26,1,26,98,1,2,82,91,.254,.357,.453,.810,131,241,8,3,0,,7,*9/7
1941,niggejo01,Johnny Niggeling,37,SLB,AL,24,67,60,1,10,0,0,0,6,0,0,3,16,.167,.206,.167,.373,-2,10,4,0,4,,0,1
1941,noviklo01,Lou Novikoff,25,CHC,NL,62,216,203,22,49,8,0,5,24,0,0,11,15,.241,.284,.355,.638,82,72,7,1,1,,2,7/9
1941,o'deake01,Ken O'Dea,28,NYG,NL,59,98,89,13,19,5,1,3,17,0,0,8,20,.213,.278,.393,.672,86,35,2,0,1,,0,2
1941,olsenba01,Barney Olsen,21,CHC,NL,24,78,73,13,21,6,1,1,4,0,0,4,11,.288,.325,.438,.763,117,32,1,0,1,,0,8
1941,olsenve01,Vern Olsen,23,CHC,NL,37,67,63,7,15,2,0,1,5,0,0,2,10,.238,.262,.317,.579,65,20,1,0,2,,0,1
1941,orengjo01,Joe Orengo,26,NYG,NL,77,284,252,23,54,11,2,4,25,1,4,28,49,.214,.298,.321,.619,73,81,7,2,2,,1,5/64
1941,ortizro01,Roberto Ortiz,26,WSH,AL,22,82,79,10,26,1,2,1,17,0,1,3,10,.329,.354,.430,.784,111,34,2,0,0,,0,9
1941,osterfr01,Fritz Ostermueller,33,SLB,AL,16,17,14,1,3,0,0,0,0,0,0,1,0,.214,.267,.214,.481,27,3,1,0,2,,0,1
1941,ottme01,Mel Ott,32,NYG,NL,148,634,525,89,150,29,0,27,90,5,7,100,68,.286,.403,.495,.898,150,260,2,3,6,,4,*9/7
1941,owenmi01,Mickey Owen,25,BRO,NL,128,437,386,32,89,15,2,1,44,1,5,34,14,.231,.296,.288,.584,62,111,13,2,15,,6,*2
1941,padgedo01,Don Padgett,29,STL,NL,107,347,324,39,80,18,0,5,44,0,0,21,16,.247,.293,.349,.642,75,113,8,0,1,,1,72/93
1941,pageva01,Vance Page,35,CHC,NL,25,10,7,0,2,0,0,0,0,0,0,1,1,.286,.375,.286,.661,91,2,0,0,1,,0,1
1941,passecl01,Claude Passeau,32,CHC,NL,34,92,86,6,19,2,0,3,12,0,0,2,22,.221,.239,.349,.587,67,30,1,0,4,,0,1
1941,patribo01,Bob Patrick,23,DET,AL,5,7,7,2,2,0,0,0,0,0,0,0,1,.286,.286,.286,.571,46,2,0,0,0,,0,/7
1941,peacojo01,Johnny Peacock,31,BOS,AL,79,281,261,28,74,20,1,0,27,2,1,21,3,.284,.339,.368,.707,85,96,4,1,3,,4,2
1941,pearsik01,Ike Pearson,24,PHI,NL,46,40,40,0,5,0,0,0,1,0,0,0,7,.125,.125,.125,.250,-28,5,0,0,0,,0,1
1941,pearsmo01,Monte Pearson,32,CIN,NL,8,6,5,0,0,0,0,0,0,0,0,0,2,.000,.000,.000,.000,-100,0,0,0,1,,0,/1
1941,peekst01,Steve Peek,26,NYY,AL,17,30,28,0,1,0,0,0,2,0,0,1,15,.036,.069,.036,.105,-72,1,0,0,1,,0,1
1941,perrybo01,Boyd Perry,27,DET,AL,36,93,83,9,15,5,0,0,11,1,0,10,9,.181,.269,.241,.510,30,20,3,0,0,,0,64
1941,peterru02,Rusty Peters,26,CLE,AL,29,70,63,6,13,2,0,0,2,0,1,7,10,.206,.286,.238,.524,43,15,1,0,0,,0,6/54
1941,pfistge01,George Pfister,22,BRO,NL,1,2,2,0,0,0,0,0,0,0,0,0,0,.000,.000,.000,.000,-100,0,0,0,0,,0,/2
1941,phelpba01,Babe Phelps,33,BRO,NL,16,31,30,3,7,3,0,2,4,0,0,1,2,.233,.258,.533,.791,115,16,0,0,0,,0,2
1941,phillda01,Dave Philley,21,CHW,AL,7,12,9,4,2,1,0,0,0,0,0,3,3,.222,.417,.333,.750,101,3,0,0,0,,0,/7
1941,piechal01,Al Piechota,27,BSN,NL,1,0,0,0,0,0,0,0,0,0,0,0,0,,,,,,0,0,0,0,,0,/1
1941,podgajo01,Johnny Podgajny,21,PHI,NL,35,66,62,1,8,2,0,0,3,0,0,1,14,.129,.143,.161,.304,-13,10,2,0,3,,0,1
1941,pofahji01,Jimmy Pofahl,24,WSH,AL,22,85,75,9,14,3,2,0,6,1,0,10,11,.187,.282,.280,.562,52,21,1,0,0,,0,6
1941,polleho01,Howie Pollet,20,STL,NL,9,30,28,0,5,1,0,0,3,0,0,1,12,.179,.207,.214,.421,15,6,0,0,1,,0,/1
1941,poolera01,Ray Poole,21,PHA,AL,2,2,2,0,0,0,0,0,0,0,0,0,1,.000,.000,.000,.000,-100,0,0,0,0,,0,
1941,posedbi01,Bill Posedel,34,BSN,NL,18,26,25,1,8,2,0,0,3,0,0,0,1,.320,.320,.400,.720,107,10,1,0,1,,0,1
1941,pottene01,Nels Potter,29,TOT,AL,20,12,9,1,1,0,0,0,2,0,0,2,5,.111,.273,.111,.384,5,1,0,0,1,,0,1
1941,pottene01,Nels Potter,29,PHA,AL,10,8,6,1,1,0,0,0,2,0,0,1,2,.167,.286,.167,.452,24,1,0,0,1,,0,1
1941,pottene01,Nels Potter,29,BOS,AL,10,4,3,0,0,0,0,0,0,0,0,1,3,.000,.250,.000,.250,-30,0,0,0,0,,0,1
1941,preibme01,Mel Preibisch,26,BSN,NL,5,5,4,0,0,0,0,0,0,0,0,1,2,.000,.200,.000,.200,-39,0,0,0,0,,0,/879
1941,pressto01,Tot Pressnell,34,CHC,NL,29,17,15,1,3,0,0,0,0,0,0,1,1,.200,.250,.200,.450,30,3,0,0,1,,0,1
1941,priddje01,Jerry Priddy,21,NYY,AL,56,194,174,18,37,7,0,1,26,4,2,18,16,.213,.290,.270,.560,50,47,6,1,1,,2,453
1941,pytlafr01,Frankie Pytlak,32,BOS,AL,106,376,336,36,91,23,1,2,39,5,7,28,19,.271,.329,.363,.692,81,122,6,1,6,,7,2
1941,quinnwi01,Wimpy Quinn,23,CHC,NL,3,2,2,0,1,0,0,0,0,0,0,0,0,.500,.500,.500,1.000,187,1,0,0,0,,0,/1
1941,radclri01,Rip Radcliff,35,TOT,AL,115,485,450,59,140,16,7,5,54,5,5,29,14,.311,.354,.411,.765,95,185,8,1,5,,4,7/39
1941,radclri01,Rip Radcliff,35,SLB,AL,19,81,71,12,20,2,2,2,14,1,1,10,1,.282,.370,.451,.821,114,32,1,0,0,,3,7/3
1941,radclri01,Rip Radcliff,35,DET,AL,96,404,379,47,120,14,5,3,40,4,4,19,13,.317,.351,.404,.755,91,153,7,1,5,,1,7/9
1941,raffeke01,Ken Raffensberger,23,CHC,NL,10,5,5,0,0,0,0,0,0,0,0,0,2,.000,.000,.000,.000,-100,0,0,0,1,,0,1
1941,reesepe01,Pee Wee Reese,22,BRO,NL,152,674,595,76,136,23,5,2,46,10,6,68,56,.229,.311,.294,.605,68,175,6,3,8,,1,*6
1941,reisepe01,Pete Reiser,22,BRO,NL,137,601,536,117,184,39,17,14,76,4,5,46,71,.343,.406,.558,.964,164,299,6,11,8,,2,*8/9
1941,richwo01,Woody Rich,25,BOS,AL,2,0,0,0,0,0,0,0,0,0,0,0,0,,,,,,0,0,0,0,,0,/1
1941,richmdo01,Don Richmond,21,PHA,AL,9,37,35,3,7,1,1,0,5,0,2,0,1,.200,.200,.286,.486,29,10,1,0,2,,0,/5
1941,riddlel01,Elmer Riddle,26,CIN,NL,33,83,71,10,16,4,0,0,9,0,0,3,11,.225,.257,.282,.538,52,20,1,0,9,,0,1
1941,riddljo02,Johnny Riddle,35,CIN,NL,10,10,10,2,3,0,0,0,0,0,0,0,1,.300,.300,.300,.600,69,3,0,0,0,,0,2
1941,riggsle01,Lew Riggs,31,BRO,NL,77,220,197,27,60,13,4,5,36,1,3,16,12,.305,.357,.487,.844,131,96,2,0,7,,0,5/34
1941,rignejo01,Johnny Rigney,26,CHW,AL,30,92,84,8,17,1,1,0,5,0,1,6,27,.202,.256,.238,.494,32,20,4,0,2,,0,1
1941,rikarcu01,Culley Rikard,27,PIT,NL,6,21,20,1,4,1,0,0,0,0,1,1,1,.200,.238,.250,.488,38,5,0,0,0,,0,/87
1941,ripplji01,Jimmy Ripple,31,CIN,NL,38,114,102,10,22,6,1,1,9,0,0,9,4,.216,.279,.324,.603,69,33,0,0,3,,0,9/7
1941,rizzojo01,Johnny Rizzo,28,PHI,NL,99,265,235,20,51,9,2,4,24,1,2,24,34,.217,.295,.323,.618,78,76,8,2,4,,2,9/875
1941,rizzuph01,Phil Rizzuto,23,NYY,AL,133,548,515,65,158,20,9,3,46,14,5,27,36,.307,.343,.398,.741,96,205,13,1,5,,3,*6
1941,robersk02,Skippy Roberge,24,BSN,NL,55,181,167,12,36,6,0,0,15,0,2,9,18,.216,.256,.251,.507,47,42,0,0,3,,2,4/56
1941,robersh01,Sherry Robertson,22,WSH,AL,1,3,3,0,0,0,0,0,0,0,0,0,3,.000,.000,.000,.000,-100,0,0,0,0,,0,/5
1941,rolfere01,Red Rolfe,32,NYY,AL,136,621,561,106,148,22,5,8,42,3,2,57,38,.264,.332,.364,.695,85,204,3,0,3,,0,*5
1941,rootch01,Charlie Root,42,CHC,NL,19,42,33,4,5,1,0,1,4,0,0,5,10,.152,.263,.273,.536,54,9,1,0,4,,0,1
1941,rosarbu01,Buddy Rosar,26,NYY,AL,67,233,209,25,60,17,2,1,36,0,0,22,10,.287,.355,.402,.757,101,84,8,0,2,,2,2
1941,rosenla01,Larry Rosenthal,31,TOT,AL,65,157,134,19,28,7,1,1,9,1,0,21,15,.209,.316,.299,.615,65,40,4,0,2,,0,98/73
1941,rosenla01,Larry Rosenthal,31,CHW,AL,20,71,59,9,14,4,0,0,1,0,0,12,5,.237,.366,.305,.671,80,18,3,0,0,,0,9/8
1941,rosenla01,Larry Rosenthal,31,CLE,AL,45,86,75,10,14,3,1,1,8,1,0,9,10,.187,.274,.293,.567,53,22,1,0,2,,0,/8739
1941,rossbu02,Buck Ross,26,TOT,AL,21,39,33,2,7,1,0,0,2,0,0,2,6,.212,.257,.242,.500,33,8,0,0,4,,0,1
1941,rossbu02,Buck Ross,26,PHA,AL,1,1,1,0,0,0,0,0,0,0,0,0,1,.000,.000,.000,.000,-100,0,0,0,0,,0,/1
1941,rossbu02,Buck Ross,26,CHW,AL,20,38,32,2,7,1,0,0,2,0,0,2,5,.219,.265,.250,.515,37,8,0,0,4,,0,1
1941,rossch01,Chet Ross,24,BSN,NL,29,59,50,1,6,1,0,0,4,0,0,9,17,.120,.254,.140,.394,16,7,2,0,0,,1,7
1941,rowesc01,Schoolboy Rowe,31,DET,AL,32,61,55,10,15,0,3,1,12,0,0,5,8,.273,.333,.436,.770,94,24,1,0,1,,0,1
1941,rowelba01,Bama Rowell,25,BSN,NL,138,523,483,49,129,23,6,7,60,11,10,39,36,.267,.322,.383,.705,103,185,6,0,2,,10,*4/7958
1941,rubelal01,Al Rubeling,28,PHA,AL,6,21,19,0,5,0,0,0,2,0,0,2,1,.263,.333,.263,.596,61,5,0,0,0,,0,/5
1941,ruckejo01,Johnny Rucker,24,NYG,NL,143,659,622,95,179,38,9,1,42,8,6,29,61,.288,.320,.383,.702,96,238,7,0,8,,0,*8
1941,ruffire01,Red Ruffing,36,NYY,AL,38,94,89,10,27,8,1,2,22,0,0,4,12,.303,.333,.483,.816,115,43,2,0,1,,0,1
1941,russeri01,Rip Russell,26,CHC,NL,6,19,17,1,5,1,0,0,1,0,1,1,5,.294,.333,.353,.686,97,6,0,0,1,,0,/3
1941,russoma01,Marius Russo,26,NYY,AL,28,86,78,5,18,2,0,0,7,0,0,3,11,.231,.259,.256,.516,37,20,1,0,5,,0,1
1941,rybami01,Mike Ryba,38,BOS,AL,40,43,37,2,8,2,0,0,4,0,0,2,2,.216,.256,.270,.527,38,10,0,0,4,,0,1
1941,salvoma01,Manny Salvo,29,BSN,NL,35,72,62,3,7,1,0,0,3,0,0,10,24,.113,.236,.129,.365,7,8,2,0,0,,0,1
1941,sanfoja01,Jack Sanford,24,WSH,AL,3,6,5,1,2,0,1,0,0,0,0,1,1,.400,.500,.800,1.300,246,4,0,0,0,,0,/3
1941,sauerha01,Hank Sauer,24,CIN,NL,9,34,33,4,10,4,0,0,5,0,0,1,4,.303,.324,.424,.748,109,14,1,0,0,,0,/7
1941,schefbo01,Bob Scheffing,27,CHC,NL,51,138,132,9,32,8,0,1,20,2,0,5,19,.242,.270,.326,.596,70,43,5,0,1,,0,2
1941,schmijo01,Johnny Schmitz,20,CHC,NL,6,8,7,1,4,0,0,0,2,0,0,0,0,.571,.571,.571,1.143,228,4,1,0,1,,0,/1
1941,schuljo05,Joe Schultz,22,PIT,NL,2,2,2,1,1,0,0,0,0,0,0,0,0,.500,.500,.500,1.000,182,1,0,0,0,,0,/2
1941,schumha02,Hal Schumacher,30,NYG,NL,38,76,66,6,10,1,0,0,4,0,0,6,13,.152,.222,.167,.389,10,11,0,0,4,,0,1/8
1941,selkige01,George Selkirk,33,NYY,AL,70,195,164,30,36,5,0,6,25,1,0,28,30,.220,.340,.360,.700,86,59,3,2,1,,2,97
1941,sessiwa01,Walter Sessi,22,STL,NL,5,14,13,2,0,0,0,0,0,0,0,1,2,.000,.071,.000,.071,-79,0,1,0,0,,0,/9
1941,sewelri01,Rip Sewell,34,PIT,NL,42,99,92,12,16,2,0,1,5,0,0,3,15,.174,.200,.228,.428,20,21,4,0,4,,0,1
1941,shirlte01,Tex Shirley,23,PHA,AL,5,1,1,0,0,0,0,0,0,0,0,0,0,.000,.000,.000,.000,-100,0,0,0,0,,0,/1
1941,shokeed01,Eddie Shokes,21,CIN,NL,1,1,1,0,0,0,0,0,0,0,0,0,1,.000,.000,.000,.000,-100,0,0,0,0,,0,
1941,shortda01,Dave Short,24,CHW,AL,3,10,8,0,0,0,0,0,0,0,0,2,1,.000,.200,.000,.200,-43,0,0,0,0,,0,/7
1941,shouncl01,Clyde Shoun,29,STL,NL,26,26,22,2,4,0,1,0,0,0,0,1,2,.182,.217,.273,.490,34,6,1,0,3,,0,1
1941,siebedi01,Dick Siebert,29,PHA,AL,123,513,467,63,156,28,8,5,79,1,3,37,22,.334,.385,.460,.846,126,215,12,2,7,,5,*3
1941,silveke01,Ken Silvestri,25,NYY,AL,17,47,40,6,10,5,0,1,4,0,0,7,6,.250,.362,.450,.812,114,18,1,0,0,,0,2
1941,simmoal01,Al Simmons,39,PHA,AL,9,25,24,1,3,1,0,0,1,0,0,1,2,.125,.160,.167,.327,-12,4,2,0,0,,0,/7
1941,sistisi01,Sibby Sisti,20,BSN,NL,140,588,541,72,140,24,3,1,45,7,5,38,76,.259,.309,.320,.628,82,173,8,1,8,,1,*5/46
1941,slaugen01,Enos Slaughter,25,STL,NL,113,484,425,71,132,22,9,13,76,4,7,53,28,.311,.390,.496,.886,141,211,5,2,4,,14,*9
1941,smithal03,Al Smith,33,CLE,AL,30,83,71,8,11,1,0,1,3,0,0,11,20,.155,.268,.211,.480,31,15,0,0,1,,0,1
1941,smithed04,Eddie Smith,27,CHW,AL,34,100,88,6,19,4,0,0,3,0,0,8,19,.216,.281,.261,.543,45,23,3,0,4,,0,1
1941,smithvi01,Vinnie Smith,25,PIT,NL,9,34,33,3,10,1,0,0,5,0,0,1,5,.303,.324,.333,.657,85,11,3,0,0,,0,/2
1941,soltemo01,Moose Solters,35,CHW,AL,76,270,251,24,65,9,4,4,43,3,2,18,31,.259,.311,.375,.686,81,94,8,1,1,,4,7/9
1941,spencst01,Stan Spence,26,BOS,AL,86,227,203,22,47,10,3,2,28,1,0,18,14,.232,.304,.340,.643,69,69,3,3,3,,0,798/3
1941,staintu01,Tuck Stainback,29,DET,AL,94,211,200,19,49,8,1,2,10,6,3,3,21,.245,.260,.325,.585,48,65,0,1,7,,0,79/8
1941,stancch01,Charley Stanceu,25,NYY,AL,22,12,12,0,0,0,0,0,0,0,0,0,5,.000,.000,.000,.000,-100,0,1,0,0,,0,1
1941,starrra01,Ray Starr,35,CIN,NL,7,14,11,1,2,0,0,0,1,0,0,0,7,.182,.182,.182,.364,3,2,1,0,4,,0,/1
1941,stephve01,Vern Stephens,20,SLB,AL,3,2,2,0,1,0,0,0,0,0,0,0,0,.500,.500,.500,1.000,162,1,0,0,0,,0,/6
1941,stevech01,Chuck Stevens,22,SLB,AL,4,13,13,2,2,0,0,0,2,0,0,0,1,.154,.154,.154,.308,-19,2,0,0,0,,0,/3
1941,stewabu01,Bud Stewart,25,PIT,NL,73,187,172,27,46,7,0,0,10,3,4,12,17,.267,.315,.308,.623,76,53,1,0,3,,0,97/8
1941,stranal01,Alan Strange,34,SLB,AL,45,131,112,14,26,4,0,0,11,1,0,15,5,.232,.323,.268,.591,56,30,6,0,4,,1,6/35
1941,strinni01,Nick Strincevich,26,TOT,NL,15,7,7,1,3,0,0,0,0,0,0,0,1,.429,.429,.429,.857,142,3,0,0,0,,0,1
1941,strinni01,Nick Strincevich,26,BSN,NL,3,0,0,0,0,0,0,0,0,0,0,0,0,,,,,,0,0,0,0,,0,/1
1941,strinni01,Nick Strincevich,26,PIT,NL,12,7,7,1,3,0,0,0,0,0,0,0,1,.429,.429,.429,.857,142,3,0,0,0,,0,1
1941,strinlo01,Lou Stringer,24,CHC,NL,145,581,512,59,126,31,4,5,53,3,6,59,86,.246,.324,.352,.676,94,180,5,0,10,,2,*4/6
1941,sturgbo01,Bobby Sturgeon,21,CHC,NL,129,453,433,45,106,15,3,0,25,5,1,9,30,.245,.260,.293,.553,58,127,10,0,11,,0,*6/45
1941,sturmjo01,Johnny Sturm,25,NYY,AL,124,568,524,58,125,17,3,3,36,3,5,37,50,.239,.293,.300,.592,58,157,10,3,4,,2,*3
1941,suderpe01,Pete Suder,25,PHA,AL,139,558,531,45,130,20,9,4,52,1,3,19,47,.245,.271,.339,.610,62,180,23,0,8,,1,*5/6
1941,sullibi04,Billy Sullivan,30,DET,AL,85,269,234,29,66,15,1,3,29,0,3,35,11,.282,.375,.393,.769,96,92,5,0,0,,4,2
1941,sullijo05,Joe Sullivan,30,TOT,NL,32,26,26,0,5,0,0,0,2,0,0,1,5,.192,.222,.192,.415,19,5,0,0,0,,0,1
1941,sullijo05,Joe Sullivan,30,BSN,NL,16,15,15,0,1,0,0,0,0,0,0,1,4,.067,.125,.067,.192,-44,1,0,0,0,,0,1
1941,sullijo05,Joe Sullivan,30,PIT,NL,16,11,11,0,4,0,0,0,2,0,0,0,1,.364,.364,.364,.727,105,4,0,0,0,,0,1
1941,sundrst01,Steve Sundra,31,WSH,AL,28,70,60,6,13,1,0,0,2,0,0,6,16,.217,.288,.233,.521,42,14,1,0,4,,0,1
1941,sunketo01,Tom Sunkel,28,NYG,NL,2,6,6,1,2,0,0,0,0,0,0,0,3,.333,.333,.333,.667,87,2,0,0,0,,0,/1
1941,suscege01,George Susce,33,CLE,AL,1,0,0,0,0,0,0,0,0,0,0,0,0,,,,,,0,0,0,0,,0,/2
1941,swiftbi01,Bill Swift,33,BRO,NL,9,5,5,0,1,0,0,0,0,0,0,0,0,.200,.200,.200,.400,11,1,0,0,0,,0,/1
1941,swiftbo01,Bob Swift,26,SLB,AL,63,195,170,13,44,7,0,0,21,2,0,22,11,.259,.344,.300,.644,69,51,5,0,3,,2,2
1941,taborji01,Jim Tabor,24,BOS,AL,126,539,498,65,139,29,3,16,101,17,9,36,48,.279,.328,.446,.773,101,222,17,0,5,,3,*5
1941,tamulvi01,Vito Tamulis,29,TOT,NL,18,7,7,0,0,0,0,0,0,0,0,0,1,.000,.000,.000,.000,-100,0,0,0,0,,0,1
1941,tamulvi01,Vito Tamulis,29,PHI,NL,6,2,2,0,0,0,0,0,0,0,0,0,0,.000,.000,.000,.000,-100,0,0,0,0,,0,/1
1941,tamulvi01,Vito Tamulis,29,BRO,NL,12,5,5,0,0,0,0,0,0,0,0,0,1,.000,.000,.000,.000,-100,0,0,0,0,,0,1
1941,tatumto01,Tommy Tatum,21,BRO,NL,8,13,12,1,2,1,0,0,1,0,0,1,3,.167,.231,.250,.481,33,3,0,0,0,,0,/87
1941,tebbebi01,Birdie Tebbetts,28,DET,AL,110,400,359,28,102,19,4,2,47,1,2,38,29,.284,.354,.376,.730,86,135,7,1,2,,4,2
1941,thomabu01,Bud Thomas,30,DET,AL,26,20,19,0,2,1,0,0,0,0,0,0,4,.105,.105,.158,.263,-34,3,0,0,1,,0,1
1941,thompju01,Gene Thompson,24,CIN,NL,27,37,30,2,7,3,0,0,2,0,0,0,6,.233,.233,.333,.567,58,10,0,0,7,,0,1
1941,tiptoer01,Eric Tipton,26,PHA,AL,1,4,4,0,2,0,0,0,0,0,0,0,0,.500,.500,.500,1.000,168,2,0,0,0,,0,/7
1941,tobinji01,Jim Tobin,28,BSN,NL,43,112,103,6,19,5,0,0,9,1,0,10,31,.184,.257,.233,.490,42,24,4,0,0,,1,1
1941,tobinpa01,Pat Tobin,25,PHA,AL,1,0,0,0,0,0,0,0,0,0,0,0,0,,,,,,0,0,0,0,,0,/1
1941,toddal01,Al Todd,39,CHC,NL,6,6,6,1,1,0,0,0,0,0,0,0,1,.167,.167,.167,.333,-4,1,0,0,0,,0,
1941,travice01,Cecil Travis,27,WSH,AL,152,663,608,106,218,39,19,7,101,2,2,52,25,.359,.410,.520,.930,150,316,13,1,2,,7,*65
1941,treshmi01,Mike Tresh,27,CHW,AL,115,433,390,38,98,10,1,0,33,1,0,38,27,.251,.319,.282,.601,61,110,13,1,4,,12,*2
1941,triplco01,Coaker Triplett,29,STL,NL,76,207,185,29,53,6,3,3,21,0,0,18,27,.286,.350,.400,.750,105,74,6,0,3,,3,7/9
1941,troskha01,Hal Trosky,28,CLE,AL,89,356,310,43,91,17,0,11,51,1,2,44,21,.294,.383,.455,.838,126,141,6,1,0,,5,3
1941,trottbi01,Bill Trotter,32,SLB,AL,29,8,6,0,0,0,0,0,0,0,0,1,6,.000,.143,.000,.143,-60,0,0,0,1,,0,1
1941,troutdi01,Dizzy Trout,26,DET,AL,40,54,50,5,9,1,1,0,5,0,0,4,10,.180,.241,.240,.481,23,12,1,0,0,,0,1
1941,truckvi01,Virgil Trucks,24,DET,AL,1,0,0,0,0,0,0,0,0,0,0,0,0,,,,,,0,0,0,0,,0,/1
1941,turneji01,Jim Turner,37,CIN,NL,23,44,41,2,6,2,0,0,2,0,0,1,5,.146,.167,.195,.362,2,8,0,0,2,,0,1
1941,turneto01,Tom Turner,24,CHW,AL,38,135,126,7,30,5,0,0,8,2,0,9,15,.238,.289,.278,.567,51,35,3,0,0,,1,2
1941,valoel01,Elmer Valo,20,PHA,AL,15,54,50,13,21,0,1,2,6,0,0,4,2,.420,.463,.580,1.043,178,29,1,0,0,,0,7
1941,vanroma01,Maurice Van Robays,26,PIT,NL,129,504,457,62,129,23,5,4,78,0,3,41,29,.282,.343,.381,.723,104,174,18,1,5,,3,*7
1941,vandejo01,Johnny Vander Meer,26,CIN,NL,35,87,76,6,10,1,0,0,4,0,0,2,18,.132,.154,.145,.299,-16,11,1,0,9,,0,1
1941,vaughar01,Arky Vaughan,29,PIT,NL,106,438,374,69,118,20,7,6,38,8,3,50,13,.316,.399,.455,.854,140,170,3,2,11,,6,6/5
1941,vaughpo01,Porter Vaughan,22,PHA,AL,5,7,7,1,1,0,0,0,0,0,0,0,3,.143,.143,.143,.286,-23,1,0,0,0,,0,/1
1941,vernomi01,Mickey Vernon,23,WSH,AL,138,581,531,73,159,27,11,9,93,9,3,43,51,.299,.352,.443,.794,113,235,12,0,7,,3,*3
1941,vosmijo01,Joe Vosmik,31,BRO,NL,25,61,56,0,11,0,0,0,4,0,0,4,4,.196,.250,.196,.446,24,11,2,0,1,,0,9/7
1941,wagnech01,Charlie Wagner,28,BOS,AL,29,76,63,5,10,1,0,0,3,0,0,3,22,.159,.197,.175,.372,-2,11,1,0,10,,0,1
1941,wagneha01,Hal Wagner,25,PHA,AL,46,150,131,18,29,8,2,1,15,1,0,19,9,.221,.320,.336,.656,76,44,1,0,0,,0,2
1941,waitked01,Eddie Waitkus,21,CHC,NL,12,29,28,1,5,0,0,0,0,0,1,0,3,.179,.207,.179,.385,11,5,1,1,0,,0,/3
1941,wakefdi01,Dick Wakefield,20,DET,AL,7,7,7,0,1,0,0,0,0,0,0,0,1,.143,.143,.143,.286,-27,1,0,0,0,,0,/9
1941,walkedi02,Dixie Walker,30,BRO,NL,148,606,531,88,165,32,8,9,71,4,6,70,18,.311,.391,.452,.843,132,240,6,0,5,,8,*987
1941,walkege02,Gee Walker,33,CLE,AL,121,472,445,56,126,26,11,6,48,12,6,18,46,.283,.313,.431,.744,99,192,15,1,8,,4,*7/89
1941,walkeha01,Harry Walker,22,STL,NL,7,17,15,3,4,1,0,0,1,0,0,2,1,.267,.353,.333,.686,89,5,0,0,0,,0,/7
1941,waltebu01,Bucky Walters,32,CIN,NL,39,117,106,6,20,6,0,0,9,0,0,7,13,.189,.239,.245,.484,37,26,3,0,4,,0,1
1941,wanerll01,Lloyd Waner,35,TOT,NL,77,234,219,26,64,5,1,0,11,1,1,12,0,.292,.329,.324,.653,85,71,3,0,3,,0,98/7
1941,wanerll01,Lloyd Waner,35,PIT,NL,3,6,4,2,1,0,0,0,1,0,1,2,0,.250,.500,.250,.750,115,1,0,0,0,,0,/8
1941,wanerll01,Lloyd Waner,35,BSN,NL,19,53,51,7,21,1,0,0,4,1,0,2,0,.412,.434,.431,.865,151,22,0,0,0,,0,8/79
1941,wanerll01,Lloyd Waner,35,CIN,NL,55,175,164,17,42,4,1,0,6,0,0,8,0,.256,.291,.293,.583,65,48,3,0,3,,0,98
1941,wanerpa01,Paul Waner,38,TOT,NL,106,385,329,45,88,10,2,2,50,1,5,55,14,.267,.372,.328,.701,103,108,10,0,1,,2,97/38
1941,wanerpa01,Paul Waner,38,BRO,NL,11,44,35,5,6,0,0,0,4,0,0,8,0,.171,.326,.171,.497,40,6,2,0,1,,0,/9
1941,wanerpa01,Paul Waner,38,BSN,NL,95,341,294,40,82,10,2,2,46,1,5,47,14,.279,.378,.347,.725,111,102,8,0,0,,2,97/38
1941,warnelo01,Lon Warneke,32,STL,NL,37,96,77,6,9,0,0,0,4,0,0,11,18,.117,.227,.117,.344,-4,9,3,0,8,,0,1
1941,warrebe01,Bennie Warren,29,PHI,NL,121,393,345,34,74,13,2,9,35,0,2,44,66,.214,.309,.342,.651,87,118,14,3,1,,7,*2
1941,wasdeji01,Jimmy Wasdell,27,BRO,NL,94,287,265,39,79,14,3,4,48,2,6,16,15,.298,.345,.419,.764,110,111,1,3,3,,4,93/7
1941,washbge01,George Washburn,26,NYY,AL,1,1,1,0,0,0,0,0,0,0,0,0,1,.000,.000,.000,.000,-100,0,0,0,0,,0,/1
1941,weathro01,Roy Weatherly,26,CLE,AL,102,404,363,59,105,21,5,3,37,2,5,32,20,.289,.350,.399,.750,102,145,5,2,7,,1,8/9
1941,webbsk01,Skeeter Webb,31,CHW,AL,29,88,84,7,16,2,0,0,6,1,0,3,9,.190,.227,.214,.442,18,18,1,1,0,,0,4/65
1941,welajjo01,Johnny Welaj,27,WSH,AL,49,102,96,16,20,4,0,0,5,3,1,6,16,.208,.255,.250,.505,37,24,4,0,0,,0,7/89
1941,werbebi01,Billy Werber,33,CIN,NL,109,477,418,56,100,9,2,4,46,14,4,53,24,.239,.328,.299,.627,77,125,9,2,4,,3,*5
1941,westdi01,Dick West,25,CIN,NL,67,181,172,15,37,5,2,1,17,4,2,6,23,.215,.246,.285,.531,49,49,3,1,2,,0,2
1941,westma02,Max West,24,BSN,NL,138,560,484,63,134,28,4,12,68,5,1,72,68,.277,.373,.426,.798,130,206,11,2,2,,8,*7/89
1941,westsa01,Sam West,36,WSH,AL,26,49,37,3,10,0,0,0,6,1,0,11,2,.270,.438,.270,.708,95,10,0,0,1,,0,/798
1941,whiteer01,Ernie White,24,STL,NL,33,84,79,6,15,2,1,0,10,0,1,3,8,.190,.220,.241,.460,26,19,1,0,3,,0,1
1941,whiteha01,Hal White,22,DET,AL,4,2,2,0,0,0,0,0,0,0,0,0,1,.000,.000,.000,.000,-100,0,0,0,0,,0,/1
1941,whitebu01,Burgess Whitehead,31,NYG,NL,116,429,403,41,92,15,4,1,23,7,1,14,10,.228,.258,.293,.551,54,118,18,2,10,,2,*4/5
1941,wickeke01,Kemp Wicker,34,BRO,NL,16,8,4,0,1,0,0,0,1,0,0,1,1,.250,.400,.250,.650,82,1,0,0,3,,0,1
1941,wietewh01,Whitey Wietelmann,22,BSN,NL,16,36,33,1,3,0,0,0,0,0,0,1,2,.091,.118,.091,.209,-39,3,0,0,2,,0,4/65
1941,wilkile01,Lefty Wilkie,26,PIT,NL,26,24,24,2,7,0,0,0,2,0,0,0,5,.292,.292,.292,.583,65,7,0,0,0,,0,1
1941,willite01,Ted Williams,22,BOS,AL,143,606,456,135,185,33,3,37,120,2,4,147,27,.406,.553,.735,1.287,235,335,10,3,0,,25,*7/9
1941,wilsoja01,Jack Wilson,29,BOS,AL,27,47,44,2,7,1,0,0,6,0,0,1,8,.159,.178,.182,.360,-6,8,0,0,2,,0,1
1941,witekmi01,Mickey Witek,25,NYG,NL,26,100,94,11,34,5,0,1,16,0,1,4,2,.362,.388,.447,.835,133,42,1,0,2,,1,4
1941,wittijo01,Johnnie Wittig,27,NYG,NL,25,27,25,2,5,0,0,0,3,0,0,1,8,.200,.231,.200,.431,21,5,0,0,1,,0,1
1941,wolffro01,Roger Wolff,30,PHA,AL,2,5,5,0,1,0,0,0,0,0,0,0,3,.200,.200,.200,.400,7,1,0,0,0,,0,/1
1941,workmch01,Chuck Workman,26,CLE,AL,9,5,4,2,0,0,0,0,0,0,0,1,1,.000,.200,.000,.200,-42,0,0,0,0,,0,
1941,wrighta01,Taffy Wright,29,CHW,AL,136,580,513,71,165,35,5,10,97,5,4,60,27,.322,.399,.468,.867,129,240,8,6,1,,13,*9
1941,wyattwh01,Whit Wyatt,33,BRO,NL,40,122,109,10,26,5,0,3,22,0,0,4,12,.239,.272,.367,.639,75,40,6,1,8,,0,1
1941,wynnea01,Early Wynn,21,WSH,AL,5,16,15,1,2,1,0,0,0,0,0,0,5,.133,.133,.200,.333,-11,3,1,0,1,,0,/1
1941,yorkru01,Rudy York,27,DET,AL,155,687,590,91,153,29,3,27,111,3,1,92,88,.259,.360,.456,.816,106,269,16,1,4,,7,*3
1941,youngba01,Babe Young,25,NYG,NL,152,649,574,90,152,28,5,25,104,1,4,66,39,.265,.346,.462,.807,124,265,12,5,4,,9,*3
1941,youngpe01,Pep Young,33,TOT,NL,6,15,14,2,2,0,0,0,0,0,0,0,3,.143,.200,.143,.343,-3,2,0,1,0,,0,/5
1941,youngpe01,Pep Young,33,CIN,NL,4,13,12,2,2,0,0,0,0,0,0,0,1,.167,.231,.167,.397,13,2,0,1,0,,0,/5
1941,youngpe01,Pep Young,33,STL,NL,2,2,2,0,0,0,0,0,0,0,0,0,2,.000,.000,.000,.000,-100,0,0,0,0,,0,
1941,zientbe01,Benny Zientara,23,CIN,NL,9,22,21,3,6,0,0,0,2,0,1,1,3,.286,.318,.286,.604,71,6,0,0,0,,0,/4
1941,zuberbi01,Bill Zuber,28,WSH,AL,36,29,26,0,0,0,0,0,0,0,0,1,8,.000,.037,.000,.037,-89,0,0,0,2,,0,1
