year_ID,player_ID,name_common,age,team_ID,lg_ID,G,PA,AB,R,H,2B,3B,HR,RBI,SB,CS,BB,SO,batting_avg,onbase_perc,slugging_perc,onbase_plus_slugging,onbase_plus_slugging_plus,TB,GIDP,HBP,SH,SF,IBB,pos_summary
1984,abbotgl01,Glenn Abbott,33,DET,AL,1,0,0,0,0,0,0,0,0,0,0,0,0,,,,,,0,0,0,0,0,0,1
1984,agostju01,Juan Agosto,26,CHW,AL,1,0,0,0,0,0,0,0,0,0,0,0,0,,,,,,0,0,0,0,0,0,1
1984,aguaylu01,Luis Aguayo,25,PHI,NL,58,80,72,15,20,4,0,3,11,0,0,8,16,.278,.350,.458,.808,124,33,1,0,0,0,2,546
1984,aikenwi01,Willie Aikens,29,TOR,AL,93,265,234,21,48,7,0,11,26,0,0,29,56,.205,.298,.376,.674,83,88,6,2,0,0,1,D/3
1984,allenne01,Neil Allen,26,STL,NL,57,25,25,0,6,0,1,0,4,0,0,0,8,.240,.240,.320,.560,58,8,0,0,0,0,0,1
1984,allenro02,Rod Allen,24,DET,AL,15,31,27,6,8,1,0,0,3,1,0,2,8,.296,.367,.333,.700,97,9,0,1,1,0,0,D/7
1984,allenga01,Gary Allenson,29,BOS,AL,35,92,83,9,19,2,0,2,8,0,0,9,14,.229,.304,.325,.630,72,27,5,0,0,0,2,2
1984,almonbi01,Bill Almon,31,OAK,AL,106,225,211,24,47,11,0,7,16,5,7,10,42,.223,.253,.374,.628,78,79,3,0,0,4,0,379D/5286
1984,altampo01,Porfi Altamirano,32,CHC,NL,5,2,2,0,0,0,0,0,0,0,0,0,0,.000,.000,.000,.000,-100,0,0,0,0,0,0,/1
1984,amelued01,Ed Amelung,25,LAD,NL,34,49,46,7,10,0,0,0,4,3,2,2,4,.217,.250,.217,.467,34,10,1,0,1,0,0,9/78
1984,anderla02,Larry Andersen,31,PHI,NL,64,4,4,0,0,0,0,0,0,0,0,0,3,.000,.000,.000,.000,-100,0,0,0,0,0,0,1
1984,anderda02,Dave Anderson,23,LAD,NL,121,433,374,51,94,16,2,3,34,15,5,45,55,.251,.331,.329,.660,88,123,8,2,7,5,4,*65
1984,anderji01,Jim Anderson,27,TEX,AL,39,53,47,2,5,0,0,0,1,0,0,4,7,.106,.176,.106,.283,-20,5,0,0,2,0,0,6/54
1984,andujjo01,Joaquin Andujar,31,STL,NL,36,100,84,8,11,1,0,2,8,1,1,9,47,.131,.215,.214,.429,22,18,0,0,7,0,0,1
1984,armasto01,Tony Armas,30,BOS,AL,157,679,639,107,171,29,5,43,123,1,3,32,156,.268,.300,.531,.831,121,339,13,1,0,7,9,*8D/9
1984,armstmi01,Mike Armstrong,30,NYY,AL,1,0,0,0,0,0,0,0,0,0,0,0,0,,,,,,0,0,0,0,0,0,1
1984,ashbyal01,Alan Ashby,32,HOU,NL,66,219,191,16,50,7,0,4,27,0,0,20,22,.262,.330,.361,.691,102,69,4,1,4,3,2,2
1984,ashfotu01,Tucker Ashford,29,KCR,AL,9,14,13,1,2,1,0,0,0,0,0,1,2,.154,.214,.231,.445,24,3,1,0,0,0,0,/5
1984,atherke01,Keith Atherton,25,OAK,AL,3,0,0,0,0,0,0,0,0,0,0,0,0,,,,,,0,0,0,0,0,0,1
1984,ayalabe01,Benny Ayala,33,BAL,AL,60,128,118,9,25,6,0,4,24,1,1,8,24,.212,.258,.364,.622,73,43,4,0,0,2,0,D7/9
1984,backmwa01,Wally Backman,24,NYM,NL,128,499,436,68,122,19,2,1,26,32,9,56,63,.280,.360,.339,.700,99,148,13,0,5,2,2,*4/6
1984,bailema01,Mark Bailey,22,HOU,NL,108,403,344,38,73,16,1,9,34,0,1,53,71,.212,.318,.343,.661,93,118,7,2,1,3,4,2
1984,bailobo01,Bob Bailor,32,LAD,NL,65,142,131,11,36,4,0,0,8,3,1,8,1,.275,.317,.305,.622,78,40,3,0,3,0,1,456
1984,baineha01,Harold Baines,25,CHW,AL,147,629,569,72,173,28,10,29,94,1,2,54,75,.304,.361,.541,.903,142,308,12,0,1,5,9,*9/8
1984,bakerdo01,Doug Baker,23,DET,AL,43,118,108,15,20,4,1,0,12,3,0,7,22,.185,.241,.241,.482,35,26,1,1,2,0,0,6/4D
1984,bakerdu01,Dusty Baker,35,SFG,NL,100,288,243,31,71,7,2,3,32,4,1,40,27,.292,.387,.374,.761,118,91,5,0,0,4,1,97
1984,balbost01,Steve Balboni,27,KCR,AL,126,488,438,58,107,23,2,28,77,0,0,45,139,.244,.320,.498,.817,123,218,9,4,0,1,5,*3/D
1984,bandoch01,Chris Bando,28,CLE,AL,75,260,220,38,64,11,0,12,41,1,2,33,35,.291,.377,.505,.882,140,111,8,0,3,4,5,2/35D
1984,bannial01,Alan Bannister,32,TOT,MLB,56,157,132,22,37,4,1,2,9,3,0,23,19,.280,.389,.371,.760,112,49,1,1,0,1,0,4D/673589
1984,bannial01,Alan Bannister,32,HOU,NL,9,22,20,2,4,2,0,0,0,0,0,2,2,.200,.273,.300,.573,67,6,0,0,0,0,0,/67
1984,bannial01,Alan Bannister,32,TEX,AL,47,135,112,20,33,2,1,2,9,3,0,21,17,.295,.407,.384,.791,119,43,1,1,0,1,0,4D/35879
1984,bannifl01,Floyd Bannister,29,CHW,AL,1,1,1,0,0,0,0,0,0,0,0,0,0,.000,.000,.000,.000,-100,0,0,0,0,0,0,1
1984,barfije01,Jesse Barfield,24,TOR,AL,110,360,320,51,91,14,1,14,49,8,2,35,81,.284,.357,.466,.822,123,149,5,2,1,2,5,9/8D
1984,bargagr01,Greg Bargar,25,MON,NL,3,1,1,0,0,0,0,0,0,0,0,0,1,.000,.000,.000,.000,-100,0,0,0,0,0,0,/1
1984,barkele01,Len Barker,28,ATL,NL,21,48,38,2,2,1,0,0,1,0,0,6,19,.053,.182,.079,.261,-26,3,1,0,4,0,0,1
1984,barnesk01,Skeeter Barnes,27,CIN,NL,32,46,42,5,5,0,0,1,3,0,0,4,6,.119,.196,.190,.386,8,8,1,0,0,0,1,5/7
1984,barrema02,Marty Barrett,26,BOS,AL,139,526,475,56,144,23,3,3,45,5,3,42,25,.303,.358,.383,.741,102,182,9,1,4,4,2,*4
1984,basske01,Kevin Bass,25,HOU,NL,121,342,331,33,86,17,5,2,29,5,5,6,57,.260,.279,.360,.639,85,119,2,3,2,0,1,98
1984,baylodo01,Don Baylor,35,NYY,AL,134,558,493,84,129,29,1,27,89,1,1,38,68,.262,.341,.489,.830,131,241,10,23,1,3,6,*D/97
1984,beanebi01,Billy Beane,22,NYM,NL,5,10,10,0,1,0,0,0,0,0,1,0,2,.100,.100,.100,.200,-43,1,0,0,0,0,0,/798
1984,beardda01,Dave Beard,24,SEA,AL,2,0,0,0,0,0,0,0,0,0,0,0,0,,,,,,0,0,0,0,0,0,1
1984,bedrost01,Steve Bedrosian,26,ATL,NL,40,18,17,0,2,0,0,0,0,0,0,0,9,.118,.118,.118,.235,-35,2,0,0,1,0,0,1
1984,bellbu01,Buddy Bell,32,TEX,AL,148,630,553,88,174,36,5,11,83,2,1,63,54,.315,.382,.458,.840,129,253,21,3,2,9,8,*5
1984,bellge02,George Bell,24,TOR,AL,159,643,606,85,177,39,4,26,87,11,2,24,86,.292,.326,.498,.824,121,302,14,8,0,3,2,*97/D5
1984,bellira01,Rafael Belliard,22,PIT,NL,20,22,22,3,5,0,0,0,0,4,1,0,1,.227,.227,.227,.455,29,5,0,0,0,0,0,6/4
1984,benedbr01,Bruce Benedict,28,ATL,NL,95,340,300,26,67,8,1,4,25,1,2,34,25,.223,.301,.297,.598,64,89,9,1,1,4,3,2
1984,beniqju01,Juan Beniquez,34,CAL,AL,110,382,354,60,119,17,0,8,39,0,3,18,43,.336,.370,.452,.822,128,160,12,3,4,3,0,79/8
1984,berenbr01,Bruce Berenyi,29,TOT,NL,32,61,53,3,10,1,0,0,3,0,0,0,10,.189,.185,.208,.393,10,11,1,0,7,1,0,1
1984,berenbr01,Bruce Berenyi,29,CIN,NL,13,18,16,0,1,0,0,0,0,0,0,0,5,.063,.063,.063,.125,-65,1,0,0,2,0,0,1
1984,berenbr01,Bruce Berenyi,29,NYM,NL,19,43,37,3,9,1,0,0,3,0,0,0,5,.243,.237,.270,.507,43,10,1,0,5,1,0,1
1984,bergmda01,Dave Bergman,31,DET,AL,120,316,271,42,74,8,5,7,44,3,4,33,40,.273,.351,.417,.768,113,113,4,3,3,6,2,*3/79
1984,bernato01,Tony Bernazard,27,CLE,AL,140,497,439,44,97,15,4,2,38,20,13,43,70,.221,.290,.287,.577,60,126,10,2,7,6,0,*4/D
1984,berrada01,Dale Berra,27,PIT,NL,136,500,450,31,100,16,0,9,52,1,3,34,78,.222,.273,.318,.591,66,143,11,1,6,9,8,*6/5
1984,bevacku01,Kurt Bevacqua,37,SDP,NL,59,95,80,7,16,3,0,1,9,0,0,14,19,.200,.326,.275,.601,71,22,6,1,0,0,1,35/97
1984,biancbu01,Buddy Biancalana,24,KCR,AL,66,145,134,18,26,6,1,2,9,1,2,6,44,.194,.229,.299,.527,45,40,2,0,5,0,0,64/D
1984,bielemi01,Mike Bielecki,24,PIT,NL,4,0,0,0,0,0,0,0,0,0,0,0,0,,,,,,0,0,0,0,0,0,/1
1984,bilarda01,Dann Bilardello,25,CIN,NL,68,206,182,16,38,7,0,2,10,0,1,19,34,.209,.287,.280,.567,58,51,6,1,4,0,3,2
1984,bochtbr01,Bruce Bochte,33,OAK,AL,148,533,469,58,124,23,0,5,52,2,5,52,59,.264,.333,.345,.678,96,162,12,0,4,8,3,*3/D
1984,bochybr01,Bruce Bochy,29,SDP,NL,37,97,92,10,21,5,1,4,15,0,1,3,21,.228,.250,.435,.685,90,40,2,0,1,1,0,2
1984,boddimi01,Mike Boddicker,26,BAL,AL,1,0,0,1,0,0,0,0,0,0,0,0,0,,,,,,0,0,0,0,0,0,1/D
1984,boggswa01,Wade Boggs,26,BOS,AL,158,726,625,109,203,31,4,6,55,3,2,89,44,.325,.407,.416,.823,125,260,13,0,8,4,6,*5/D
1984,bonneba01,Barry Bonnell,30,SEA,AL,110,395,363,42,96,15,4,8,48,5,2,25,51,.264,.315,.394,.709,97,143,10,2,5,0,3,7985/D3
1984,bookegr01,Greg Booker,24,SDP,NL,32,7,7,1,2,1,0,0,0,0,0,0,2,.286,.286,.429,.714,99,3,0,0,0,0,0,1
1984,boonebo01,Bob Boone,36,CAL,AL,139,486,450,33,91,16,1,3,32,3,3,25,45,.202,.242,.262,.504,41,118,11,0,6,5,1,*2
1984,bordiri01,Rich Bordi,25,CHC,NL,31,20,19,0,1,0,0,0,0,0,0,1,7,.053,.100,.053,.153,-57,1,1,0,0,0,0,1
1984,bosleth01,Thad Bosley,27,CHC,NL,55,112,98,17,29,2,2,2,14,5,1,13,22,.296,.375,.418,.793,116,41,1,0,0,1,2,97/8
1984,bostoda01,Daryl Boston,21,CHW,AL,35,87,83,8,14,3,1,0,3,6,0,4,20,.169,.207,.229,.436,19,19,0,0,0,0,0,8/9D
1984,bowala01,Larry Bowa,38,CHC,NL,133,423,391,33,87,14,2,0,17,10,4,28,24,.223,.274,.269,.542,49,105,4,0,3,1,5,*6
1984,bradlph01,Phil Bradley,25,SEA,AL,124,373,322,49,97,12,4,0,24,21,8,34,61,.301,.373,.363,.737,107,117,6,3,11,0,2,*879/D
1984,bradlsc01,Scott Bradley,24,NYY,AL,9,22,21,3,6,1,0,0,2,0,0,1,1,.286,.318,.333,.652,84,7,0,0,0,0,0,/72
1984,braunst01,Steve Braun,36,STL,NL,86,115,98,6,27,3,1,0,16,0,0,17,17,.276,.383,.327,.709,104,32,0,0,0,0,0,7/95
1984,breamsi01,Sid Bream,23,LAD,NL,27,58,49,2,9,3,0,0,6,1,0,6,9,.184,.263,.245,.508,45,12,1,0,1,2,2,3
1984,breinfr01,Fred Breining,28,MON,NL,4,1,1,0,0,0,0,0,0,0,0,0,1,.000,.000,.000,.000,-100,0,0,0,0,0,0,/1
1984,brenlbo01,Bob Brenly,30,SFG,NL,145,567,506,74,147,28,0,20,80,6,9,48,52,.291,.352,.464,.816,131,235,14,3,4,6,3,*23/97
1984,brettge01,George Brett,31,KCR,AL,104,422,377,42,107,21,3,13,69,0,2,38,37,.284,.344,.459,.802,121,173,11,0,0,7,6,5
1984,breweto02,Tony Brewer,26,LAD,NL,24,41,37,3,4,1,0,1,4,1,0,4,9,.108,.195,.216,.411,17,8,1,0,0,0,1,/79
1984,brizzto01,Tony Brizzolara,27,ATL,NL,10,9,7,0,0,0,0,0,0,0,0,0,2,.000,.000,.000,.000,-100,0,0,0,2,0,0,1
1984,brockgr01,Greg Brock,27,LAD,NL,88,313,271,33,61,6,0,14,34,8,0,39,37,.225,.319,.402,.722,104,109,6,0,0,3,3,3
1984,brookto01,Tom Brookens,30,DET,AL,113,253,224,32,55,11,4,5,26,6,6,19,33,.246,.306,.397,.703,95,89,2,1,8,1,0,564/D
1984,brookhu01,Hubie Brooks,27,NYM,NL,153,613,561,61,159,23,2,16,73,6,5,48,79,.283,.341,.417,.758,114,234,17,2,0,2,15,*56
1984,brouhma01,Mark Brouhard,28,MIL,AL,66,218,197,20,47,7,0,6,22,0,3,16,36,.239,.298,.365,.664,86,72,3,2,0,3,3,7/D9
1984,brownbo04,Bobby Brown,30,SDP,NL,85,187,171,28,43,7,2,3,29,16,4,11,33,.251,.292,.368,.660,85,63,6,0,2,3,0,798
1984,brownch02,Chris Brown,22,SFG,NL,23,95,84,6,24,7,0,1,11,2,1,9,19,.286,.358,.405,.763,117,34,4,1,0,1,0,5
1984,brownda01,Darrell Brown,28,MIN,AL,95,279,260,36,71,9,3,1,19,4,1,14,16,.273,.309,.342,.651,78,89,5,0,4,1,1,87D
1984,brownmi02,Mike Brown,24,CAL,AL,62,163,148,19,42,8,3,7,22,0,2,13,23,.284,.342,.520,.862,136,77,8,0,2,0,1,9/D7
1984,brownto05,Tom Browning,24,CIN,NL,3,7,7,0,1,0,0,0,0,0,0,0,3,.143,.143,.143,.286,-21,1,0,0,0,0,0,/1
1984,brummgl01,Glenn Brummer,29,STL,NL,28,61,58,3,12,0,0,1,3,0,0,3,7,.207,.246,.259,.505,44,15,5,0,0,0,0,2
1984,brunato01,Tom Brunansky,23,MIN,AL,155,628,567,75,144,21,0,32,85,4,5,57,94,.254,.320,.460,.780,110,261,15,0,0,4,2,*9/D
1984,brusswa01,Warren Brusstar,32,CHC,NL,41,8,5,1,1,0,0,0,1,0,0,2,1,.200,.429,.200,.629,77,1,0,0,1,0,0,1
1984,bucklke01,Kevin Buckley,25,TEX,AL,5,9,7,1,2,1,0,0,0,0,0,2,4,.286,.444,.429,.873,141,3,0,0,0,0,0,/D
1984,bucknbi01,Bill Buckner,34,TOT,MLB,135,518,482,54,131,21,2,11,69,2,2,25,39,.272,.313,.392,.705,91,189,12,6,0,4,6,*3/7
1984,bucknbi01,Bill Buckner,34,CHC,NL,21,46,43,3,9,0,0,0,2,0,0,1,1,.209,.239,.209,.448,23,9,1,1,0,1,1,/37
1984,bucknbi01,Bill Buckner,34,BOS,AL,114,472,439,51,122,21,2,11,67,2,2,24,38,.278,.321,.410,.731,97,180,11,5,0,3,5,*3
1984,bumbral01,Al Bumbry,37,BAL,AL,119,374,344,47,93,12,1,3,24,9,5,25,35,.270,.317,.337,.654,84,116,11,0,2,3,0,87D
1984,burleri01,Rick Burleson,33,CAL,AL,7,5,4,2,0,0,0,0,0,0,0,0,2,.000,.000,.000,.000,-100,0,0,0,1,0,0,
1984,burrira01,Ray Burris,33,OAK,AL,3,0,0,1,0,0,0,0,0,0,0,0,0,,,,,,0,0,0,0,0,0,1/D
1984,burroje01,Jeff Burroughs,33,OAK,AL,58,90,71,5,15,1,0,2,8,0,0,18,23,.211,.367,.310,.677,97,22,2,0,0,1,0,D/7
1984,bushra01,Randy Bush,25,MIN,AL,113,356,311,46,69,17,1,11,43,1,2,31,60,.222,.292,.389,.681,84,121,1,4,0,10,6,D/3
1984,butersa01,Sal Butera,31,MON,NL,3,4,3,0,0,0,0,0,0,0,0,1,0,.000,.250,.000,.250,-23,0,0,0,0,0,0,/2
1984,butlebr01,Brett Butler,27,CLE,AL,159,709,602,108,162,25,9,3,49,52,22,86,62,.269,.361,.355,.717,98,214,6,4,11,6,1,*8/9
1984,bystrma01,Marty Bystrom,25,TOT,MLB,11,22,19,1,3,1,0,0,0,0,0,0,7,.158,.158,.211,.368,2,4,0,0,3,0,0,1
1984,bystrma01,Marty Bystrom,25,PHI,NL,11,22,19,1,3,1,0,0,0,0,0,0,7,.158,.158,.211,.368,2,4,0,0,3,0,0,1
1984,cabelen01,Enos Cabell,34,HOU,NL,127,464,436,52,135,17,3,8,44,8,11,21,47,.310,.341,.417,.758,120,182,12,1,3,3,5,*3
1984,caldeiv01,Ivan Calderon,22,SEA,AL,11,26,24,2,5,1,0,1,1,1,0,2,5,.208,.269,.375,.644,78,9,3,0,0,0,0,/879
1984,calhoje01,Jeff Calhoun,26,HOU,NL,9,0,0,0,0,0,0,0,0,0,0,0,0,,,,,,0,0,0,0,0,0,/1
1984,calvema01,Mark Calvert,27,SFG,NL,10,8,8,0,0,0,0,0,0,0,0,0,5,.000,.000,.000,.000,-100,0,0,0,0,0,0,1
1984,campri01,Rick Camp,31,ATL,NL,31,49,45,0,5,1,0,0,3,0,0,0,20,.111,.130,.133,.264,-28,6,1,1,3,0,0,1
1984,campbbi02,Bill Campbell,35,PHI,NL,57,1,1,0,0,0,0,0,0,0,0,0,0,.000,.000,.000,.000,-100,0,0,0,0,0,0,1
1984,candejo01,John Candelaria,30,PIT,NL,33,70,62,6,8,2,0,1,2,0,1,4,25,.129,.182,.210,.391,10,13,3,0,4,0,0,1
1984,carewro01,Rod Carew,38,CAL,AL,93,378,329,42,97,8,1,3,31,4,3,40,39,.295,.367,.353,.720,102,116,8,0,5,4,1,3/D
1984,carltst01,Steve Carlton,39,PHI,NL,34,89,84,8,16,2,0,1,10,0,0,2,20,.190,.209,.250,.459,28,21,1,0,3,0,0,1
1984,carmado01,Don Carman,24,PHI,NL,11,1,1,0,0,0,0,0,0,0,0,0,1,.000,.000,.000,.000,-100,0,0,0,0,0,0,1
1984,cartega01,Gary Carter,30,MON,NL,159,669,596,75,175,32,1,27,106,2,2,64,57,.294,.366,.487,.853,143,290,8,6,0,3,9,*23
1984,cartejo01,Joe Carter,24,CLE,AL,66,257,244,32,67,6,1,13,41,2,4,11,48,.275,.307,.467,.775,110,114,2,1,0,1,0,78/3
1984,castica01,Carmelo Castillo,26,CLE,AL,87,237,211,36,55,9,2,10,36,1,3,21,32,.261,.329,.464,.794,116,98,7,2,0,3,0,9/D
1984,castima02,Marty Castillo,27,DET,AL,70,155,141,16,33,5,2,4,17,1,0,10,33,.234,.285,.383,.668,84,54,4,0,4,0,0,25/D
1984,castijo01,John Castino,29,MIN,AL,8,32,27,5,12,1,0,0,3,0,0,5,2,.444,.531,.481,1.013,179,13,2,0,0,0,2,/5
1984,catoke01,Keefe Cato,26,CIN,NL,8,4,4,1,2,0,0,0,1,0,0,0,0,.500,.500,.500,1.000,178,2,0,0,0,0,0,/1
1984,caudibi01,Bill Caudill,27,OAK,AL,2,1,1,0,0,0,0,0,0,0,0,0,1,.000,.000,.000,.000,-100,0,0,0,0,0,0,1
1984,cedence01,Cesar Cedeno,33,CIN,NL,110,412,380,59,105,24,2,10,47,19,3,25,54,.276,.321,.429,.750,106,163,11,1,4,2,4,7398
1984,ceronri01,Rick Cerone,30,NYY,AL,38,132,120,8,25,3,0,2,13,1,0,9,15,.208,.269,.283,.553,56,34,5,1,2,0,0,2
1984,ceyro01,Ron Cey,36,CHC,NL,146,580,505,71,121,27,0,25,97,3,2,61,108,.240,.324,.442,.766,107,223,10,6,0,8,10,*5
1984,chambal01,Al Chambers,23,SEA,AL,22,52,49,4,11,1,0,1,4,2,1,3,12,.224,.269,.306,.575,61,15,0,0,0,0,0,7/D
1984,chambch01,Chris Chambliss,35,ATL,NL,135,455,389,47,100,14,0,9,44,1,2,58,54,.257,.350,.362,.713,96,141,10,1,0,6,12,*3
1984,chapmke01,Kelvin Chapman,28,NYM,NL,75,223,197,27,57,13,0,3,23,8,7,19,30,.289,.356,.401,.757,114,79,7,2,4,1,0,4/5
1984,chifffl01,Floyd Chiffer,28,SDP,NL,15,3,3,0,0,0,0,0,0,0,0,0,1,.000,.000,.000,.000,-100,0,0,0,0,0,0,1
1984,chrisjo02,John Christensen,23,NYM,NL,5,13,11,2,3,2,0,0,3,0,1,1,2,.273,.308,.455,.762,113,5,0,0,0,1,0,/79
1984,chrisst01,Steve Christmas,26,CHW,AL,12,11,11,1,4,1,0,1,4,0,0,0,2,.364,.364,.727,1.091,188,8,0,0,0,0,0,/2
1984,citarra01,Ralph Citarella,26,STL,NL,10,4,4,1,1,0,0,0,1,0,0,0,2,.250,.250,.250,.500,43,1,0,0,0,0,0,1
1984,clarkbo04,Bobby Clark,29,MIL,AL,58,189,169,17,44,7,2,2,16,1,5,16,35,.260,.326,.361,.687,94,61,9,1,2,1,0,89/7
1984,clarkja01,Jack Clark,28,SFG,NL,57,249,203,33,65,9,1,11,44,1,1,43,29,.320,.434,.537,.971,176,109,9,0,0,3,7,9/3
1984,colesda01,Darnell Coles,22,SEA,AL,48,165,143,15,23,3,1,0,6,2,1,17,26,.161,.259,.196,.455,30,28,5,2,3,0,0,5/D7
1984,collida02,Dave Collins,31,TOR,AL,128,492,441,59,136,24,15,2,44,60,14,33,41,.308,.366,.444,.811,120,196,0,9,6,3,0,7/3D8
1984,conceda01,Dave Concepcion,36,CIN,NL,154,600,531,46,130,26,1,4,58,22,6,52,72,.245,.307,.320,.628,74,170,9,0,8,9,5,65/3
1984,conceon01,Onix Concepcion,26,KCR,AL,90,311,287,36,81,9,2,1,23,9,6,14,33,.282,.319,.338,.657,83,97,3,3,4,3,0,6/45
1984,coopece01,Cecil Cooper,34,MIL,AL,148,635,603,63,166,28,3,11,67,8,2,27,59,.275,.307,.386,.693,95,233,12,2,0,3,6,*3D
1984,corcoti01,Tim Corcoran,31,PHI,NL,102,248,208,30,71,13,1,5,36,0,1,37,27,.341,.440,.486,.925,159,101,6,1,0,2,5,39/7
1984,corneje01,Jeff Cornell,27,SFG,NL,23,4,4,0,0,0,0,0,0,0,0,0,3,.000,.000,.000,.000,-100,0,0,0,0,0,0,1
1984,cottohe01,Henry Cotto,23,CHC,NL,105,160,146,24,40,5,0,0,8,9,3,10,23,.274,.325,.308,.633,74,45,1,1,3,0,2,789
1984,cowenal01,Al Cowens,32,SEA,AL,139,559,524,60,145,34,2,15,78,9,5,27,83,.277,.312,.435,.747,107,228,18,2,1,5,2,*9/D8
1984,coxda01,Danny Cox,24,STL,NL,31,59,53,4,7,0,0,0,1,0,0,5,22,.132,.207,.132,.339,-2,7,2,0,1,0,0,1
1984,cruzjo01,Jose Cruz,36,HOU,NL,160,685,600,96,187,28,13,12,95,22,8,73,68,.312,.381,.462,.842,145,277,8,0,2,10,10,*7
1984,cruzju01,Julio Cruz,29,CHW,AL,143,469,415,42,92,14,4,5,43,14,6,45,58,.222,.295,.311,.605,65,129,9,0,4,5,0,*4
1984,cruzto02,Todd Cruz,28,BAL,AL,95,154,142,15,31,4,0,3,9,1,4,8,33,.218,.263,.310,.573,61,44,2,1,2,1,0,5/D1
1984,darliro01,Ron Darling,23,NYM,NL,39,75,67,7,10,1,0,0,3,0,0,1,19,.149,.159,.164,.324,-8,11,1,0,6,1,0,1
1984,dauerri01,Rich Dauer,31,BAL,AL,127,426,397,29,101,26,0,2,24,1,3,24,23,.254,.296,.335,.631,77,133,15,0,3,2,1,*4/5
1984,davidan01,Andre David,26,MIN,AL,33,57,48,5,12,2,0,1,5,0,0,7,11,.250,.351,.354,.705,93,17,2,1,0,1,2,7/9D
1984,davisal01,Alvin Davis,23,SEA,AL,152,678,567,80,161,34,3,27,116,5,4,97,78,.284,.391,.497,.888,147,282,7,7,0,7,16,*3/D
1984,davisbu02,Butch Davis,26,KCR,AL,41,128,116,11,17,3,0,2,12,4,3,10,19,.147,.211,.224,.435,21,26,2,0,0,2,0,7/D89
1984,davisch01,Chili Davis,24,SFG,NL,137,546,499,87,157,21,6,21,81,12,8,42,74,.315,.368,.507,.875,148,253,13,1,2,2,6,*89/7
1984,daviser01,Eric Davis,22,CIN,NL,57,200,174,33,39,10,1,10,30,10,2,24,48,.224,.320,.466,.786,115,81,1,1,0,1,0,89/7
1984,davisgl01,Glenn Davis,23,HOU,NL,18,68,61,6,13,5,0,2,8,0,0,4,12,.213,.258,.393,.651,88,24,0,0,2,1,0,3
1984,davisjo02,Jody Davis,27,CHC,NL,150,579,523,55,134,25,2,19,94,5,6,47,99,.256,.315,.421,.736,99,220,20,1,1,7,15,*2
1984,davisma01,Mark Davis,23,SFG,NL,46,54,46,4,6,0,2,0,4,0,0,2,16,.130,.167,.217,.384,9,10,0,0,6,0,0,1
1984,davismi02,Mike Davis,25,OAK,AL,134,423,382,47,88,18,3,9,46,14,9,31,66,.230,.285,.364,.649,85,139,5,1,2,7,2,*98/D7
1984,dawlebi01,Bill Dawley,26,HOU,NL,60,11,9,2,3,0,1,0,3,0,0,0,3,.333,.333,.556,.889,156,5,0,0,2,0,0,1
1984,dawsoan01,Andre Dawson,29,MON,NL,138,583,533,73,132,23,6,17,86,13,5,41,80,.248,.301,.409,.710,102,218,12,2,1,6,2,*9
1984,dayetbr01,Brian Dayett,27,NYY,AL,64,139,127,14,31,8,0,4,23,0,0,9,14,.244,.295,.402,.697,95,51,3,1,0,2,0,79/D
1984,dayleke01,Ken Dayley,25,TOT,NL,8,5,4,1,2,0,0,0,0,0,0,0,2,.500,.500,.500,1.000,175,2,0,0,1,0,0,/1
1984,dayleke01,Ken Dayley,25,ATL,NL,5,4,4,1,2,0,0,0,0,0,0,0,2,.500,.500,.500,1.000,175,2,0,0,0,0,0,/1
1984,dayleke01,Ken Dayley,25,STL,NL,3,1,0,0,0,0,0,0,0,0,0,0,0,,,,,,0,0,0,1,0,0,/1
1984,dejesiv01,Ivan de Jesus,31,PHI,NL,144,484,435,40,112,15,3,0,35,12,5,43,76,.257,.325,.306,.631,77,133,13,2,1,3,7,*6
1984,decindo01,Doug DeCinces,33,CAL,AL,146,612,547,77,147,23,3,20,82,4,1,53,79,.269,.327,.431,.758,109,236,16,0,0,12,4,*5/D
1984,dedmoje01,Jeff Dedmon,24,ATL,NL,54,7,6,0,0,0,0,0,0,0,0,0,1,.000,.000,.000,.000,-100,0,0,0,1,0,0,1
1984,deerro01,Rob Deer,23,SFG,NL,13,32,24,5,4,0,0,3,3,1,1,7,10,.167,.375,.542,.917,159,13,0,1,0,0,0,/7
1984,deleojo01,Jose DeLeon,23,PIT,NL,30,64,59,0,5,0,0,0,2,0,0,0,25,.085,.083,.085,.168,-52,5,1,0,4,1,0,1
1984,deleolu01,Luis DeLeon,25,SDP,NL,32,5,4,0,0,0,0,0,0,0,0,0,3,.000,.000,.000,.000,-100,0,0,0,1,0,0,1
1984,dempsri01,Rick Dempsey,34,BAL,AL,109,380,330,37,76,11,0,11,34,1,2,40,58,.230,.312,.364,.676,89,120,11,1,5,4,0,2
1984,dennyjo01,John Denny,31,PHI,NL,22,54,47,3,9,0,0,0,4,0,0,1,11,.191,.204,.191,.396,11,9,0,0,5,1,0,1
1984,dentbu01,Bucky Dent,32,KCR,AL,11,10,9,2,3,0,0,0,1,0,0,1,2,.333,.400,.333,.733,106,3,0,0,0,0,0,/65
1984,dernibo01,Bob Dernier,27,CHC,NL,143,612,536,94,149,26,5,3,32,45,17,63,60,.278,.356,.362,.718,97,194,5,2,11,0,0,*8/7
1984,diazbo01,Bo Diaz,31,PHI,NL,27,83,75,5,16,4,0,1,9,0,0,5,13,.213,.256,.307,.563,57,23,4,0,1,2,0,2
1984,diazca01,Carlos Diaz,26,LAD,NL,37,2,1,0,0,0,0,0,0,0,0,0,1,.000,.000,.000,.000,-100,0,0,0,1,0,0,1
1984,dilonmi01,Miguel Dilone,29,MON,NL,88,189,169,28,47,8,2,1,10,27,2,17,18,.278,.346,.367,.713,105,62,4,1,1,1,0,7
1984,dipinfr01,Frank DiPino,27,HOU,NL,57,10,10,0,0,0,0,0,0,0,0,0,5,.000,.000,.000,.000,-100,0,0,0,0,0,0,1
1984,distebe01,Benny Distefano,22,PIT,NL,45,86,78,10,13,1,2,3,9,0,1,5,13,.167,.226,.346,.572,59,27,3,1,2,0,1,39/7
1984,doranbi02,Bill Doran,26,HOU,NL,147,626,548,92,143,18,11,4,41,21,12,66,69,.261,.341,.356,.697,104,195,6,2,7,3,7,*46
1984,dotsori01,Richard Dotson,25,CHW,AL,2,0,0,1,0,0,0,0,0,0,0,0,0,,,,,,0,0,0,0,0,0,1
1984,downibr01,Brian Downing,33,CAL,AL,156,628,539,65,148,28,2,23,91,0,4,70,66,.275,.360,.462,.822,127,249,18,7,3,9,3,*7D
1984,draveda01,Dave Dravecky,28,SDP,NL,50,49,41,3,4,2,0,0,3,0,0,3,8,.098,.159,.146,.305,-13,6,0,0,5,0,0,1
1984,driesda01,Dan Driessen,32,TOT,NL,132,447,387,47,104,24,0,16,60,2,2,54,40,.269,.354,.455,.809,126,176,10,0,1,5,8,*3
1984,driesda01,Dan Driessen,32,CIN,NL,81,259,218,27,61,13,0,7,28,2,1,37,25,.280,.378,.436,.814,125,95,5,0,0,4,2,3
1984,driesda01,Dan Driessen,32,MON,NL,51,188,169,20,43,11,0,9,32,0,1,17,15,.254,.321,.479,.800,127,81,5,0,1,1,6,3
1984,dunbato01,Tom Dunbar,24,TEX,AL,34,103,97,9,25,2,0,2,10,1,0,6,16,.258,.301,.340,.641,76,33,1,0,0,0,1,9/7D
1984,durhale01,Leon Durham,26,CHC,NL,137,548,473,86,132,30,4,23,96,16,8,69,86,.279,.369,.505,.874,136,239,8,1,0,5,11,*3
1984,dwyerji01,Jim Dwyer,34,BAL,AL,76,195,161,22,41,9,1,2,21,0,2,23,24,.255,.337,.360,.697,96,58,2,0,5,6,0,9/D7
1984,dybzije01,Jerry Dybzinski,28,CHW,AL,94,152,132,17,31,5,1,1,10,7,2,13,12,.235,.311,.311,.621,70,41,3,2,4,1,0,65/D4
1984,earlsc01,Scott Earl,23,DET,AL,14,37,35,3,4,0,1,0,1,1,0,0,9,.114,.114,.171,.286,-22,6,0,0,2,0,0,4
1984,easlemi01,Mike Easler,33,BOS,AL,156,666,601,87,188,31,5,27,91,1,1,58,134,.313,.376,.516,.892,140,310,8,4,1,2,4,*D3
1984,eckerde01,Dennis Eckersley,29,TOT,MLB,24,57,55,1,6,0,0,0,1,0,0,1,25,.109,.125,.109,.234,-36,6,1,0,1,0,0,1
1984,eckerde01,Dennis Eckersley,29,CHC,NL,24,57,55,1,6,0,0,0,1,0,0,1,25,.109,.125,.109,.234,-36,6,1,0,1,0,0,1
1984,eisenji01,Jim Eisenreich,25,MIN,AL,12,36,32,1,7,1,0,0,3,2,0,2,4,.219,.250,.250,.500,37,8,1,0,0,2,1,/D89
1984,engleda01,Dave Engle,27,MIN,AL,109,424,391,56,104,20,1,4,38,0,1,26,22,.266,.308,.353,.661,80,138,18,0,2,5,3,2D
1984,esaskni01,Nick Esasky,24,CIN,NL,113,382,322,30,62,10,5,10,45,1,2,52,103,.193,.301,.348,.649,79,112,6,0,3,5,3,53
1984,espinal01,Alvaro Espinoza,22,MIN,AL,1,0,0,0,0,0,0,0,0,0,0,0,0,,,,,,0,0,0,0,0,0,/6
1984,essiaji01,Jim Essian,33,OAK,AL,63,162,136,17,32,9,0,2,10,1,1,23,17,.235,.348,.346,.693,100,47,3,1,1,1,0,2/5D
1984,evansda01,Darrell Evans,37,DET,AL,131,483,401,60,93,11,1,16,63,2,2,77,70,.232,.353,.384,.737,105,154,7,0,1,4,10,D35
1984,evansdw01,Dwight Evans,32,BOS,AL,162,738,630,121,186,37,8,32,104,3,1,96,115,.295,.388,.532,.920,147,335,19,4,1,7,2,*9/D
1984,faedole01,Lenny Faedo,24,MIN,AL,16,56,52,6,13,1,0,1,6,0,0,4,3,.250,.304,.327,.630,72,17,1,0,0,0,0,6/D
1984,falcope01,Pete Falcone,30,ATL,NL,35,36,33,2,7,2,0,0,2,0,0,0,14,.212,.212,.273,.485,32,9,0,0,3,0,0,1
1984,fernasi01,Sid Fernandez,21,NYM,NL,15,31,28,0,5,0,0,0,1,0,0,0,9,.179,.179,.179,.357,1,5,0,0,3,0,0,1
1984,fernato01,Tony Fernandez,22,TOR,AL,88,254,233,29,63,5,3,3,19,5,7,17,15,.270,.317,.356,.674,84,83,3,0,2,2,0,65/D
1984,fimplja01,Jack Fimple,25,LAD,NL,12,28,26,2,5,1,0,0,3,0,0,1,6,.192,.214,.231,.445,27,6,3,0,0,1,0,2
1984,fireost01,Steve Fireovid,27,PHI,NL,6,0,0,0,0,0,0,0,0,0,0,0,0,,,,,,0,0,0,0,0,0,/1
1984,fischmi01,Mike Fischlin,28,CLE,AL,85,150,133,17,30,4,2,1,14,2,2,12,20,.226,.290,.308,.598,65,41,2,0,5,0,0,456
1984,fiskca01,Carlton Fisk,36,CHW,AL,102,395,359,54,83,20,1,21,43,6,0,26,60,.231,.289,.468,.757,102,168,7,5,1,4,4,2/D
1984,fitzgmi02,Mike Fitzgerald,23,NYM,NL,112,394,360,20,87,15,1,2,33,1,0,24,71,.242,.288,.306,.593,68,110,17,1,5,4,7,2
1984,flannti01,Tim Flannery,26,SDP,NL,86,146,128,24,35,3,3,2,10,4,1,12,17,.273,.347,.391,.738,108,50,1,3,2,1,1,456
1984,fletcsc01,Scott Fletcher,25,CHW,AL,149,521,456,46,114,13,3,3,35,10,4,46,46,.250,.328,.311,.640,75,142,5,8,9,2,2,*64/5
1984,flynndo01,Doug Flynn,33,MON,NL,124,382,366,23,89,12,1,0,17,0,0,12,41,.243,.267,.281,.549,58,103,5,0,4,0,6,46
1984,foleyma01,Marv Foley,30,TEX,AL,63,134,115,13,25,2,0,6,19,0,0,15,24,.217,.306,.391,.697,90,45,1,1,0,3,1,2/D35
1984,foleyto02,Tom Foley,24,CIN,NL,106,304,277,26,70,8,3,5,27,3,2,24,36,.253,.310,.357,.668,85,99,2,0,1,2,7,64/5
1984,foliti01,Tim Foli,33,NYY,AL,61,172,163,8,41,11,0,0,16,0,0,2,16,.252,.265,.319,.584,64,52,4,1,6,0,0,645/3D
1984,fordda01,Dan Ford,32,BAL,AL,25,100,91,7,21,4,0,1,5,1,0,7,13,.231,.286,.308,.593,67,28,3,0,2,0,0,9/D
1984,forscbo01,Bob Forsch,34,STL,NL,16,17,16,1,4,1,0,0,3,0,0,0,3,.250,.250,.313,.563,59,5,1,0,1,0,0,1
1984,forstte01,Terry Forster,32,ATL,NL,25,3,3,1,2,0,0,0,1,0,0,0,1,.667,.667,.667,1.333,267,2,0,0,0,0,0,1
1984,fostege01,George Foster,35,NYM,NL,146,595,553,67,149,22,1,24,86,2,2,30,122,.269,.311,.443,.754,111,245,14,6,0,6,9,*7
1984,francjo01,John Franco,23,CIN,NL,54,4,3,0,0,0,0,0,0,0,0,0,2,.000,.000,.000,.000,-100,0,0,0,1,0,0,1
1984,francju01,Julio Franco,25,CLE,AL,160,718,658,82,188,22,5,3,79,19,10,43,68,.286,.331,.348,.679,87,229,23,6,1,10,1,*6/D
1984,francte01,Terry Francona,25,MON,NL,58,223,214,18,74,19,2,1,18,0,0,5,12,.346,.360,.467,.828,136,100,4,1,1,2,3,3/79
1984,frazige01,George Frazier,29,TOT,MLB,37,7,7,0,2,0,0,0,0,0,1,0,1,.286,.286,.286,.571,57,2,0,0,0,0,0,1
1984,frazige01,George Frazier,29,CHC,NL,37,7,7,0,2,0,0,0,0,0,1,0,1,.286,.286,.286,.571,57,2,0,0,0,0,0,1
1984,frobedo01,Doug Frobel,25,PIT,NL,126,306,276,33,56,9,3,12,28,7,5,24,84,.203,.271,.388,.658,84,107,7,2,3,1,2,*9
1984,fuentmi02,Mike Fuentes,26,MON,NL,3,5,4,0,1,0,0,0,0,0,0,1,2,.250,.400,.250,.650,90,1,0,0,0,0,0,/7
1984,gaettga01,Gary Gaetti,25,MIN,AL,162,644,588,55,154,29,4,5,65,11,5,44,81,.262,.315,.350,.665,82,206,9,4,3,5,1,*5/76
1984,gaffbr01,Brent Gaff,25,NYM,NL,47,6,6,0,0,0,0,0,0,0,0,0,2,.000,.000,.000,.000,-100,0,0,0,0,0,0,1
1984,gagnegr01,Greg Gagne,22,MIN,AL,2,1,1,0,0,0,0,0,0,0,0,0,0,.000,.000,.000,.000,-100,0,0,0,0,0,0,
1984,gamblos01,Oscar Gamble,34,NYY,AL,54,151,125,17,23,2,0,10,27,1,0,25,18,.184,.318,.440,.758,112,55,1,0,0,1,0,D9
1984,gantnji01,Jim Gantner,31,MIL,AL,153,658,613,61,173,27,1,3,56,6,5,30,51,.282,.314,.344,.658,86,211,16,3,2,10,0,*4
1984,garbege01,Gene Garber,36,ATL,NL,62,15,14,1,2,0,0,0,0,0,0,0,5,.143,.143,.143,.286,-21,2,1,0,1,0,0,1
1984,garbeba01,Barbaro Garbey,27,DET,AL,110,348,327,45,94,17,1,5,52,6,7,17,35,.287,.325,.391,.716,99,128,8,2,0,2,2,35D/7489
1984,garcida01,Damaso Garcia,27,TOR,AL,152,665,633,79,180,32,5,5,46,46,12,16,46,.284,.310,.374,.684,86,237,6,9,3,4,1,*4/D
1984,garciki01,Kiko Garcia,30,PHI,NL,57,64,60,6,14,2,0,0,5,0,0,4,11,.233,.281,.267,.548,54,16,4,0,0,0,1,65/4
1984,gardero01,Ron Gardenhire,26,NYM,NL,74,218,207,20,51,7,1,1,10,6,1,9,43,.246,.276,.304,.581,64,63,7,0,1,1,1,64/5
1984,gardnwe01,Wes Gardner,23,NYM,NL,21,1,1,1,0,0,0,0,0,0,0,0,0,.000,.000,.000,.000,-100,0,0,0,0,0,0,1
1984,garneph01,Phil Garner,35,HOU,NL,128,430,374,60,104,17,6,4,45,3,2,43,63,.278,.355,.388,.743,117,145,9,4,5,4,2,54
1984,garresc01,Scott Garrelts,22,SFG,NL,21,10,10,0,1,0,0,0,0,0,0,0,3,.100,.100,.100,.200,-43,1,0,0,0,0,0,1
1984,garvest01,Steve Garvey,35,SDP,NL,161,653,617,72,175,27,2,8,86,1,2,24,64,.284,.307,.373,.680,91,230,25,1,1,10,3,*3
1984,gedmari01,Rich Gedman,24,BOS,AL,133,486,449,54,121,26,4,24,72,0,0,29,72,.269,.312,.506,.818,118,227,5,1,2,5,8,*2
1984,geiseda01,Dave Geisel,29,SEA,AL,1,0,0,0,0,0,0,0,0,0,0,0,0,,,,,,0,0,0,0,0,0,1
1984,gibbojo02,John Gibbons,22,NYM,NL,10,35,31,1,2,0,0,0,1,0,0,3,11,.065,.171,.065,.236,-31,2,0,1,0,0,1,/2
1984,gibsoki01,Kirk Gibson,27,DET,AL,149,611,531,92,150,23,10,27,91,29,9,63,103,.282,.363,.516,.879,142,274,4,8,3,6,6,*9/D8
1984,gladdda01,Dan Gladden,26,SFG,NL,86,384,342,71,120,17,2,4,31,31,16,33,37,.351,.410,.447,.857,145,153,3,2,6,1,2,8
1984,gomezra01,Randy Gomez,27,SFG,NL,14,38,30,0,5,1,0,0,0,0,0,8,3,.167,.342,.200,.542,58,6,2,0,0,0,0,2
1984,gonzare01,Rene Gonzales,23,MON,NL,29,33,30,5,7,1,0,0,2,0,0,2,5,.233,.303,.267,.570,65,8,0,1,0,0,0,6
1984,gonzade01,Denny Gonzalez,20,PIT,NL,26,91,82,9,15,3,1,0,4,1,1,7,21,.183,.247,.244,.491,39,20,4,0,2,0,1,56/7
1984,goodedw01,Dwight Gooden,19,NYM,NL,31,83,70,5,14,0,0,0,3,0,0,1,14,.200,.205,.200,.405,15,14,3,0,10,2,0,1
1984,gormato03,Tom Gorman,26,NYM,NL,36,3,3,0,0,0,0,0,0,0,0,0,1,.000,.000,.000,.000,-100,0,0,0,0,0,0,1
1984,gossari01,Rich Gossage,32,SDP,NL,62,25,22,0,4,0,0,0,0,0,0,1,8,.182,.217,.182,.399,14,4,0,0,2,0,0,1
1984,grantma01,Mark Grant,20,SFG,NL,11,20,17,0,0,0,0,0,0,0,0,0,10,.000,.056,.000,.056,-83,0,0,1,2,0,0,1
1984,graperi01,Rick Grapenthin,26,MON,NL,13,5,5,1,1,0,0,0,0,0,0,0,1,.200,.200,.200,.400,15,1,0,0,0,0,0,1
1984,greench01,Chris Green,23,PIT,NL,4,0,0,0,0,0,0,0,0,0,0,0,0,,,,,,0,0,0,0,0,0,/1
1984,greenda03,David Green,23,STL,NL,126,478,452,49,121,14,4,15,65,17,9,20,105,.268,.297,.416,.713,101,188,8,1,0,5,4,*3/98
1984,grichbo01,Bobby Grich,35,CAL,AL,116,432,363,60,93,15,1,18,58,2,5,57,70,.256,.357,.452,.809,124,164,11,2,6,4,3,435
1984,griffke01,Ken Griffey,34,NYY,AL,120,436,399,44,109,20,1,7,56,2,2,29,32,.273,.321,.381,.702,98,152,7,1,3,4,2,783/9D
1984,griffal01,Alfredo Griffin,26,TOR,AL,140,442,419,53,101,8,2,4,30,11,3,4,33,.241,.248,.298,.546,48,125,5,1,13,4,0,*64/D
1984,grossgr01,Greg Gross,31,PHI,NL,112,229,202,19,65,9,1,0,16,1,0,24,11,.322,.393,.376,.769,116,76,4,1,0,2,3,739/8
1984,grosske01,Kevin Gross,23,PHI,NL,44,33,30,0,2,0,0,0,0,1,0,1,21,.067,.097,.067,.163,-53,2,1,0,2,0,0,1
1984,grosswa01,Wayne Gross,32,BAL,AL,127,414,342,53,74,9,1,22,64,1,2,68,69,.216,.346,.442,.788,120,151,6,1,1,2,4,*5/3D
1984,grubbjo01,Johnny Grubb,35,DET,AL,86,216,176,25,47,5,0,8,17,1,0,36,36,.267,.395,.432,.827,131,76,1,2,1,1,5,D7/9
1984,grubeke01,Kelly Gruber,22,TOR,AL,15,16,16,1,1,0,0,1,2,0,0,0,5,.063,.063,.250,.313,-19,4,1,0,0,0,0,5/96
1984,guantce01,Cecilio Guante,24,PIT,NL,27,5,4,0,0,0,0,0,0,0,0,0,3,.000,.000,.000,.000,-100,0,0,0,1,0,0,1
1984,guerrpe01,Pedro Guerrero,28,LAD,NL,144,594,535,85,162,29,4,16,72,9,8,49,105,.303,.358,.462,.819,131,247,7,1,1,8,7,5983/7
1984,guidrro01,Ron Guidry,33,NYY,AL,1,0,0,0,0,0,0,0,0,0,0,0,0,,,,,,0,0,0,0,0,0,1
1984,guldebr01,Brad Gulden,28,CIN,NL,107,332,292,31,66,8,2,4,33,2,2,33,35,.226,.307,.308,.615,71,90,7,2,3,2,2,2
1984,gullibi01,Bill Gullickson,25,MON,NL,32,83,73,1,8,0,0,0,1,0,1,3,22,.110,.143,.110,.252,-27,8,0,0,6,1,0,1
1984,gutieja01,Jackie Gutierrez,24,BOS,AL,151,480,449,55,118,12,3,2,29,12,5,15,49,.263,.284,.316,.600,63,142,18,0,12,4,0,*6
1984,gwosddo01,Doug Gwosdz,24,SDP,NL,7,10,8,0,2,0,0,0,1,0,0,2,5,.250,.400,.250,.650,87,2,0,0,0,0,0,/2
1984,gwynnto01,Tony Gwynn,24,SDP,NL,158,675,606,88,213,21,10,5,71,33,18,59,23,.351,.410,.444,.853,141,269,15,2,6,2,13,*9/8
1984,hagenke01,Kevin Hagen,24,STL,NL,4,0,0,0,0,0,0,0,0,0,0,0,0,,,,,,0,0,0,0,0,0,/1
1984,hairsje01,Jerry Hairston,32,CHW,AL,115,271,227,41,59,13,2,5,19,2,1,41,29,.260,.373,.401,.774,111,91,3,1,0,2,3,D78/9
1984,hallal02,Albert Hall,26,ATL,NL,87,153,142,25,37,6,1,1,9,6,4,10,18,.261,.309,.338,.647,77,48,2,0,1,0,0,79/8
1984,hallme01,Mel Hall,23,TOT,MLB,131,463,407,68,108,24,4,11,52,3,2,47,78,.265,.339,.425,.764,108,173,5,2,0,7,8,*79/D8
1984,hallme01,Mel Hall,23,CHC,NL,48,164,150,25,42,11,3,4,22,2,1,12,23,.280,.329,.473,.803,117,71,2,0,0,2,3,9/87
1984,hallme01,Mel Hall,23,CLE,AL,83,299,257,43,66,13,1,7,30,1,1,35,55,.257,.344,.397,.741,104,102,3,2,0,5,5,7/D98
1984,hammaat01,Atlee Hammaker,26,SFG,NL,6,13,11,1,2,0,0,0,1,0,0,2,3,.182,.308,.182,.490,43,2,0,0,0,0,0,/1
1984,hancoga01,Garry Hancock,30,OAK,AL,51,61,60,2,13,2,0,0,8,0,0,0,1,.217,.217,.250,.467,34,15,4,0,1,0,0,/79D381
1984,hargrmi01,Mike Hargrove,34,CLE,AL,133,410,352,44,94,14,2,2,44,0,2,53,38,.267,.361,.335,.696,93,118,12,0,3,2,3,*3
1984,harpebr01,Brian Harper,24,PIT,NL,46,121,112,4,29,4,0,2,11,0,0,5,11,.259,.300,.348,.648,82,39,4,2,1,1,0,7/92
1984,harpete01,Terry Harper,28,ATL,NL,40,108,102,4,16,3,1,0,8,4,1,4,21,.157,.194,.206,.400,10,21,6,1,0,1,0,7/9
1984,harrato01,Toby Harrah,35,NYY,AL,88,299,253,40,55,9,4,1,26,3,0,42,28,.217,.331,.296,.628,79,75,9,2,0,2,2,5/4D9
1984,harrigr01,Greg Harris,28,TOT,NL,34,9,9,3,3,1,0,0,0,0,0,0,2,.333,.333,.444,.778,118,4,0,0,0,0,0,1
1984,harrigr01,Greg Harris,28,MON,NL,15,1,1,0,0,0,0,0,0,0,0,0,1,.000,.000,.000,.000,-100,0,0,0,0,0,0,1
1984,harrigr01,Greg Harris,28,SDP,NL,19,8,8,3,3,1,0,0,0,0,0,0,1,.375,.375,.500,.875,145,4,0,0,0,0,0,1
1984,hartmi02,Mike Hart,26,MIN,AL,13,31,29,0,5,0,0,0,5,0,1,1,2,.172,.194,.172,.366,1,5,0,0,0,1,0,/79
1984,hassero01,Ron Hassey,31,TOT,MLB,67,202,182,16,49,5,1,2,24,1,1,19,32,.269,.337,.341,.677,87,62,5,0,0,1,3,2/3D
1984,hassero01,Ron Hassey,31,CLE,AL,48,165,149,11,38,5,1,0,19,1,0,15,26,.255,.321,.302,.623,73,45,4,0,0,1,2,2/3D
1984,hassero01,Ron Hassey,31,CHC,NL,19,37,33,5,11,0,0,2,5,0,1,4,6,.333,.405,.515,.921,150,17,1,0,0,0,1,/23
1984,hasslan01,Andy Hassler,32,STL,NL,3,0,0,0,0,0,0,0,0,0,0,0,0,,,,,,0,0,0,0,0,0,/1
1984,hatchbi01,Billy Hatcher,23,CHC,NL,8,10,9,1,1,0,0,0,0,2,0,1,0,.111,.200,.111,.311,-13,1,0,0,0,0,1,/7
1984,hatchmi01,Mickey Hatcher,29,MIN,AL,152,624,576,61,174,35,5,5,69,0,1,37,34,.302,.342,.406,.748,104,234,17,2,1,8,3,7D3/5
1984,hawkian01,Andy Hawkins,24,SDP,NL,36,45,41,2,8,0,0,0,1,0,0,1,14,.195,.214,.195,.409,16,8,1,0,3,0,0,1
1984,hayesvo01,Von Hayes,25,PHI,NL,152,622,561,85,164,27,6,16,67,48,13,59,84,.292,.359,.447,.806,124,251,10,0,0,2,4,*897
1984,heathmi02,Mike Heath,29,OAK,AL,140,508,475,49,118,21,5,13,64,7,4,26,72,.248,.287,.396,.682,94,188,14,1,2,4,2,297/5D6
1984,hebneri01,Richie Hebner,36,CHC,NL,44,91,81,12,27,3,0,2,8,1,0,10,15,.333,.407,.444,.851,132,36,2,0,0,0,2,5/379
1984,heepda01,Danny Heep,26,NYM,NL,99,233,199,36,46,9,2,1,12,3,1,27,22,.231,.319,.312,.631,79,62,9,1,1,5,3,793
1984,hendeda01,Dave Henderson,25,SEA,AL,112,374,350,42,98,23,0,14,43,5,5,19,56,.280,.320,.466,.786,117,163,4,2,2,1,0,89D
1984,henderi01,Rickey Henderson,25,OAK,AL,142,597,502,113,147,27,4,16,58,66,18,86,81,.293,.399,.458,.857,146,230,7,5,1,3,1,*7/8
1984,hendest01,Steve Henderson,31,SEA,AL,109,364,325,42,85,12,3,10,35,2,4,38,62,.262,.341,.409,.750,109,133,6,1,0,0,4,7D
1984,hendrge01,George Hendrick,34,STL,NL,120,480,441,57,122,28,1,9,69,0,2,32,75,.277,.324,.406,.729,106,179,13,1,0,5,2,*9/3
1984,hernake01,Keith Hernandez,30,NYM,NL,154,657,550,83,171,31,0,15,94,2,3,97,89,.311,.409,.449,.859,143,247,9,1,0,9,12,*3
1984,hernato01,Toby Hernandez,25,TOR,AL,3,2,2,1,1,0,0,0,0,0,0,0,0,.500,.500,.500,1.000,174,1,0,0,0,0,0,/2
1984,hernawi01,Willie Hernandez,29,DET,AL,2,0,0,0,0,0,0,0,0,0,0,0,0,,,,,,0,0,0,0,0,0,1
1984,herndla01,Larry Herndon,30,DET,AL,125,446,407,52,114,18,5,7,43,6,2,32,63,.280,.333,.400,.734,104,163,8,2,1,3,1,*7/D
1984,herrto01,Tom Herr,28,STL,NL,145,622,558,67,154,23,2,4,49,13,7,49,56,.276,.335,.346,.681,94,193,11,2,10,3,2,*4
1984,hershor01,Orel Hershiser,25,LAD,NL,45,62,50,4,10,0,0,0,2,0,0,3,14,.200,.259,.200,.459,32,10,0,1,8,0,0,1
1984,heskejo01,Joe Hesketh,25,MON,NL,11,12,10,1,1,0,0,0,1,0,0,2,4,.100,.250,.100,.350,4,1,1,0,0,0,0,1
1984,hilldo01,Donnie Hill,23,OAK,AL,73,185,174,21,40,6,0,2,16,1,1,5,12,.230,.249,.299,.547,57,52,3,0,4,2,0,6/45D
1984,hillma01,Marc Hill,32,CHW,AL,77,209,193,15,45,10,1,5,20,0,1,9,26,.233,.275,.373,.648,74,72,12,2,5,0,0,2/3
1984,hodgero01,Ron Hodges,35,NYM,NL,64,132,106,5,22,3,0,1,11,1,1,23,18,.208,.351,.264,.615,77,28,3,1,1,1,0,2
1984,hoffmgl01,Glenn Hoffman,25,BOS,AL,64,80,74,8,14,4,0,0,4,0,1,5,10,.189,.241,.243,.484,32,18,3,0,1,0,0,6/54
1984,hollaal01,Al Holland,31,PHI,NL,68,5,5,0,0,0,0,0,0,0,0,0,4,.000,.000,.000,.000,-100,0,0,0,0,0,0,1
1984,honeyri01,Rick Honeycutt,30,LAD,NL,29,68,56,1,8,0,0,0,1,1,0,3,17,.143,.186,.143,.329,-5,8,1,0,9,0,0,1
1984,hootobu01,Burt Hooton,34,LAD,NL,54,17,14,0,1,0,0,0,1,0,0,0,3,.071,.071,.071,.143,-59,1,0,0,3,0,0,1
1984,hornebo01,Bob Horner,26,ATL,NL,32,129,113,15,31,8,0,3,19,0,0,14,17,.274,.349,.425,.774,111,48,3,0,0,2,2,5
1984,hortori01,Ricky Horton,24,STL,NL,39,38,31,2,2,0,0,0,0,0,0,1,13,.065,.094,.065,.158,-54,2,0,0,6,0,0,1
1984,hosteda01,Dave Hostetler,28,TEX,AL,37,95,82,7,18,2,1,3,10,0,0,13,27,.220,.326,.378,.704,93,31,5,0,0,0,0,3D
1984,housepa02,Paul Householder,25,TOT,NL,27,30,26,4,3,1,0,0,0,1,1,3,6,.115,.207,.154,.361,3,4,1,0,0,0,1,9/78
1984,housepa02,Paul Householder,25,CIN,NL,14,16,12,3,1,1,0,0,0,1,1,3,3,.083,.267,.167,.433,23,2,0,0,0,0,1,/978
1984,housepa02,Paul Householder,25,STL,NL,13,14,14,1,2,0,0,0,0,0,0,0,3,.143,.143,.143,.286,-18,2,1,0,0,0,0,/798
1984,howear01,Art Howe,37,STL,NL,89,161,139,17,30,5,0,2,12,0,2,18,18,.216,.300,.295,.595,70,41,6,0,1,3,1,53/46
1984,howelja01,Jay Howell,28,NYY,AL,1,0,0,0,0,0,0,0,0,0,0,0,0,,,,,,0,0,0,0,0,0,1
1984,howelke01,Ken Howell,23,LAD,NL,32,6,5,0,0,0,0,0,0,0,0,0,3,.000,.000,.000,.000,-100,0,0,0,1,0,0,1
1984,howelro02,Roy Howell,30,MIL,AL,68,176,164,12,38,5,1,4,17,0,1,8,32,.232,.284,.348,.632,77,57,9,4,0,0,1,5/D3
1984,hoytla01,LaMarr Hoyt,29,CHW,AL,1,0,0,0,0,0,0,0,0,0,0,0,0,,,,,,0,0,0,0,0,0,1/
1984,hrbekke01,Kent Hrbek,24,MIN,AL,149,635,559,80,174,31,3,27,107,1,1,65,87,.311,.383,.522,.906,145,292,17,4,1,6,15,*3/D
1984,hubbagl01,Glenn Hubbard,26,ATL,NL,120,461,397,53,93,27,2,9,43,4,1,55,61,.234,.331,.380,.712,95,151,8,4,2,3,6,*4
1984,hudlere01,Rex Hudler,23,NYY,AL,9,9,7,2,1,1,0,0,0,0,0,1,5,.143,.333,.286,.619,77,2,0,1,0,0,0,/4
1984,hudsoch02,Charles Hudson,25,PHI,NL,30,61,56,3,5,3,0,0,4,0,0,0,27,.089,.088,.143,.231,-37,8,0,0,4,1,0,1
1984,huletti01,Tim Hulett,24,CHW,AL,8,8,7,1,0,0,0,0,0,1,0,1,4,.000,.125,.000,.125,-62,0,0,0,0,0,0,/54
1984,humeto01,Tom Hume,31,CIN,NL,54,23,22,1,3,0,0,0,1,0,0,1,8,.136,.174,.136,.310,-13,3,1,0,0,0,0,1
1984,iorgda01,Dane Iorg,34,TOT,MLB,93,284,263,30,64,18,2,5,33,0,1,15,21,.243,.278,.384,.662,82,101,9,0,0,6,4,37/9D5
1984,iorgda01,Dane Iorg,34,STL,NL,15,30,28,3,4,2,0,0,3,0,0,2,6,.143,.200,.214,.414,18,6,2,0,0,0,1,/379
1984,iorgda01,Dane Iorg,34,KCR,AL,78,254,235,27,60,16,2,5,30,0,1,13,15,.255,.287,.404,.692,90,95,7,0,0,6,3,37/D95
1984,iorgga01,Garth Iorg,29,TOR,AL,121,257,247,24,56,10,3,1,25,1,3,5,16,.227,.244,.304,.548,49,75,7,1,3,1,0,*5/46D
1984,jacksre01,Reggie Jackson,38,CAL,AL,143,584,525,67,117,17,2,25,81,8,4,55,141,.223,.300,.406,.706,95,213,10,3,1,0,7,*D/9
1984,jacksro02,Ron Jackson,31,TOT,AL,45,128,119,5,23,4,1,0,7,0,2,7,17,.193,.236,.244,.480,34,29,3,0,1,1,1,35/7
1984,jacksro02,Ron Jackson,31,CAL,AL,33,100,91,5,15,2,1,0,5,0,0,7,13,.165,.222,.209,.431,21,19,3,0,1,1,1,3/57
1984,jacksro02,Ron Jackson,31,BAL,AL,12,28,28,0,8,2,0,0,2,0,2,0,4,.286,.286,.357,.643,80,10,0,0,0,0,0,5
1984,jacobbr01,Brook Jacoby,24,CLE,AL,126,483,439,64,116,19,3,7,40,3,2,32,73,.264,.314,.369,.683,87,162,13,3,2,7,0,*5/6
1984,jamesbo01,Bob James,25,MON,NL,62,14,14,0,2,0,0,0,1,0,0,0,11,.143,.143,.143,.286,-18,2,0,0,0,0,0,1
1984,jamesdi01,Dion James,21,MIL,AL,128,431,387,52,114,19,5,1,30,10,10,32,41,.295,.351,.377,.728,106,146,7,3,6,3,1,*98/7
1984,javiest01,Stan Javier,20,NYY,AL,7,7,7,1,1,0,0,0,0,0,0,0,1,.143,.143,.143,.286,-19,1,0,0,0,0,0,/89
1984,jeltzst01,Steve Jeltz,25,PHI,NL,28,77,68,7,14,0,1,1,7,2,1,7,11,.206,.276,.279,.556,56,19,3,0,1,1,1,6/5
1984,jimenho01,Houston Jimenez,26,MIN,AL,108,317,298,28,60,11,1,0,19,0,1,15,34,.201,.238,.245,.483,32,73,7,0,2,2,0,6
1984,johnsbi04,Bill Johnson,23,CHC,NL,4,0,0,0,0,0,0,0,0,0,0,0,0,,,,,,0,0,0,0,0,0,/1
1984,johnscl01,Cliff Johnson,36,TOR,AL,127,415,359,51,109,23,1,16,61,0,1,50,62,.304,.390,.507,.897,143,182,9,3,0,3,4,*D/3
1984,johnsho01,Howard Johnson,23,DET,AL,116,402,355,43,88,14,1,12,50,10,6,40,67,.248,.324,.394,.718,99,140,6,1,4,2,1,5/6D387
1984,johnsra04,Randy Johnson,28,ATL,NL,91,322,294,28,82,13,0,5,30,4,7,21,21,.279,.329,.374,.703,92,110,2,1,6,0,6,5
1984,johnsro03,Ron Johnson,28,MON,NL,5,5,5,0,1,0,0,0,1,0,0,0,2,.200,.200,.200,.400,15,1,0,0,0,0,0,/39
1984,johnsro04,Roy Johnson,25,MON,NL,16,40,33,2,5,2,0,1,2,1,0,7,10,.152,.300,.303,.603,73,10,0,0,0,0,0,/79
1984,johnswa03,Wallace Johnson,27,MON,NL,17,29,24,3,5,0,0,0,4,0,0,5,4,.208,.345,.208,.553,62,5,0,0,0,0,0,/3
1984,johnsja01,Jay Johnstone,38,CHC,NL,52,80,73,8,21,2,2,0,3,0,0,7,18,.288,.350,.370,.720,97,27,2,0,0,0,4,/978
1984,jonesbo02,Bob Jones,34,TEX,AL,64,156,143,14,37,4,0,4,22,1,1,10,19,.259,.308,.371,.678,85,53,0,1,0,2,1,379/D
1984,jonesly01,Lynn Jones,31,KCR,AL,47,109,103,11,31,6,0,1,10,1,3,4,9,.301,.330,.388,.719,99,40,4,1,0,1,0,97/8
1984,jonesro01,Ross Jones,24,NYM,NL,17,13,10,2,1,1,0,0,1,0,0,3,4,.100,.308,.200,.508,47,2,0,0,0,0,0,/645
1984,jonesru01,Ruppert Jones,29,DET,AL,79,237,215,26,61,12,1,12,37,2,4,21,47,.284,.346,.516,.862,137,111,5,0,0,1,0,78/D
1984,jorgemi01,Mike Jorgensen,35,TOT,NL,90,138,124,9,31,5,2,1,17,0,1,13,23,.250,.319,.347,.666,88,43,1,0,0,1,2,3/97
1984,jorgemi01,Mike Jorgensen,35,ATL,NL,31,30,26,4,7,1,0,0,5,0,1,3,6,.269,.333,.308,.641,77,8,0,0,0,1,1,/397
1984,jorgemi01,Mike Jorgensen,35,STL,NL,59,108,98,5,24,4,2,1,12,0,0,10,17,.245,.315,.357,.672,91,35,1,0,0,0,1,3
1984,juraked01,Ed Jurak,26,BOS,AL,47,79,66,6,16,3,1,1,7,0,2,12,12,.242,.359,.364,.723,97,24,1,0,1,0,0,34/56
1984,kearnbo01,Bob Kearney,27,SEA,AL,133,464,431,39,97,24,1,7,43,7,5,18,72,.225,.257,.334,.591,64,144,7,2,9,4,0,*2
1984,kempst01,Steve Kemp,29,NYY,AL,94,361,313,37,91,12,1,7,41,4,1,40,54,.291,.369,.403,.771,118,126,12,1,3,4,0,7D
1984,kennete02,Terry Kennedy,28,SDP,NL,148,570,530,54,127,16,1,14,57,1,2,33,99,.240,.284,.353,.637,79,187,16,2,0,5,8,*2
1984,kepshku01,Kurt Kepshire,24,STL,NL,17,42,36,0,2,1,0,0,0,0,0,1,23,.056,.081,.083,.164,-53,3,0,0,5,0,0,1
1984,kernji01,Jim Kern,35,TOT,MLB,8,1,1,0,0,0,0,0,0,0,0,0,1,.000,.000,.000,.000,-100,0,0,0,0,0,0,1
1984,kernji01,Jim Kern,35,PHI,NL,8,1,1,0,0,0,0,0,0,0,0,0,1,.000,.000,.000,.000,-100,0,0,0,0,0,0,/1
1984,kiefest01,Steve Kiefer,23,OAK,AL,23,45,40,7,7,1,2,0,2,2,1,2,10,.175,.209,.300,.509,45,12,0,0,2,1,0,6/D5
1984,kingmda01,Dave Kingman,35,OAK,AL,147,613,549,68,147,23,1,35,118,2,1,44,119,.268,.321,.505,.826,133,277,7,6,0,14,8,*D/3
1984,kittlro01,Ron Kittle,26,CHW,AL,139,525,466,67,100,15,0,32,74,3,6,49,137,.215,.295,.453,.748,100,211,7,6,0,4,5,*7/D
1984,kneppbo01,Bob Knepper,30,HOU,NL,35,89,76,6,13,2,0,1,8,1,0,7,28,.171,.241,.237,.478,40,18,1,0,6,0,0,1
1984,kniceal01,Alan Knicely,29,CIN,NL,10,35,29,0,4,0,0,0,5,0,0,3,6,.138,.200,.138,.338,-5,4,1,0,0,3,0,/32
1984,knighra01,Ray Knight,31,TOT,NL,115,398,371,28,88,14,0,3,35,0,3,21,43,.237,.279,.299,.578,68,111,5,2,0,4,2,53
1984,knighra01,Ray Knight,31,HOU,NL,88,297,278,15,62,10,0,2,29,0,3,14,30,.223,.259,.281,.540,58,78,4,1,0,4,1,53
1984,knighra01,Ray Knight,31,NYM,NL,27,101,93,13,26,4,0,1,6,0,0,7,13,.280,.337,.355,.691,96,33,1,1,0,0,1,5/3
1984,kommibr01,Brad Komminsk,23,ATL,NL,90,334,301,37,61,10,0,8,36,18,8,29,77,.203,.276,.316,.592,62,95,5,2,1,1,0,97/8
1984,koosmje01,Jerry Koosman,41,PHI,NL,36,89,74,2,8,0,0,0,3,0,0,1,23,.108,.120,.108,.228,-36,8,3,0,14,0,0,1
1984,krawcra01,Ray Krawczyk,24,PIT,NL,4,0,0,0,0,0,0,0,0,0,0,0,0,,,,,,0,0,0,0,0,0,/1
1984,krencwa01,Wayne Krenchicki,29,CIN,NL,97,204,181,18,54,9,2,6,22,0,1,19,23,.298,.358,.470,.827,128,85,4,0,0,4,3,5/34
1984,krukomi01,Mike Krukow,32,SFG,NL,36,76,72,5,10,1,0,0,2,0,0,1,19,.139,.149,.153,.301,-14,11,1,0,2,1,0,1
1984,kuipedu01,Duane Kuiper,34,SFG,NL,83,130,115,8,23,1,0,0,11,0,1,12,10,.200,.273,.209,.482,40,24,2,0,2,1,5,4/3
1984,kunkeje01,Jeff Kunkel,22,TEX,AL,50,150,142,13,29,2,3,3,7,4,3,2,35,.204,.218,.324,.542,46,46,2,1,3,2,0,6/D
1984,kuntzru01,Rusty Kuntz,29,DET,AL,84,168,140,32,40,12,0,2,22,2,2,25,28,.286,.393,.414,.807,125,58,2,1,0,2,1,987D
1984,laceybo01,Bob Lacey,30,SFG,NL,34,6,6,1,2,0,0,0,1,0,0,0,2,.333,.333,.333,.667,91,2,0,0,0,0,0,1
1984,lacosmi01,Mike LaCoss,28,HOU,NL,39,38,31,1,4,1,0,0,1,0,0,0,16,.129,.125,.161,.286,-17,5,1,0,6,1,0,1
1984,lacyle01,Lee Lacy,36,PIT,NL,138,520,474,66,152,26,3,12,70,21,11,32,61,.321,.362,.464,.826,132,220,10,0,12,2,2,*97/4
1984,lagami01,Mike Laga,24,DET,AL,9,12,11,1,6,0,0,0,1,0,0,1,2,.545,.583,.545,1.129,217,6,0,0,0,0,0,/3D
1984,lahtije01,Jeff Lahti,27,STL,NL,63,7,6,0,1,0,0,0,0,0,0,0,2,.167,.167,.167,.333,-5,1,0,0,1,0,0,1
1984,lakest01,Steve Lake,27,CHC,NL,25,57,54,4,12,4,0,2,7,0,0,0,7,.222,.232,.407,.640,71,22,0,1,1,1,0,2
1984,landera01,Rafael Landestoy,31,LAD,NL,53,57,54,10,10,0,0,1,2,2,1,1,6,.185,.200,.241,.441,25,13,1,0,2,0,0,45/97
1984,landrke01,Ken Landreaux,29,LAD,NL,134,477,438,39,110,11,5,11,47,10,9,29,35,.251,.295,.374,.670,89,164,7,1,3,6,3,*89/7
1984,landrti01,Tito Landrum,29,STL,NL,105,187,173,21,47,9,1,3,26,3,4,10,27,.272,.306,.387,.694,96,67,8,0,1,3,1,798
1984,lansfca01,Carney Lansford,27,OAK,AL,151,651,597,70,179,31,5,14,74,9,3,40,62,.300,.342,.439,.781,123,262,12,3,2,9,6,*5
1984,lapoida01,Dave LaPoint,24,STL,NL,33,71,59,3,4,0,0,0,3,0,0,2,19,.068,.097,.068,.165,-52,4,2,0,9,1,0,1
1984,laskebi01,Bill Laskey,26,SFG,NL,35,71,63,3,4,0,0,0,0,0,0,4,26,.063,.119,.063,.183,-46,4,1,0,4,0,0,1
1984,laudnti01,Tim Laudner,26,MIN,AL,87,284,262,31,54,16,1,10,35,0,0,18,78,.206,.258,.389,.647,74,102,4,1,1,2,0,2/D
1984,lavalmi01,Mike LaValliere,23,PHI,NL,6,9,7,0,0,0,0,0,0,0,0,2,2,.000,.222,.000,.222,-33,0,0,0,0,0,0,/2
1984,lavelga01,Gary Lavelle,35,SFG,NL,77,6,5,0,0,0,0,0,0,0,0,1,4,.000,.167,.000,.167,-49,0,0,0,0,0,0,1
1984,lawru01,Rudy Law,27,CHW,AL,136,534,487,68,122,14,7,6,37,29,17,39,42,.251,.309,.345,.654,78,168,9,3,4,1,6,*87/D
1984,lawva01,Vance Law,27,CHW,AL,151,533,481,60,121,18,2,17,59,4,1,41,75,.252,.309,.403,.713,92,194,13,1,6,4,2,*54/86
1984,lawleto01,Tom Lawless,27,TOT,NL,54,106,97,11,23,3,0,1,2,7,3,8,16,.237,.295,.299,.594,66,29,4,0,1,0,1,4/5
1984,lawleto01,Tom Lawless,27,CIN,NL,43,89,80,10,20,2,0,1,2,6,3,8,12,.250,.318,.313,.631,76,25,1,0,1,0,1,4/5
1984,lawleto01,Tom Lawless,27,MON,NL,11,17,17,1,3,1,0,0,0,1,0,0,4,.176,.176,.235,.412,17,4,3,0,0,0,0,/4
1984,leach01,Charlie Lea,27,MON,NL,30,85,72,3,8,0,0,0,0,0,0,1,24,.111,.123,.111,.234,-32,8,2,0,12,0,0,1
1984,leachri01,Rick Leach,27,TOR,AL,65,97,88,11,23,6,2,0,7,0,0,8,14,.261,.320,.375,.695,89,33,3,0,0,1,0,93/D781
1984,learyti01,Tim Leary,25,NYM,NL,20,13,10,2,3,0,0,1,1,1,0,0,2,.300,.300,.600,.900,149,6,0,0,3,0,0,1
1984,leepeda01,Dave Leeper,24,KCR,AL,4,6,6,1,0,0,0,0,0,0,0,0,1,.000,.000,.000,.000,-100,0,0,0,0,0,0,/7D
1984,lefebjo01,Joe Lefebvre,28,PHI,NL,52,187,160,22,40,9,0,3,18,0,2,23,37,.250,.348,.363,.710,99,58,5,2,0,2,4,97/5
1984,leffecr01,Craig Lefferts,26,SDP,NL,62,18,17,1,5,1,0,0,0,0,0,0,6,.294,.294,.353,.647,82,6,0,0,1,0,0,1
1984,lemasjo01,Johnnie LeMaster,30,SFG,NL,132,493,451,46,98,13,2,4,32,17,5,31,97,.217,.265,.282,.547,56,127,6,0,7,4,5,*6
1984,lemonch01,Chet Lemon,29,DET,AL,141,574,509,77,146,34,6,20,76,5,5,51,83,.287,.357,.495,.852,135,252,16,7,2,4,9,*8/D
1984,leonaje01,Jeffrey Leonard,28,SFG,NL,136,566,514,76,155,27,2,21,86,17,7,47,123,.302,.357,.484,.841,138,249,13,0,0,5,3,*78/9
1984,lerchra01,Randy Lerch,29,SFG,NL,37,18,15,2,2,0,0,0,1,0,0,3,5,.133,.278,.133,.411,21,2,0,0,0,0,0,1
1984,leslebr01,Brad Lesley,25,CIN,NL,16,2,2,0,1,0,0,0,1,0,0,0,0,.500,.500,.500,1.000,178,1,0,0,0,0,0,1
1984,lezcasi01,Sixto Lezcano,30,PHI,NL,109,294,256,36,71,6,2,14,40,0,1,38,43,.277,.371,.480,.851,136,123,11,0,0,0,1,9/7
1984,linarru01,Rufino Linares,33,ATL,NL,34,66,58,4,12,3,0,1,10,0,0,6,12,.207,.273,.310,.583,60,18,1,0,0,2,0,7/9
1984,littlbr01,Bryan Little,24,MON,NL,85,309,266,31,65,11,1,0,9,2,3,34,19,.244,.332,.293,.625,81,78,3,1,8,0,0,4/6
1984,lollati01,Tim Lollar,28,SDP,NL,31,76,68,6,15,1,1,3,15,0,0,6,21,.221,.280,.397,.677,89,27,1,0,1,1,0,1
1984,lomando01,Doug Loman,26,MIL,AL,23,93,76,13,21,4,0,2,12,0,2,15,7,.276,.402,.408,.810,130,31,0,1,1,0,2,7/9
1984,lopesda01,Davey Lopes,39,TOT,MLB,88,290,247,37,63,12,1,9,36,15,0,37,41,.255,.351,.421,.772,120,104,8,1,2,3,1,94/8D57
1984,lopesda01,Davey Lopes,39,OAK,AL,72,267,230,32,59,11,1,9,36,12,0,31,36,.257,.343,.430,.774,121,99,8,1,2,3,1,94/D857
1984,lopesda01,Davey Lopes,39,CHC,NL,16,23,17,5,4,1,0,0,0,3,0,6,5,.235,.435,.294,.729,103,5,0,0,0,0,0,/9478
1984,lopezau01,Aurelio Lopez,35,DET,AL,1,0,0,0,0,0,0,0,0,0,0,0,0,,,,,,0,0,0,0,0,0,1
1984,lowenjo01,John Lowenstein,37,BAL,AL,105,307,270,34,64,13,0,8,28,1,0,33,54,.237,.319,.374,.693,94,101,5,1,0,3,3,7D/3
1984,lowrydw01,Dwight Lowry,26,DET,AL,32,52,45,8,11,2,0,2,7,0,0,3,11,.244,.292,.422,.714,96,19,3,0,4,0,0,2
1984,lozadwi01,Willie Lozado,25,MIL,AL,43,124,107,15,29,8,2,1,20,0,3,12,23,.271,.339,.411,.750,111,44,1,0,3,2,0,5/6D4
1984,lucasga01,Gary Lucas,29,MON,NL,55,4,4,0,0,0,0,0,0,0,0,0,2,.000,.000,.000,.000,-100,0,0,0,0,0,0,1
1984,luzingr01,Greg Luzinski,33,CHW,AL,125,477,412,47,98,13,0,13,58,5,1,56,80,.238,.329,.364,.693,89,150,11,3,0,6,3,*D
1984,lynched01,Ed Lynch,28,NYM,NL,40,30,27,0,6,1,0,0,1,0,0,0,9,.222,.222,.259,.481,36,7,1,0,3,0,0,1
1984,lynnfr01,Fred Lynn,32,CAL,AL,142,600,517,84,140,28,4,23,79,2,2,77,97,.271,.366,.474,.840,132,245,14,2,2,2,8,*98
1984,lyonsbi01,Bill Lyons,26,STL,NL,46,83,73,13,16,3,0,0,3,3,1,9,13,.219,.305,.260,.565,62,19,0,0,1,0,1,46/5
1984,maddemi01,Mike Madden,27,HOU,NL,17,7,6,1,2,0,0,0,0,0,0,1,3,.333,.429,.333,.762,125,2,0,0,0,0,0,1
1984,maddoga01,Garry Maddox,34,PHI,NL,77,258,241,29,68,11,0,5,19,3,2,13,29,.282,.316,.390,.706,97,94,2,0,1,2,1,8
1984,madlobi01,Bill Madlock,33,PIT,NL,103,435,403,38,102,16,0,4,44,3,1,26,29,.253,.297,.323,.620,75,130,11,1,1,4,5,5/3
1984,mahleri01,Rick Mahler,30,ATL,NL,38,76,71,6,21,3,0,0,3,0,0,2,8,.296,.315,.338,.653,79,24,1,0,3,0,0,1
1984,maldoca01,Candy Maldonado,23,LAD,NL,116,278,254,25,68,14,0,5,28,0,3,19,29,.268,.318,.382,.700,98,97,6,1,1,3,0,98/75
1984,manniri01,Rick Manning,29,MIL,AL,119,380,341,53,85,10,5,7,31,5,7,34,32,.249,.318,.370,.688,94,126,7,1,3,1,1,*8/D
1984,manrifr01,Fred Manrique,22,TOR,AL,10,9,9,0,3,0,0,0,1,0,0,0,1,.333,.333,.333,.667,83,3,1,0,0,0,0,/4D
1984,marshmi02,Mike Marshall,24,LAD,NL,134,541,495,68,127,27,0,21,65,4,3,40,93,.257,.315,.438,.753,112,217,12,3,1,2,6,*73/9
1984,martije01,Jerry Martin,35,NYM,NL,51,97,91,6,14,1,0,3,5,0,0,6,29,.154,.206,.264,.470,32,24,5,0,0,0,0,9/73
1984,martire01,Renie Martin,28,TOT,NL,21,8,8,0,3,0,0,0,0,0,0,0,2,.375,.375,.375,.750,114,3,0,0,0,0,0,1
1984,martire01,Renie Martin,28,SFG,NL,12,6,6,0,3,0,0,0,0,0,0,0,2,.500,.500,.500,1.000,186,3,0,0,0,0,0,1
1984,martire01,Renie Martin,28,PHI,NL,9,2,2,0,0,0,0,0,0,0,0,0,0,.000,.000,.000,.000,-100,0,0,0,0,0,0,/1
1984,martibu01,Buck Martinez,35,TOR,AL,102,273,232,24,51,13,1,5,37,0,3,29,49,.220,.301,.349,.651,77,81,2,2,1,9,0,2/D
1984,martica01,Carmelo Martinez,23,SDP,NL,149,570,488,64,122,28,2,13,66,1,3,68,82,.250,.340,.395,.736,107,193,7,4,0,10,4,*7/3
1984,matavi01,Victor Mata,23,NYY,AL,30,76,70,8,23,5,0,1,6,1,1,0,12,.329,.333,.443,.776,117,31,1,1,4,1,0,8/97
1984,matthga01,Gary Matthews,33,CHC,NL,147,608,491,101,143,21,2,14,82,17,8,103,97,.291,.410,.428,.838,129,210,10,3,1,10,2,*7
1984,mattido01,Don Mattingly,23,NYY,AL,153,662,603,91,207,44,2,23,110,1,1,41,33,.343,.381,.537,.918,156,324,15,1,8,9,8,*37/98
1984,matusle01,Len Matuszek,29,PHI,NL,101,309,262,40,65,17,1,12,43,4,3,39,54,.248,.350,.458,.808,124,120,7,4,0,4,4,3/7
1984,maymi01,Milt May,33,PIT,NL,50,107,96,4,17,3,0,1,8,0,1,10,15,.177,.255,.240,.494,40,23,3,0,1,0,1,2
1984,mazzile01,Lee Mazzilli,29,PIT,NL,111,309,266,37,63,11,1,4,21,8,1,40,42,.237,.338,.331,.668,89,88,5,1,1,1,2,7/3
1984,mccatst01,Steve McCatty,30,OAK,AL,1,0,0,0,0,0,0,0,0,0,0,0,0,,,,,,0,0,0,0,0,0,1
1984,mcgafan01,Andy McGaffigan,27,TOT,NL,30,13,10,0,0,0,0,0,0,0,0,0,7,.000,.000,.000,.000,-100,0,0,0,3,0,0,1
1984,mcgafan01,Andy McGaffigan,27,MON,NL,21,9,8,0,0,0,0,0,0,0,0,0,7,.000,.000,.000,.000,-100,0,0,0,1,0,0,1
1984,mcgafan01,Andy McGaffigan,27,CIN,NL,9,4,2,0,0,0,0,0,0,0,0,0,0,.000,.000,.000,.000,-100,0,0,0,2,0,0,/1
1984,mcgeewi01,Willie McGee,25,STL,NL,145,604,571,82,166,19,11,6,50,43,10,29,80,.291,.325,.394,.719,103,225,12,1,0,3,2,*8
1984,mcgratu01,Tug McGraw,39,PHI,NL,25,3,3,0,1,0,0,0,0,0,0,0,0,.333,.333,.333,.667,87,1,0,0,0,0,0,1
1984,mcmurcr01,Craig McMurtry,24,ATL,NL,40,62,52,4,6,0,1,0,1,1,0,2,27,.115,.148,.154,.302,-17,8,0,0,8,0,0,1
1984,mcraeha01,Hal McRae,38,KCR,AL,106,361,317,30,96,13,4,3,42,0,3,34,47,.303,.363,.397,.760,111,126,10,1,0,9,3,D
1984,mcreyke01,Kevin McReynolds,24,SDP,NL,147,571,525,68,146,26,6,20,75,3,6,34,69,.278,.317,.465,.782,118,244,14,0,3,9,8,*8
1984,mcwilla01,Larry McWilliams,30,PIT,NL,36,86,74,1,9,0,0,0,4,0,1,0,22,.122,.122,.122,.243,-31,9,0,0,12,0,0,1
1984,meachbo01,Bob Meacham,23,NYY,AL,99,418,360,62,91,13,4,2,25,9,5,32,70,.253,.312,.328,.640,81,118,2,3,14,9,0,6/4
1984,meierda01,Dave Meier,24,MIN,AL,59,158,147,18,35,8,1,0,13,0,1,6,9,.238,.271,.306,.577,57,45,5,1,3,1,0,79/D5
1984,melenfr01,Francisco Melendez,20,PHI,NL,21,24,23,0,3,0,0,0,2,0,0,1,5,.130,.167,.130,.297,-16,3,1,0,0,0,0,3
1984,mercaor01,Orlando Mercado,22,SEA,AL,30,84,78,5,17,3,1,0,5,1,0,4,12,.218,.265,.282,.547,53,22,1,1,1,0,0,2
1984,meridro01,Ron Meridith,27,CHC,NL,3,0,0,0,0,0,0,0,0,0,0,0,0,,,,,,0,0,0,0,0,0,/1
1984,meyerda01,Dan Meyer,31,OAK,AL,20,22,22,1,7,3,1,0,4,0,0,0,2,.318,.318,.545,.864,143,12,2,0,0,0,0,/3D
1984,milbola01,Larry Milbourne,33,SEA,AL,79,235,211,22,56,5,1,1,22,0,2,12,16,.265,.304,.313,.616,73,66,7,0,11,1,0,54/D6
1984,milleda01,Darrell Miller,26,CAL,AL,17,45,41,5,7,0,0,0,1,0,0,4,9,.171,.244,.171,.415,18,7,0,0,0,0,0,3/7
1984,milleed04,Eddie Miller,27,SDP,NL,13,14,14,4,4,0,1,1,2,4,0,0,4,.286,.286,.643,.929,155,9,0,0,0,0,0,/89
1984,millele01,Lemmie Miller,24,LAD,NL,8,13,12,1,2,0,0,0,0,0,0,1,2,.167,.231,.167,.397,15,2,0,0,0,0,0,/79
1984,milleri01,Rick Miller,36,BOS,AL,95,141,123,17,32,5,1,0,12,1,1,17,22,.260,.348,.317,.665,82,39,3,0,0,1,0,89/3
1984,milneed01,Eddie Milner,29,CIN,NL,117,397,336,44,78,8,4,7,29,21,13,51,50,.232,.333,.342,.676,88,115,2,2,4,4,3,8
1984,mintogr01,Greg Minton,32,SFG,NL,74,23,21,0,1,0,0,0,0,0,0,1,7,.048,.091,.048,.139,-59,1,1,0,1,0,0,1
1984,mirabpa01,Paul Mirabella,30,SEA,AL,1,0,0,0,0,0,0,0,0,0,0,0,0,,,,,,0,0,0,0,0,0,1
1984,mitchke01,Kevin Mitchell,22,NYM,NL,7,14,14,0,3,0,0,0,1,0,1,0,3,.214,.214,.214,.429,22,3,0,0,0,0,0,/5
1984,molitpa01,Paul Molitor,27,MIL,AL,13,49,46,3,10,1,0,0,6,1,0,2,8,.217,.245,.239,.484,37,11,0,0,0,1,0,/5D
1984,mondari01,Rick Monday,38,LAD,NL,31,57,47,4,9,2,0,1,7,0,0,8,16,.191,.309,.298,.607,73,14,0,0,2,0,3,3/79
1984,mongesi01,Sid Monge,33,TOT,MLB,13,1,1,0,0,0,0,0,0,0,0,0,0,.000,.000,.000,.000,-100,0,0,0,0,0,0,1
1984,mongesi01,Sid Monge,33,SDP,NL,13,1,1,0,0,0,0,0,0,0,0,0,0,.000,.000,.000,.000,-100,0,0,0,0,0,0,1
1984,moorech02,Charlie Moore,31,MIL,AL,70,203,188,13,44,7,1,2,17,0,4,10,26,.234,.275,.314,.589,66,59,6,1,3,1,0,9/28D
1984,mooredo01,Donnie Moore,30,ATL,NL,47,3,3,0,0,0,0,0,0,0,0,0,1,.000,.000,.000,.000,-100,0,0,0,0,0,0,1
1984,mooremi01,Mike Moore,24,SEA,AL,2,0,0,0,0,0,0,0,0,0,0,0,0,,,,,,0,0,0,0,0,0,1
1984,moraljo01,Jose Morales,39,LAD,NL,22,20,19,0,3,0,0,0,0,0,0,1,2,.158,.200,.158,.358,3,3,0,0,0,0,1,
1984,morelke01,Keith Moreland,30,CHC,NL,140,539,495,59,138,17,3,16,80,1,4,34,71,.279,.326,.422,.748,103,209,16,3,2,5,5,93/527
1984,morenom01,Omar Moreno,31,NYY,AL,117,382,355,37,92,12,6,4,38,20,11,18,48,.259,.294,.361,.654,84,128,3,1,4,4,1,8/D
1984,morgajo02,Joe Morgan,40,OAK,AL,116,438,365,50,89,21,0,6,43,8,3,66,39,.244,.356,.351,.707,104,128,6,1,0,6,4,4/D
1984,moronje01,Jeff Moronko,24,CLE,AL,7,23,19,1,3,1,0,0,3,0,0,3,5,.158,.273,.211,.483,35,4,0,0,1,0,0,/5D
1984,morriji01,Jim Morrison,31,PIT,NL,100,331,304,38,87,14,2,11,45,0,1,20,52,.286,.328,.454,.782,119,138,9,1,2,4,1,54/63
1984,mosebll01,Lloyd Moseby,24,TOR,AL,158,688,592,97,166,28,15,18,92,39,9,78,122,.280,.368,.470,.837,127,278,8,8,3,7,9,*8
1984,mosesjo01,John Moses,26,SEA,AL,19,39,35,3,12,1,1,0,2,1,0,2,5,.343,.395,.429,.823,131,15,0,1,1,0,0,8/7D
1984,motleda01,Darryl Motley,24,KCR,AL,146,557,522,64,148,25,6,15,70,10,12,28,73,.284,.319,.441,.760,109,230,23,1,2,4,2,*79/8
1984,mullira01,Rance Mulliniks,28,TOR,AL,125,379,343,41,111,21,5,3,42,2,3,33,44,.324,.383,.440,.823,124,151,5,1,0,2,3,*5/64
1984,mullifr01,Fran Mullins,27,SFG,NL,57,120,110,8,24,8,0,2,10,3,1,9,29,.218,.277,.345,.623,77,38,3,0,1,0,0,56/4
1984,mumphje01,Jerry Mumphrey,31,HOU,NL,151,586,524,66,152,20,3,9,83,15,7,56,79,.290,.355,.391,.746,118,205,12,0,0,6,7,*8
1984,murphda05,Dale Murphy,28,ATL,NL,162,691,607,94,176,32,8,36,100,19,7,79,134,.290,.372,.547,.919,149,332,13,2,0,3,20,*8
1984,murphdw01,Dwayne Murphy,29,OAK,AL,153,647,559,93,143,18,2,33,88,4,5,74,111,.256,.342,.472,.814,132,264,15,3,4,7,1,*8
1984,murraed02,Eddie Murray,28,BAL,AL,162,705,588,97,180,26,3,29,110,10,2,107,87,.306,.410,.509,.918,157,299,9,2,0,8,25,*3/D
1984,nahorbi01,Bill Nahorodny,30,SEA,AL,12,29,25,2,6,0,0,1,3,0,1,1,7,.240,.310,.360,.670,87,9,0,2,0,1,0,2/3
1984,narroje01,Jerry Narron,28,CAL,AL,69,162,150,9,37,5,0,3,17,0,0,8,12,.247,.286,.340,.626,74,51,7,1,1,2,1,2/3
1984,nelsori01,Ricky Nelson,25,SEA,AL,9,17,15,2,3,0,0,1,2,0,0,2,4,.200,.294,.400,.694,92,6,0,0,0,0,0,/D9
1984,nettlgr01,Graig Nettles,39,SDP,NL,124,465,395,56,90,11,1,20,65,0,0,58,55,.228,.329,.413,.742,108,163,12,5,0,7,4,*5
1984,newmaje01,Jeff Newman,35,BOS,AL,24,71,63,5,14,2,0,1,3,0,0,5,16,.222,.275,.302,.577,57,19,1,0,2,1,0,2
1984,nichore01,Reid Nichols,25,BOS,AL,74,141,124,14,28,5,1,1,14,2,1,12,18,.226,.307,.306,.614,68,38,0,3,1,1,1,87/9D
1984,nicosst01,Steve Nicosia,28,SFG,NL,48,144,132,9,40,11,2,2,19,1,1,8,14,.303,.336,.462,.798,126,61,3,0,1,3,0,2
1984,niedeto01,Tom Niedenfuer,24,LAD,NL,33,4,3,0,0,0,0,0,0,0,0,0,3,.000,.000,.000,.000,-100,0,0,0,1,0,0,1
1984,niekrjo01,Joe Niekro,39,HOU,NL,38,96,83,4,11,0,0,0,6,0,0,2,21,.133,.153,.133,.285,-16,11,0,0,11,0,0,1
1984,nietoto01,Tom Nieto,23,STL,NL,33,93,86,7,24,4,0,3,12,0,0,5,18,.279,.312,.430,.742,109,37,3,0,0,2,2,2
1984,nixonot01,Otis Nixon,25,CLE,AL,49,103,91,16,14,0,0,0,1,12,6,8,11,.154,.220,.154,.374,5,14,2,0,3,1,0,7/8
1984,noboaju01,Junior Noboa,19,CLE,AL,23,12,11,3,4,0,0,0,0,1,0,0,2,.364,.364,.364,.727,101,4,1,0,1,0,0,4/D
1984,nolanjo01,Joe Nolan,33,BAL,AL,35,75,62,2,18,1,1,1,9,0,0,12,10,.290,.400,.387,.787,123,24,0,0,0,1,4,D/2
1984,nolesdi01,Dickie Noles,27,TOT,MLB,21,11,10,0,0,0,0,0,0,0,0,1,6,.000,.091,.000,.091,-73,0,0,0,0,0,0,1
1984,nolesdi01,Dickie Noles,27,CHC,NL,21,11,10,0,0,0,0,0,0,0,0,1,6,.000,.091,.000,.091,-73,0,0,0,0,0,0,1
1984,nunezed01,Ed Nunez,21,SEA,AL,1,0,0,0,0,0,0,0,0,0,0,0,0,,,,,,0,0,0,0,0,0,1
1984,o'bermi01,Mike O'Berry,30,NYY,AL,13,34,32,3,8,2,0,0,5,0,0,2,2,.250,.294,.313,.607,72,10,0,0,0,0,0,2/5
1984,o'bripe03,Pete O'Brien,26,TEX,AL,142,581,520,57,149,26,2,18,80,3,5,53,50,.287,.348,.448,.796,117,233,11,0,1,7,8,*3/9
1984,o'malto01,Tom O'Malley,23,TOT,MLB,25,43,41,2,5,0,0,0,3,0,0,2,7,.122,.163,.122,.285,-19,5,1,0,0,0,0,5
1984,o'malto01,Tom O'Malley,23,SFG,NL,13,27,25,2,3,0,0,0,0,0,0,2,2,.120,.185,.120,.305,-11,3,0,0,0,0,0,/5
1984,o'malto01,Tom O'Malley,23,CHW,AL,12,16,16,0,2,0,0,0,3,0,0,0,5,.125,.125,.125,.250,-32,2,1,0,0,0,0,/5
1984,oberkke01,Ken Oberkfell,28,TOT,NL,100,362,324,38,87,19,2,1,21,2,5,31,27,.269,.331,.349,.680,90,113,7,1,3,3,3,5/46
1984,oberkke01,Ken Oberkfell,28,STL,NL,50,169,152,17,47,11,1,0,11,1,2,16,10,.309,.379,.395,.773,120,60,3,1,0,0,2,5/46
1984,oberkke01,Ken Oberkfell,28,ATL,NL,50,193,172,21,40,8,1,1,10,1,3,15,17,.233,.289,.308,.598,64,53,4,0,3,3,1,5/4
1984,oestero01,Ron Oester,28,CIN,NL,150,601,553,54,134,26,3,3,38,7,2,41,97,.242,.295,.316,.612,70,175,16,1,5,1,7,*4/6
1984,oglivbe01,Ben Oglivie,35,MIL,AL,131,509,461,49,121,16,2,12,60,0,6,44,56,.262,.327,.384,.711,100,177,12,1,1,2,5,*79/D
1984,oliveal01,Al Oliver,37,TOT,NL,119,460,432,36,130,26,2,0,48,3,4,27,36,.301,.343,.370,.714,103,160,23,1,0,0,6,3/7
1984,oliveal01,Al Oliver,37,SFG,NL,91,360,339,27,101,19,2,0,34,2,2,20,27,.298,.339,.366,.705,101,124,19,1,0,0,4,3
1984,oliveal01,Al Oliver,37,PHI,NL,28,100,93,9,29,7,0,0,14,1,2,7,9,.312,.360,.387,.747,109,36,4,0,0,0,2,3/7
1984,oquenjo01,Jose Oquendo,20,NYM,NL,81,211,189,23,42,5,0,0,10,10,1,15,26,.222,.284,.249,.532,52,47,2,2,3,2,2,6
1984,oroscje01,Jesse Orosco,27,NYM,NL,60,8,4,1,1,0,0,0,1,0,0,3,2,.250,.571,.250,.821,140,1,0,0,1,0,0,1
1984,orsuljo01,Joe Orsulak,22,PIT,NL,32,73,67,12,17,1,2,0,3,3,1,1,7,.254,.271,.328,.600,68,22,0,1,3,1,0,8/79
1984,ortajo01,Jorge Orta,33,KCR,AL,122,438,403,50,120,23,7,9,50,0,1,28,39,.298,.343,.457,.800,120,184,6,2,1,4,8,D79/4
1984,ortizju01,Junior Ortiz,24,NYM,NL,40,98,91,6,18,3,0,0,11,1,0,5,15,.198,.235,.231,.465,32,21,2,0,0,2,0,2
1984,otisam01,Amos Otis,37,PIT,NL,40,109,97,6,16,4,0,0,10,0,0,7,15,.165,.213,.206,.419,19,20,4,0,1,4,0,7
1984,owchibo01,Bob Owchinko,29,CIN,NL,49,16,12,2,2,1,0,0,0,0,0,3,5,.167,.333,.250,.583,64,3,2,0,1,0,0,1
1984,owenda01,Dave Owen,26,CHC,NL,47,104,93,8,18,2,2,1,10,1,2,8,15,.194,.269,.290,.560,53,27,0,2,0,1,1,6/54
1984,owensp01,Spike Owen,23,SEA,AL,152,591,530,67,130,18,8,3,43,16,8,46,63,.245,.308,.326,.635,78,173,5,3,9,2,0,*6
1984,ownberi01,Rick Ownbey,26,STL,NL,5,6,4,1,0,0,0,0,0,0,0,0,2,.000,.000,.000,.000,-100,0,0,0,2,0,0,/1
1984,pacioto01,Tom Paciorek,37,CHW,AL,111,397,363,35,93,21,2,4,29,6,0,25,69,.256,.308,.358,.666,81,130,5,4,1,4,4,379
1984,pagemi02,Mitchell Page,32,PIT,NL,16,15,12,2,4,1,0,0,0,0,0,3,4,.333,.467,.417,.883,151,5,0,0,0,0,0,
1984,paglimi01,Mike Pagliarulo,24,NYY,AL,67,219,201,24,48,15,3,7,34,0,0,15,46,.239,.288,.448,.735,104,90,5,0,0,3,0,5
1984,palmeda01,David Palmer,26,MON,NL,20,39,33,2,5,1,0,1,3,0,0,0,12,.152,.152,.273,.424,19,9,0,0,6,0,0,1
1984,pankoji01,Jim Pankovits,28,HOU,NL,53,85,81,6,23,7,0,1,14,2,1,2,20,.284,.298,.407,.705,104,33,1,0,1,1,0,4/67
1984,parkeda01,Dave Parker,33,CIN,NL,156,655,607,73,173,28,0,16,94,11,10,41,89,.285,.328,.410,.738,104,249,8,1,0,6,10,*9
1984,parrila02,Lance Parrish,28,DET,AL,147,629,578,75,137,16,2,33,98,2,3,41,120,.237,.287,.443,.730,100,256,12,2,2,6,6,*2D
1984,parrila01,Larry Parrish,30,TEX,AL,156,664,613,72,175,42,1,22,101,2,4,42,116,.285,.336,.465,.801,117,285,20,6,0,3,7,9D5/7
1984,parsoca01,Casey Parsons,30,CHW,AL,1,1,1,0,0,0,0,0,0,0,0,0,1,.000,.000,.000,.000,-100,0,0,0,0,0,0,
1984,pastofr01,Frank Pastore,26,CIN,NL,24,31,28,2,2,0,0,0,1,0,0,1,11,.071,.103,.071,.175,-51,2,0,0,2,0,0,1
1984,pattere01,Reggie Patterson,25,CHC,NL,3,2,2,0,0,0,0,0,0,0,0,0,0,.000,.000,.000,.000,-100,0,0,0,0,0,0,/1
1984,paynemi01,Mike Payne,22,ATL,NL,3,1,1,0,0,0,0,0,0,0,0,0,1,.000,.000,.000,.000,-100,0,0,0,0,0,0,/1
1984,penaal01,Alejandro Pena,25,LAD,NL,28,72,66,5,8,3,0,0,1,0,0,2,26,.121,.147,.167,.314,-11,11,1,0,4,0,0,1
1984,penabe01,Bert Pena,24,HOU,NL,24,42,39,3,8,1,0,1,4,0,0,3,8,.205,.262,.308,.570,66,12,3,0,0,0,1,6
1984,penato01,Tony Pena,27,PIT,NL,147,592,546,77,156,27,2,15,78,12,8,36,79,.286,.333,.425,.758,112,232,14,4,4,2,5,*2
1984,pendlte01,Terry Pendleton,23,STL,NL,67,283,262,37,85,16,3,1,33,20,5,16,32,.324,.357,.420,.777,120,110,7,0,0,5,3,5
1984,percoja01,Jack Perconte,29,SEA,AL,155,689,612,93,180,24,4,0,31,29,6,57,47,.294,.357,.346,.704,98,212,5,5,11,3,1,*4
1984,perezpa01,Pascual Perez,27,ATL,NL,32,79,66,5,5,1,1,0,3,1,0,6,29,.076,.164,.121,.286,-21,8,0,1,6,0,0,1
1984,perezto01,Tony Perez,42,CIN,NL,71,149,137,9,33,6,1,2,15,0,0,11,21,.241,.295,.343,.638,77,47,8,0,0,1,2,3
1984,perkibr01,Broderick Perkins,29,CLE,AL,58,76,66,5,13,1,0,0,4,0,0,7,10,.197,.276,.212,.488,37,14,3,1,0,2,1,D/3
1984,perryge01,Gerald Perry,23,ATL,NL,122,419,347,52,92,12,2,7,47,15,12,61,38,.265,.372,.372,.743,104,129,9,2,2,7,5,37
1984,petrage01,Geno Petralli,24,TOR,AL,3,3,3,0,0,0,0,0,0,0,0,0,0,.000,.000,.000,.000,-100,0,0,0,0,0,0,/2D
1984,pettiga01,Gary Pettis,26,CAL,AL,140,466,397,63,90,11,6,2,29,48,17,60,115,.227,.332,.300,.632,78,119,4,3,5,1,1,*8/D
1984,phelpke01,Ken Phelps,29,SEA,AL,101,360,290,52,70,9,0,24,51,3,3,61,73,.241,.378,.521,.898,149,151,1,5,0,4,5,D/3
1984,phillto02,Tony Phillips,25,OAK,AL,154,505,451,62,120,24,3,4,37,10,6,42,86,.266,.325,.359,.685,97,162,5,0,7,5,1,46/7
1984,picciro01,Rob Picciolo,31,CAL,AL,87,128,119,18,24,6,0,1,9,0,1,0,21,.202,.200,.277,.477,32,33,2,0,8,1,0,65/49
1984,pinielo01,Lou Piniella,40,NYY,AL,29,93,86,8,26,4,1,1,6,0,0,7,5,.302,.355,.407,.762,115,35,7,0,0,0,1,7/9D
1984,pittmjo01,Joe Pittman,31,SFG,NL,17,23,22,2,5,0,0,0,2,1,1,0,6,.227,.217,.227,.445,27,5,1,0,0,1,0,/645
1984,pocorbi01,Biff Pocoroba,30,ATL,NL,4,4,2,1,0,0,0,0,0,0,0,2,0,.000,.500,.000,.500,48,0,0,0,0,0,0,
1984,porteda02,Darrell Porter,32,STL,NL,127,493,422,56,98,16,3,11,68,5,3,60,79,.232,.331,.363,.693,97,153,10,5,0,6,12,*2
1984,powerte01,Ted Power,29,CIN,NL,78,7,5,2,0,0,0,0,0,0,0,1,4,.000,.167,.000,.167,-50,0,0,0,1,0,0,1
1984,preslji01,Jim Presley,22,SEA,AL,70,259,251,27,57,12,1,10,36,1,1,6,63,.227,.247,.402,.649,78,101,4,1,0,1,1,5/D
1984,pricejo02,Joe Price,27,CIN,NL,30,59,48,3,7,1,0,0,2,0,0,2,16,.146,.180,.167,.347,-3,8,0,0,9,0,0,1
1984,pryorgr01,Greg Pryor,34,KCR,AL,123,288,270,32,71,11,1,4,25,0,3,12,28,.263,.301,.356,.656,82,96,9,3,2,1,0,54/63D
1984,puckeki01,Kirby Puckett,24,MIN,AL,128,583,557,63,165,12,5,0,31,14,7,16,69,.296,.320,.336,.655,79,187,11,4,4,2,1,*8
1984,puhlte01,Terry Puhl,27,HOU,NL,132,519,449,66,135,19,7,9,55,13,8,59,45,.301,.380,.434,.814,137,195,5,1,6,4,12,*9/7
1984,pujollu01,Luis Pujols,28,KCR,AL,4,5,5,0,1,0,0,0,1,0,0,0,0,.200,.200,.200,.400,12,1,0,0,0,0,0,/2
1984,puleoch01,Charlie Puleo,29,CIN,NL,5,7,5,1,1,1,0,0,2,0,0,0,2,.200,.200,.400,.600,63,2,0,0,2,0,0,/1
1984,pulidal01,Alfonso Pulido,27,PIT,NL,1,0,0,0,0,0,0,0,0,0,0,0,0,,,,,,0,0,0,0,0,0,/1
1984,putnapa01,Pat Putnam,30,TOT,AL,78,212,193,12,34,7,0,2,20,3,0,16,39,.176,.236,.244,.479,34,47,5,0,0,3,1,D7/3
1984,putnapa01,Pat Putnam,30,SEA,AL,64,169,155,11,31,6,0,2,16,3,0,12,27,.200,.254,.277,.532,49,43,5,0,0,2,1,D7/3
1984,putnapa01,Pat Putnam,30,MIN,AL,14,43,38,1,3,1,0,0,4,0,0,4,12,.079,.163,.105,.268,-25,4,0,0,0,1,0,D
1984,quirkja01,Jamie Quirk,29,TOT,AL,4,4,3,1,1,0,0,1,2,0,0,0,2,.333,.250,1.333,1.583,305,4,0,0,0,1,0,/52
1984,quirkja01,Jamie Quirk,29,CHW,AL,3,3,2,0,0,0,0,0,1,0,0,0,2,.000,.000,.000,.000,-100,0,0,0,0,1,0,/5
1984,quirkja01,Jamie Quirk,29,CLE,AL,1,1,1,1,1,0,0,1,1,0,0,0,0,1.000,1.000,4.000,5.000,1201,4,0,0,0,0,0,/2
1984,rabbjo01,John Rabb,24,SFG,NL,54,92,82,10,16,1,0,3,9,1,1,10,33,.195,.283,.317,.600,71,26,0,0,0,0,0,3/297
1984,raineti01,Tim Raines,24,MON,NL,160,718,622,106,192,38,9,8,60,75,10,87,69,.309,.393,.437,.830,138,272,7,2,3,4,7,*8/4
1984,rainech01,Chuck Rainey,29,TOT,MLB,17,34,31,2,3,0,0,0,3,0,0,2,12,.097,.152,.097,.248,-31,3,0,0,1,0,0,1
1984,rainech01,Chuck Rainey,29,CHC,NL,17,34,31,2,3,0,0,0,3,0,0,2,12,.097,.152,.097,.248,-31,3,0,0,1,0,0,1
1984,rajsiga01,Gary Rajsich,29,STL,NL,7,10,7,1,1,0,0,0,2,0,0,2,1,.143,.300,.143,.443,30,1,0,0,0,1,0,/3
1984,ramirma01,Mario Ramirez,26,SDP,NL,48,73,59,12,7,1,0,2,9,0,0,13,14,.119,.278,.237,.515,47,14,2,0,1,0,1,6/54
1984,ramirra01,Rafael Ramirez,26,ATL,NL,145,629,591,51,157,22,4,2,48,14,17,26,70,.266,.295,.327,.621,70,193,9,1,5,6,1,*6
1984,ramosbo01,Bobby Ramos,28,MON,NL,31,91,83,8,16,1,0,2,5,0,0,6,13,.193,.244,.277,.522,49,23,5,0,1,1,1,2
1984,ramosdo01,Domingo Ramos,26,SEA,AL,59,87,81,6,15,2,0,0,2,2,2,5,12,.185,.233,.210,.442,25,17,4,0,1,0,0,56/34
1984,ramsemi01,Mike Ramsey,30,TOT,NL,58,88,85,3,16,2,0,0,3,0,0,1,16,.188,.198,.212,.409,17,18,2,0,2,0,0,64/5
1984,ramsemi01,Mike Ramsey,30,STL,NL,21,18,15,1,1,1,0,0,0,0,0,1,3,.067,.125,.133,.258,-26,2,0,0,2,0,0,/465
1984,ramsemi01,Mike Ramsey,30,MON,NL,37,70,70,2,15,1,0,0,3,0,0,0,13,.214,.214,.229,.443,27,16,2,0,0,0,0,64
1984,randowi01,Willie Randolph,29,NYY,AL,142,664,564,86,162,24,2,2,31,10,6,86,42,.287,.377,.348,.725,107,196,15,0,7,7,4,*4
1984,rawlesh01,Shane Rawley,28,TOT,MLB,19,45,43,3,5,0,0,0,1,1,0,1,17,.116,.133,.116,.250,-30,5,0,0,0,1,0,1
1984,rawlesh01,Shane Rawley,28,PHI,NL,19,45,43,3,5,0,0,0,1,1,0,1,17,.116,.133,.116,.250,-30,5,0,0,0,1,0,1
1984,rayjo01,Johnny Ray,27,PIT,NL,155,603,555,75,173,38,6,6,67,11,6,37,31,.312,.354,.434,.789,121,241,16,3,2,6,2,*4
1984,rayfofl01,Floyd Rayford,26,BAL,AL,86,269,250,24,64,14,0,4,27,0,3,12,51,.256,.296,.360,.656,84,90,5,3,2,2,0,25/3
1984,readyra01,Randy Ready,24,MIL,AL,37,140,123,13,23,6,1,3,13,0,0,14,18,.187,.270,.325,.595,67,40,2,0,3,0,0,5
1984,reardje01,Jeff Reardon,28,MON,NL,68,9,9,0,0,0,0,0,0,0,0,0,7,.000,.000,.000,.000,-100,0,0,0,0,0,0,1
1984,redusga01,Gary Redus,27,CIN,NL,123,455,394,69,100,21,3,7,22,48,11,52,71,.254,.338,.376,.714,98,148,4,1,3,5,3,*78/9
1984,reedje02,Jeff Reed,21,MIN,AL,18,24,21,3,3,3,0,0,1,0,0,2,6,.143,.217,.286,.503,36,6,0,0,1,0,0,2
1984,reedro01,Ron Reed,41,CHW,AL,2,1,1,0,0,0,0,0,0,0,0,0,0,.000,.000,.000,.000,-100,0,0,0,0,0,0,1
1984,remyje01,Jerry Remy,31,BOS,AL,30,113,104,8,26,1,1,0,8,4,3,7,11,.250,.297,.279,.576,58,29,1,0,2,0,0,4
1984,reuscri01,Rick Reuschel,35,CHC,NL,20,36,29,2,7,3,0,0,3,0,0,2,8,.241,.281,.345,.626,70,10,1,0,4,1,0,1
1984,reussje01,Jerry Reuss,35,LAD,NL,30,29,24,2,4,1,0,0,2,0,0,3,9,.167,.259,.208,.468,35,5,1,0,2,0,0,1
1984,reyesgi01,Gil Reyes,20,LAD,NL,4,5,5,0,0,0,0,0,0,0,0,0,3,.000,.000,.000,.000,-100,0,0,0,0,0,0,/2
1984,reynocr01,Craig Reynolds,31,HOU,NL,146,571,527,61,137,15,11,6,60,7,1,22,53,.260,.286,.364,.651,89,192,4,0,16,6,2,*6/5
1984,reynoha01,Harold Reynolds,23,SEA,AL,10,12,10,3,3,0,0,0,0,1,1,0,1,.300,.364,.300,.664,88,3,0,1,1,0,0,/4D
1984,reynor.01,R.J. Reynolds,25,LAD,NL,73,262,240,24,62,12,2,2,24,7,5,14,38,.258,.300,.350,.650,84,84,6,1,4,2,0,978
1984,rhoderi01,Rick Rhoden,31,PIT,NL,35,92,84,9,28,6,0,0,4,0,0,2,10,.333,.345,.405,.750,111,34,1,0,5,1,0,1
1984,rhombke01,Kevin Rhomberg,28,CLE,AL,13,8,8,0,2,0,0,0,0,0,0,0,3,.250,.250,.250,.500,38,2,0,0,0,0,0,/734D
1984,riceji01,Jim Rice,31,BOS,AL,159,708,657,98,184,25,7,28,122,4,0,44,102,.280,.323,.467,.791,112,307,36,1,0,6,8,*7/D
1984,richage01,Gene Richards,30,SFG,NL,87,153,135,18,34,4,0,0,4,5,3,18,28,.252,.340,.281,.621,79,38,3,0,0,0,2,79/8
1984,richami01,Mike Richardt,26,TOT,MLB,22,25,24,1,5,1,0,0,2,0,1,1,2,.208,.240,.250,.490,40,6,0,0,0,0,0,/4
1984,richami01,Mike Richardt,26,TEX,AL,6,10,9,0,1,0,0,0,0,0,1,1,1,.111,.200,.111,.311,-12,1,0,0,0,0,0,/4
1984,richami01,Mike Richardt,26,HOU,NL,16,15,15,1,4,1,0,0,2,0,0,0,1,.267,.267,.333,.600,74,5,0,0,0,0,0,
1984,rileyge01,George Riley,27,SFG,NL,5,11,10,1,1,0,0,0,0,0,0,0,5,.100,.100,.100,.200,-43,1,1,0,1,0,0,/1
1984,ripkeca01,Cal Ripken Jr.,23,BAL,AL,162,716,641,103,195,37,7,27,86,2,1,71,89,.304,.374,.510,.884,146,327,16,2,0,2,1,*6
1984,riverge01,German Rivera,23,LAD,NL,94,254,227,20,59,12,2,2,17,1,0,21,30,.260,.321,.357,.678,93,81,15,1,2,3,5,5
1984,rivermi01,Mickey Rivers,35,TEX,AL,102,326,313,40,94,13,1,4,33,5,5,9,23,.300,.320,.387,.706,93,121,1,0,4,0,1,D7/89
1984,roberle01,Leon Roberts,33,KCR,AL,28,50,45,4,10,1,1,0,3,0,0,4,3,.222,.300,.289,.589,65,13,1,1,0,0,0,7/9D1
1984,roberan01,Andre Robertson,26,NYY,AL,52,152,140,10,30,5,1,0,6,0,1,4,20,.214,.236,.264,.500,41,37,11,0,8,0,0,6/4
1984,robindo01,Don Robinson,27,PIT,NL,53,35,31,6,9,0,0,1,5,0,0,4,9,.290,.371,.387,.759,114,12,0,0,0,0,1,1/7
1984,robinje01,Jeff Robinson,23,SFG,NL,34,64,61,0,7,0,0,0,2,0,0,2,23,.115,.143,.115,.258,-26,7,2,0,1,0,0,1
1984,robinro01,Ron Robinson,22,CIN,NL,12,9,8,0,0,0,0,0,0,0,0,0,5,.000,.000,.000,.000,-100,0,0,0,1,0,0,1
1984,rodasri01,Rich Rodas,24,LAD,NL,3,1,1,0,0,0,0,0,0,0,0,0,0,.000,.000,.000,.000,-100,0,0,0,0,0,0,/1
1984,rodrivi01,Vic Rodriguez,22,BAL,AL,11,17,17,4,7,3,0,0,2,0,0,0,2,.412,.412,.588,1.000,178,10,0,0,0,0,0,/4D
1984,roeniga01,Gary Roenicke,29,BAL,AL,121,393,326,36,73,19,1,10,44,1,2,58,43,.224,.346,.380,.727,104,124,10,4,3,2,1,*79/8
1984,roeniro01,Ron Roenicke,27,SDP,NL,12,22,20,4,6,1,0,1,2,0,0,2,5,.300,.364,.500,.864,141,10,0,0,0,0,1,/789
1984,rogerst01,Steve Rogers,34,MON,NL,31,55,49,2,7,1,1,0,1,0,0,2,15,.143,.176,.204,.381,9,10,1,0,4,0,0,1
1984,rohnda01,Dan Rohn,28,CHC,NL,25,33,31,1,4,0,0,1,3,0,0,1,6,.129,.152,.226,.377,2,7,1,0,0,1,0,/546
1984,romered01,Ed Romero,26,MIL,AL,116,397,357,36,90,12,0,1,31,3,3,29,25,.252,.307,.294,.601,71,105,12,1,6,4,2,564/3D9
1984,rosepe01,Pete Rose,43,TOT,NL,121,421,374,43,107,15,2,0,34,1,1,40,27,.286,.359,.337,.696,99,126,11,3,3,1,4,37
1984,rosepe01,Pete Rose,43,MON,NL,95,314,278,34,72,6,2,0,23,1,1,31,20,.259,.334,.295,.629,82,82,10,1,3,1,3,37
1984,rosepe01,Pete Rose,43,CIN,NL,26,107,96,9,35,9,0,0,11,0,0,9,7,.365,.430,.458,.888,147,44,1,2,0,0,1,3
1984,rossma01,Mark Ross,29,HOU,NL,2,0,0,0,0,0,0,0,0,0,0,0,0,,,,,,0,0,0,0,0,0,/1
1984,rowdowa01,Wade Rowdon,23,CIN,NL,4,7,7,0,2,0,0,0,0,0,0,0,1,.286,.286,.286,.571,59,2,0,0,0,0,0,/56
1984,roystje01,Jerry Royster,31,ATL,NL,81,247,227,22,47,13,2,1,21,6,4,15,41,.207,.257,.295,.552,51,67,8,1,2,2,1,4567
1984,rozemda01,Dave Rozema,27,DET,AL,1,0,0,0,0,0,0,0,0,0,0,0,0,,,,,,0,0,0,0,0,0,1
1984,ruckeda01,Dave Rucker,26,STL,NL,50,7,7,0,1,0,0,0,0,0,0,0,3,.143,.143,.143,.286,-18,1,0,0,0,0,0,1
1984,ruhleve01,Vern Ruhle,33,HOU,NL,40,14,12,0,1,0,0,0,0,0,0,2,7,.083,.214,.083,.298,-10,1,0,0,0,0,0,1
1984,rungepa01,Paul Runge,26,ATL,NL,28,103,90,5,24,3,1,0,3,5,3,10,14,.267,.340,.322,.662,82,29,2,0,3,0,0,4/65
1984,russebi01,Bill Russell,35,LAD,NL,89,298,262,25,70,12,1,0,19,4,4,25,24,.267,.329,.321,.649,85,84,7,0,9,2,1,68/4
1984,russeje01,Jeff Russell,22,CIN,NL,34,67,57,2,8,2,0,0,7,0,0,4,27,.140,.194,.175,.369,3,10,0,0,5,1,0,1
1984,russejo02,John Russell,23,PHI,NL,39,114,99,11,28,8,1,2,11,0,1,12,33,.283,.351,.444,.795,121,44,2,0,0,3,2,97/2
1984,ruthvdi01,Dick Ruthven,33,CHC,NL,25,50,44,2,7,3,0,0,2,0,0,1,18,.159,.178,.227,.405,10,10,0,0,5,0,0,1
1984,ryanno01,Nolan Ryan,37,HOU,NL,30,68,61,3,6,2,0,0,1,1,0,2,26,.098,.127,.131,.258,-24,8,1,0,5,0,0,1
1984,saberbr01,Bret Saberhagen,20,KCR,AL,1,0,0,0,0,0,0,0,0,0,0,0,0,,,,,,0,0,0,0,0,0,1
1984,sakatle01,Lenn Sakata,30,BAL,AL,81,168,157,23,30,1,0,3,11,4,1,6,15,.191,.221,.255,.476,33,40,4,0,5,0,2,4/7
1984,salasma01,Mark Salas,23,STL,NL,14,21,20,1,2,1,0,0,1,0,0,0,3,.100,.100,.150,.250,-30,3,0,0,1,0,0,/279
1984,salazan01,Angel Salazar,22,MON,NL,80,184,174,12,27,4,2,0,12,1,1,4,38,.155,.178,.201,.379,9,35,2,1,4,1,0,6
1984,salazlu01,Luis Salazar,28,SDP,NL,93,236,228,20,55,7,2,3,17,11,7,6,38,.241,.261,.329,.590,65,75,5,0,2,0,1,58/769
1984,sambijo01,Joe Sambito,32,HOU,NL,32,2,2,0,0,0,0,0,0,0,0,0,0,.000,.000,.000,.000,-100,0,0,0,0,0,0,1
1984,samplbi01,Billy Sample,29,TEX,AL,130,528,489,67,121,20,2,5,33,18,6,29,46,.247,.286,.327,.613,68,160,9,0,4,6,1,*78/D9
1984,samueju01,Juan Samuel,23,PHI,NL,160,737,701,105,191,36,19,15,69,72,15,28,168,.272,.307,.442,.749,107,310,6,7,0,1,2,*4
1984,sanchal01,Alejandro Sanchez,25,SFG,NL,13,41,41,3,8,0,1,0,2,2,3,0,12,.195,.195,.244,.439,25,10,0,0,0,0,0,/97
1984,sanchor01,Orlando Sanchez,27,TOT,AL,14,18,18,0,3,1,0,0,3,0,0,0,4,.167,.167,.222,.389,8,4,1,0,0,0,0,/2
1984,sanchor01,Orlando Sanchez,27,KCR,AL,10,10,10,0,1,1,0,0,2,0,0,0,2,.100,.100,.200,.300,-19,2,1,0,0,0,0,/2
1984,sanchor01,Orlando Sanchez,27,BAL,AL,4,8,8,0,2,0,0,0,1,0,0,0,2,.250,.250,.250,.500,41,2,0,0,0,0,0,/2
1984,sandbry01,Ryne Sandberg,24,CHC,NL,156,700,636,114,200,36,19,19,84,32,7,52,101,.314,.367,.520,.887,140,331,7,3,5,4,3,*4
1984,sandesc01,Scott Sanderson,27,CHC,NL,24,51,42,3,5,0,0,0,5,0,0,3,18,.119,.191,.119,.311,-13,5,0,1,4,1,0,1
1984,santara01,Rafael Santana,26,NYM,NL,51,162,152,14,42,11,1,1,12,0,3,9,17,.276,.317,.382,.698,97,58,3,0,1,0,0,6
1984,saxst01,Steve Sax,24,LAD,NL,145,622,569,70,138,24,4,1,35,34,19,47,53,.243,.300,.304,.604,72,173,12,1,2,3,3,*4
1984,schatda01,Dan Schatzeder,29,MON,NL,37,42,35,2,11,2,1,0,3,0,0,2,10,.314,.351,.429,.780,123,15,0,0,5,0,0,1
1984,scherbi01,Bill Scherrer,26,TOT,MLB,36,4,3,0,0,0,0,0,0,0,0,0,2,.000,.000,.000,.000,-100,0,0,0,1,0,0,1
1984,scherbi01,Bill Scherrer,26,CIN,NL,36,4,3,0,0,0,0,0,0,0,0,0,2,.000,.000,.000,.000,-100,0,0,0,1,0,0,1
1984,schirca01,Calvin Schiraldi,22,NYM,NL,5,3,3,0,0,0,0,0,0,0,0,0,0,.000,.000,.000,.000,-100,0,0,0,0,0,0,/1
1984,schmimi01,Mike Schmidt,34,PHI,NL,151,632,528,93,146,23,3,36,106,5,7,92,116,.277,.383,.536,.919,154,283,15,4,0,8,14,*5/36
1984,schofdi02,Dick Schofield,21,CAL,AL,140,452,400,39,77,10,3,4,21,5,2,33,79,.193,.264,.263,.527,48,105,7,6,13,0,0,*6
1984,schrobi01,Bill Schroeder,25,MIL,AL,61,226,210,29,54,6,0,14,25,0,1,8,54,.257,.288,.486,.774,114,102,6,2,4,2,2,2/D3
1984,schuri01,Rick Schu,22,PHI,NL,17,36,29,12,8,2,1,2,5,0,0,6,6,.276,.389,.621,1.010,178,18,0,0,0,1,0,5
1984,schuldo01,Don Schulze,21,TOT,MLB,1,0,0,0,0,0,0,0,0,0,0,0,0,,,,,,0,0,0,0,0,0,1
1984,schuldo01,Don Schulze,21,CHC,NL,1,0,0,0,0,0,0,0,0,0,0,0,0,,,,,,0,0,0,0,0,0,/1
1984,sciosmi01,Mike Scioscia,25,LAD,NL,114,399,341,29,93,18,0,5,38,2,1,52,26,.273,.367,.370,.736,110,126,10,1,1,4,10,*2
1984,sconida01,Daryl Sconiers,25,CAL,AL,57,173,160,14,39,4,0,4,17,1,2,13,17,.244,.301,.344,.644,79,55,6,0,0,0,2,3/D
1984,scottdo01,Donnie Scott,22,TEX,AL,81,263,235,16,52,9,0,3,20,0,1,20,44,.221,.280,.298,.578,59,70,5,0,6,2,1,2
1984,scottmi03,Mike Scott,29,HOU,NL,31,55,47,3,6,2,0,0,3,0,0,2,26,.128,.163,.170,.333,-2,8,1,0,6,0,0,1
1984,scottto01,Tony Scott,32,TOT,NL,70,105,92,10,22,5,0,0,5,1,1,11,24,.239,.317,.293,.611,77,27,1,0,1,1,2,7/89
1984,scottto01,Tony Scott,32,HOU,NL,25,26,21,2,4,1,0,0,0,0,0,4,3,.190,.320,.238,.558,65,5,0,0,1,0,1,/87
1984,scottto01,Tony Scott,32,MON,NL,45,79,71,8,18,4,0,0,5,1,1,7,21,.254,.316,.310,.626,80,22,1,0,0,1,1,7/98
1984,scranji01,Jim Scranton,24,KCR,AL,2,2,2,0,0,0,0,0,0,0,0,0,0,.000,.000,.000,.000,-100,0,0,0,0,0,0,/56
1984,scurrro01,Rod Scurry,28,PIT,NL,43,2,2,0,0,0,0,0,0,0,0,0,1,.000,.000,.000,.000,-100,0,0,0,0,0,0,1
1984,seaveto01,Tom Seaver,39,CHW,AL,1,0,0,0,0,0,0,0,0,0,0,0,0,,,,,,0,0,0,0,0,0,1
1984,sheetla01,Larry Sheets,24,BAL,AL,8,17,16,3,7,1,0,1,2,0,0,1,3,.438,.471,.688,1.158,221,11,0,0,0,0,0,/9
1984,shelbjo01,John Shelby,26,BAL,AL,128,415,383,44,80,12,5,6,30,12,4,20,71,.209,.248,.313,.561,57,120,4,0,12,0,0,*8/9
1984,shephro01,Ron Shepherd,23,TOR,AL,12,4,4,0,0,0,0,0,0,0,1,0,3,.000,.000,.000,.000,-100,0,0,0,0,0,0,/7D
1984,sheripa01,Pat Sheridan,26,KCR,AL,138,532,481,64,136,24,4,8,53,19,6,41,91,.283,.338,.399,.738,104,192,6,1,5,3,3,*98
1984,shinera01,Razor Shines,27,MON,NL,12,21,20,0,6,1,0,0,2,0,0,0,3,.300,.286,.350,.636,82,7,0,0,0,1,0,/35
1984,shower01,Eric Show,28,SDP,NL,32,76,69,7,17,3,0,3,10,0,0,0,23,.246,.257,.420,.677,88,29,4,1,6,0,0,1
1984,simmone01,Nelson Simmons,21,DET,AL,9,32,30,4,13,2,0,0,3,1,0,2,5,.433,.469,.500,.969,170,15,2,0,0,0,1,/D97
1984,simmote01,Ted Simmons,34,MIL,AL,132,532,497,44,110,23,2,4,52,3,0,30,40,.221,.269,.300,.569,61,149,23,3,1,1,3,D35
1984,sinatma01,Matt Sinatro,24,ATL,NL,2,4,4,0,0,0,0,0,0,0,0,0,0,.000,.000,.000,.000,-100,0,0,0,0,0,0,/2
1984,singlke01,Ken Singleton,37,BAL,AL,111,404,363,28,78,7,1,6,36,0,0,37,60,.215,.286,.289,.575,62,105,20,0,1,2,5,D
1984,siskdo01,Doug Sisk,26,NYM,NL,50,14,11,0,1,0,0,0,0,0,0,1,6,.091,.167,.091,.258,-25,1,1,0,2,0,0,1
1984,skinnjo01,Joel Skinner,23,CHW,AL,43,88,80,4,17,2,0,0,3,1,0,7,19,.213,.273,.238,.510,40,19,2,0,0,1,0,2
1984,slaugdo01,Don Slaught,25,KCR,AL,124,447,409,48,108,27,4,4,42,0,0,20,55,.264,.297,.379,.676,86,155,8,2,8,7,4,*2/D
1984,smallro02,Roy Smalley,31,TOT,AL,114,385,344,32,73,12,1,11,39,3,2,37,65,.212,.286,.349,.635,76,120,6,0,0,4,3,56/D3
1984,smallro02,Roy Smalley,31,NYY,AL,67,227,209,17,50,8,1,7,26,2,1,15,35,.239,.286,.388,.674,88,81,5,0,0,3,2,56/3D
1984,smallro02,Roy Smalley,31,CHW,AL,47,158,135,15,23,4,0,4,13,1,1,22,30,.170,.285,.289,.574,57,39,1,0,0,1,1,5/6D3
1984,smithbr01,Bryn Smith,28,MON,NL,28,65,53,9,7,3,0,0,1,0,0,5,18,.132,.207,.189,.396,14,10,0,0,7,0,0,1
1984,smithda02,Dave Smith,29,HOU,NL,53,6,4,1,0,0,0,0,0,0,0,1,2,.000,.200,.000,.200,-37,0,0,0,1,0,0,1
1984,smithke03,Keith Smith,22,NYY,AL,2,5,4,0,0,0,0,0,0,0,0,0,2,.000,.200,.000,.200,-38,0,0,1,0,0,0,/6
1984,smithle02,Lee Smith,26,CHC,NL,69,14,13,0,1,0,0,0,1,0,0,0,8,.077,.077,.077,.154,-58,1,0,0,1,0,0,1
1984,smithlo01,Lonnie Smith,28,STL,NL,145,590,504,77,126,20,4,6,49,50,13,70,90,.250,.349,.341,.691,97,172,7,9,3,4,0,*7
1984,smithmi04,Mike Smith,23,CIN,NL,8,1,0,0,0,0,0,0,0,0,0,0,0,,,,,,0,0,0,1,0,0,/1
1984,smithoz01,Ozzie Smith,29,STL,NL,124,484,412,53,106,20,5,1,44,35,7,56,17,.257,.347,.337,.684,95,139,8,2,11,3,5,*6
1984,smithza01,Zane Smith,23,ATL,NL,3,9,9,1,5,0,0,0,0,0,0,0,1,.556,.556,.556,1.111,206,5,0,0,0,0,0,/1
1984,solanju01,Julio Solano,24,HOU,NL,31,3,3,1,1,0,0,0,0,0,0,0,2,.333,.333,.333,.667,95,1,0,0,0,0,0,1
1984,sotoma01,Mario Soto,27,CIN,NL,33,92,87,5,18,5,0,1,9,0,0,0,28,.207,.205,.299,.503,38,26,0,0,4,1,0,1
1984,speiech01,Chris Speier,34,TOT,MLB,75,209,191,12,34,7,1,3,10,0,0,13,34,.178,.234,.272,.506,43,52,6,1,4,0,1,6/5
1984,speiech01,Chris Speier,34,TOT,NL,63,172,158,10,27,7,1,3,9,0,0,10,27,.171,.225,.285,.510,44,45,5,1,3,0,1,6/5
1984,speiech01,Chris Speier,34,MON,NL,25,43,40,1,6,0,0,0,1,0,0,1,8,.150,.171,.150,.321,-7,6,1,0,2,0,0,6/5
1984,speiech01,Chris Speier,34,STL,NL,38,129,118,9,21,7,1,3,8,0,0,9,19,.178,.242,.331,.573,61,39,4,1,1,0,1,6/5
1984,speiech01,Chris Speier,34,MIN,AL,12,37,33,2,7,0,0,0,1,0,0,3,7,.212,.278,.212,.490,36,7,1,0,1,0,0,6
1984,spillda01,Dan Spillner,32,TOT,AL,1,0,0,1,0,0,0,0,0,0,0,0,0,,,,,,0,0,0,0,0,0,1
1984,spillda01,Dan Spillner,32,CHW,AL,1,0,0,1,0,0,0,0,0,0,0,0,0,,,,,,0,0,0,0,0,0,1
1984,spilmha01,Harry Spilman,29,HOU,NL,32,87,72,14,19,2,0,2,15,0,0,12,10,.264,.356,.375,.731,114,27,1,0,0,3,0,3/2
1984,squirmi01,Mike Squires,32,CHW,AL,104,89,82,9,15,1,0,0,6,2,2,6,7,.183,.239,.195,.434,20,16,1,0,1,0,1,35/D819
1984,st.clra01,Randy St. Claire,23,MON,NL,4,0,0,0,0,0,0,0,0,0,0,0,0,,,,,,0,0,0,0,0,0,/1
1984,stantmi01,Mike Stanton,31,SEA,AL,1,0,0,0,0,0,0,0,0,0,0,0,0,,,,,,0,0,0,0,0,0,1
1984,staplda01,Dave Stapleton,30,BOS,AL,13,43,39,4,9,2,0,0,1,0,0,3,3,.231,.286,.282,.568,55,11,2,0,1,0,1,3/D
1984,staubru01,Rusty Staub,40,NYM,NL,78,79,72,2,19,4,0,1,18,0,0,4,9,.264,.291,.361,.652,84,26,1,0,0,3,3,/3
1984,stearjo01,John Stearns,32,NYM,NL,8,21,17,6,3,1,0,0,1,1,0,4,2,.176,.333,.235,.569,64,4,0,0,0,0,0,/23
1984,stegmda01,Dave Stegman,30,CHW,AL,55,99,92,13,24,1,2,2,11,3,0,4,18,.261,.306,.380,.687,86,35,1,2,1,0,0,87/9D
1984,steinbi02,Bill Stein,37,TEX,AL,27,48,43,3,12,1,0,0,3,0,0,5,9,.279,.354,.302,.656,82,13,1,0,0,0,2,4/D35
1984,stenhmi01,Mike Stenhouse,26,MON,NL,80,205,175,14,32,8,0,4,16,0,0,26,32,.183,.289,.297,.586,69,52,5,1,1,2,4,793
1984,stoddti01,Tim Stoddard,31,CHC,NL,58,12,11,0,1,0,0,0,0,0,0,0,5,.091,.091,.091,.182,-50,1,0,0,1,0,0,1
1984,stoneje01,Jeff Stone,23,PHI,NL,51,199,185,27,67,4,6,1,15,27,5,9,26,.362,.394,.465,.859,139,86,2,2,1,2,0,7
1984,strawda01,Darryl Strawberry,22,NYM,NL,147,602,522,75,131,27,4,26,97,27,8,75,131,.251,.343,.467,.810,127,244,8,0,1,4,15,*98
1984,stubbfr01,Franklin Stubbs,23,LAD,NL,87,245,217,22,42,2,3,8,17,2,2,24,63,.194,.273,.341,.614,74,74,0,0,3,1,3,39/78
1984,stupejo01,John Stuper,27,STL,NL,15,20,16,0,1,0,0,0,1,0,0,1,8,.063,.118,.063,.180,-47,1,0,0,3,0,0,1
1984,sullima02,Marc Sullivan,25,BOS,AL,2,7,6,1,3,0,0,0,1,0,0,1,0,.500,.571,.500,1.071,195,3,0,0,0,0,0,/2
1984,summech01,Champ Summers,38,SDP,NL,47,59,54,5,10,3,0,1,12,0,0,4,15,.185,.254,.296,.551,55,16,2,1,0,0,1,/3
1984,sundbji01,Jim Sundberg,33,MIL,AL,110,395,348,43,91,19,4,7,43,1,1,38,63,.261,.332,.399,.731,106,139,5,0,6,3,2,*2
1984,sutclri01,Rick Sutcliffe,28,TOT,MLB,20,63,56,3,14,3,0,0,6,0,0,2,18,.250,.276,.304,.579,58,17,1,0,5,0,0,1
1984,sutclri01,Rick Sutcliffe,28,CHC,NL,20,63,56,3,14,3,0,0,6,0,0,2,18,.250,.276,.304,.579,58,17,1,0,5,0,0,1
1984,suttebr01,Bruce Sutter,31,STL,NL,71,10,10,0,0,0,0,0,0,0,0,0,3,.000,.000,.000,.000,-100,0,0,0,0,0,0,1
1984,swaggbi01,Bill Swaggerty,27,BAL,AL,1,0,0,1,0,0,0,0,0,0,0,0,0,,,,,,0,0,0,0,0,0,1/D
1984,swancr01,Craig Swan,33,TOT,MLB,10,1,0,0,0,0,0,0,0,0,0,0,0,,,,,,0,0,0,1,0,0,1
1984,swancr01,Craig Swan,33,NYM,NL,10,1,0,0,0,0,0,0,0,0,0,0,0,,,,,,0,0,0,1,0,0,1
1984,tablepa01,Pat Tabler,26,CLE,AL,144,528,473,66,137,21,3,10,68,3,1,47,62,.290,.354,.410,.764,110,194,16,3,0,5,2,375/4D
1984,tartada01,Danny Tartabull,21,SEA,AL,10,24,20,3,6,1,0,2,7,0,0,2,3,.300,.375,.650,1.025,181,13,0,1,0,1,0,/64
1984,tekulke01,Kent Tekulve,37,PIT,NL,72,7,7,0,0,0,0,0,0,0,0,0,4,.000,.000,.000,.000,-100,0,0,0,0,0,0,1
1984,templga01,Garry Templeton,28,SDP,NL,148,535,493,40,127,19,3,2,35,8,3,39,81,.258,.312,.320,.633,79,158,10,1,0,2,23,*6
1984,terrewa01,Walt Terrell,26,NYM,NL,33,77,75,3,6,2,0,0,0,0,0,1,33,.080,.092,.107,.199,-44,8,1,0,1,0,0,1
1984,tettlmi01,Mickey Tettleton,23,OAK,AL,33,88,76,10,20,2,1,1,5,0,0,11,21,.263,.352,.355,.708,104,27,3,0,0,1,0,2
1984,teufeti01,Tim Teufel,25,MIN,AL,157,652,568,76,149,30,3,14,61,1,3,76,73,.262,.349,.400,.749,104,227,18,2,2,4,8,*4
1984,thomade01,Derrel Thomas,33,TOT,MLB,122,302,272,29,66,12,3,0,22,0,4,23,37,.243,.299,.309,.607,74,84,8,0,4,3,1,6749/583
1984,thomade01,Derrel Thomas,33,MON,NL,108,269,243,26,62,12,2,0,20,0,4,20,33,.255,.308,.321,.629,81,78,7,0,3,3,1,674/953
1984,thomade01,Derrel Thomas,33,CAL,AL,14,33,29,3,4,0,1,0,2,0,0,3,4,.138,.219,.207,.426,20,6,1,0,1,0,0,/96587
1984,thomago01,Gorman Thomas,33,SEA,AL,35,143,108,6,17,3,0,1,13,0,3,28,27,.157,.322,.213,.535,53,23,3,1,0,6,0,7/D
1984,thompja01,Jason Thompson,29,PIT,NL,154,636,543,61,138,22,0,17,74,0,0,87,73,.254,.357,.389,.746,110,211,13,2,0,4,14,*3
1984,thompmi02,Milt Thompson,25,ATL,NL,25,111,99,16,30,1,0,2,4,14,2,11,11,.303,.373,.374,.746,105,37,1,0,1,0,1,7
1984,thompsc01,Scot Thompson,28,SFG,NL,120,280,245,30,75,7,1,1,31,5,3,30,26,.306,.376,.355,.731,110,87,11,0,1,4,5,3/97
1984,thondi01,Dickie Thon,26,HOU,NL,5,18,17,3,6,0,1,0,1,0,1,0,4,.353,.389,.471,.859,150,8,1,1,0,0,0,/6
1984,thornan01,Andre Thornton,34,CLE,AL,155,690,587,91,159,26,0,33,99,6,5,91,79,.271,.366,.484,.850,132,284,9,2,0,9,11,*D3
1984,thurmma01,Mark Thurmond,27,SDP,NL,32,68,58,1,11,1,0,0,4,0,0,3,10,.190,.230,.207,.436,24,12,1,0,7,0,0,1
1984,tibbsja01,Jay Tibbs,22,CIN,NL,14,38,36,1,5,0,0,0,1,0,0,1,13,.139,.162,.139,.301,-16,5,0,0,1,0,0,1
1984,tidrodi01,Dick Tidrow,37,NYM,NL,11,0,0,0,0,0,0,0,0,0,0,0,0,,,,,,0,0,0,0,0,0,1
1984,tolivfr01,Freddie Toliver,23,CIN,NL,3,2,1,0,0,0,0,0,0,0,0,0,0,.000,.000,.000,.000,-100,0,0,0,1,0,0,/1
1984,tollewa01,Wayne Tolleson,28,TEX,AL,118,378,338,35,72,9,2,0,9,22,4,27,47,.213,.276,.251,.528,46,85,12,3,9,1,0,*4/65D8
1984,tolmati01,Tim Tolman,28,HOU,NL,14,17,17,2,3,1,0,0,0,0,0,0,3,.176,.176,.235,.412,19,4,0,0,0,0,0,/937
1984,torremi01,Mike Torrez,37,TOT,MLB,9,11,10,0,3,0,0,0,1,0,0,1,1,.300,.364,.300,.664,90,3,1,0,0,0,0,1
1984,torremi01,Mike Torrez,37,NYM,NL,9,11,10,0,3,0,0,0,1,0,0,1,1,.300,.364,.300,.664,90,3,1,0,0,0,0,/1
1984,trabeji01,Jim Traber,22,BAL,AL,10,24,21,3,5,0,0,0,2,0,0,2,4,.238,.292,.238,.530,51,5,1,0,0,1,0,/D
1984,trammal01,Alan Trammell,26,DET,AL,139,626,555,85,174,34,5,14,69,19,13,60,63,.314,.382,.468,.851,136,260,8,3,6,2,2,*6D
1984,trevial01,Alex Trevino,26,TOT,NL,85,295,272,36,66,16,0,3,28,5,2,16,29,.243,.286,.335,.621,70,91,4,1,5,1,1,2
1984,trevial01,Alex Trevino,26,CIN,NL,6,6,6,0,1,0,0,0,0,0,0,0,2,.167,.167,.167,.333,-7,1,0,0,0,0,0,/2
1984,trevial01,Alex Trevino,26,ATL,NL,79,289,266,36,65,16,0,3,28,5,2,16,27,.244,.289,.338,.627,71,90,4,1,5,1,1,2
1984,trillma01,Manny Trillo,33,SFG,NL,98,437,401,45,102,21,1,4,36,0,0,25,55,.254,.300,.342,.642,83,137,8,3,4,4,0,4/5
1984,troutst01,Steve Trout,26,CHC,NL,32,71,61,4,8,0,0,0,3,0,0,4,21,.131,.182,.131,.313,-13,8,1,0,5,1,0,1
1984,tudorjo01,John Tudor,30,PIT,NL,36,83,76,3,16,1,0,0,2,1,0,3,24,.211,.241,.224,.464,32,17,0,0,4,0,0,1
1984,tunnele01,Lee Tunnell,23,PIT,NL,26,15,12,0,1,0,0,0,0,0,0,0,6,.083,.083,.083,.167,-53,1,0,0,3,0,0,1
1984,upshawi01,Willie Upshaw,27,TOR,AL,152,635,569,79,158,31,9,19,84,10,4,55,86,.278,.345,.464,.809,119,264,8,5,3,3,14,*3/D
1984,uribejo01,Jose Uribe,25,STL,NL,8,20,19,4,4,0,0,0,3,1,0,0,2,.211,.211,.211,.421,20,4,1,0,1,0,0,/64
1984,vailmi01,Mike Vail,32,LAD,NL,16,17,16,1,1,0,0,0,2,0,0,1,7,.063,.118,.063,.180,-47,1,0,0,0,0,0,/7
1984,valenfe01,Fernando Valenzuela,23,LAD,NL,35,89,79,5,15,3,0,3,7,0,0,1,11,.190,.200,.342,.542,51,27,2,0,9,0,0,1
1984,valleda01,Dave Valle,23,SEA,AL,13,28,27,4,8,1,0,1,4,0,0,1,5,.296,.321,.444,.766,112,12,0,0,0,0,0,2
1984,vangoda01,Dave Van Gorder,27,CIN,NL,38,113,101,10,23,2,0,0,6,0,0,12,17,.228,.310,.248,.557,56,25,2,0,0,0,2,2/3
1984,vanslan01,Andy Van Slyke,23,STL,NL,137,430,361,45,88,16,4,7,50,28,5,63,71,.244,.354,.368,.723,106,133,5,0,0,2,9,97538
1984,vandeed01,Ed Vande Berg,25,SEA,AL,2,0,0,1,0,0,0,0,0,0,0,0,0,,,,,,0,0,0,0,0,0,1/D
1984,vargaed01,Eddie Vargas,25,PIT,NL,18,34,31,3,7,2,0,0,2,0,0,3,5,.226,.294,.290,.584,65,9,0,0,0,0,0,3
1984,venabma01,Max Venable,27,MON,NL,38,76,71,7,17,2,0,2,7,1,0,3,7,.239,.276,.352,.628,79,25,0,1,0,1,1,7/89
1984,veryzto01,Tom Veryzer,31,CHC,NL,44,83,74,5,14,1,0,0,4,0,0,3,11,.189,.259,.203,.462,28,15,3,4,2,0,1,6/54
1984,virgioz02,Ozzie Virgil,27,PHI,NL,141,512,456,61,119,21,2,18,68,1,1,45,91,.261,.331,.434,.765,112,198,19,5,1,5,5,*2
1984,vonohda01,Dave Von Ohlen,25,STL,NL,27,1,1,0,1,0,0,0,0,0,0,0,0,1.000,1.000,1.000,2.000,470,1,0,0,0,0,0,1
1984,vukovge01,George Vukovich,28,CLE,AL,134,474,437,38,133,22,5,9,60,1,4,34,61,.304,.354,.439,.794,117,192,10,1,0,2,3,*97
1984,wagnema01,Mark Wagner,30,OAK,AL,82,100,87,8,20,5,1,0,12,2,0,7,11,.230,.284,.310,.595,71,27,5,0,5,1,0,65/4D1
1984,walkbo01,Bob Walk,27,PIT,NL,2,3,3,0,0,0,0,0,0,0,0,0,2,.000,.000,.000,.000,-100,0,0,0,0,0,0,/1
1984,walkech01,Chico Walker,25,BOS,AL,3,3,2,0,0,0,0,0,1,0,0,0,1,.000,.000,.000,.000,-100,0,0,0,0,1,0,/4
1984,walkedu01,Duane Walker,27,CIN,NL,83,231,195,35,57,10,3,10,28,7,3,33,35,.292,.391,.528,.920,153,103,1,0,1,2,2,78/9
1984,walkegr01,Greg Walker,24,CHW,AL,136,482,442,62,130,29,2,24,75,8,5,35,66,.294,.346,.532,.878,135,235,9,2,0,3,3,3D
1984,wallati01,Tim Wallach,26,MON,NL,160,643,582,55,143,25,4,18,72,3,7,50,101,.246,.311,.395,.706,101,230,12,7,0,4,6,*5/6
1984,wallide01,Denny Walling,30,HOU,NL,87,268,249,37,70,11,5,3,31,7,1,16,28,.281,.325,.402,.726,111,100,4,1,0,2,2,53/87
1984,wardga01,Gary Ward,30,TEX,AL,155,659,602,97,171,21,7,21,79,7,5,55,95,.284,.343,.447,.790,115,269,22,0,1,1,3,*879/D
1984,washicl01,Claudell Washington,29,ATL,NL,120,479,416,62,119,21,2,17,61,21,9,59,77,.286,.374,.469,.842,130,195,11,1,0,3,8,9
1984,washiro01,Ron Washington,32,MIN,AL,88,206,197,25,58,11,5,3,23,1,1,4,31,.294,.307,.447,.754,103,88,4,1,1,3,0,6/4D5
1984,washiu_01,U L Washington,30,KCR,AL,63,189,170,18,38,6,0,1,10,4,6,14,31,.224,.281,.276,.558,56,47,1,0,4,1,0,6
1984,wathajo01,John Wathan,34,KCR,AL,97,196,171,17,31,7,1,2,10,6,6,21,34,.181,.271,.269,.540,51,46,6,0,4,0,0,23/D7
1984,watsobo01,Bob Watson,38,ATL,NL,49,94,85,4,18,4,0,2,12,0,0,9,12,.212,.287,.329,.617,69,28,2,0,0,0,2,3
1984,webstmi01,Mitch Webster,25,TOR,AL,26,23,22,9,5,2,1,0,4,0,0,1,7,.227,.261,.409,.670,80,9,1,0,0,0,0,/D873
1984,wehrmda01,Dave Wehrmeister,31,PHI,NL,7,2,2,0,0,0,0,0,0,0,0,0,1,.000,.000,.000,.000,-100,0,0,0,0,0,0,/1
1984,welchbo01,Bob Welch,27,LAD,NL,32,61,51,0,4,0,0,0,3,0,0,2,15,.078,.113,.078,.192,-45,4,1,0,8,0,0,1
1984,wellmbr01,Brad Wellman,24,SFG,NL,93,293,265,23,60,9,1,2,25,10,5,19,41,.226,.274,.291,.565,61,77,8,0,3,4,0,46/5
1984,whitalo01,Lou Whitaker,27,DET,AL,143,629,558,90,161,25,1,13,56,6,5,62,63,.289,.357,.407,.764,112,227,9,0,4,5,5,*4
1984,whitefr01,Frank White,33,KCR,AL,129,515,479,58,130,22,5,17,56,5,5,27,72,.271,.311,.445,.756,107,213,11,2,4,3,3,*4
1984,whitela01,Larry White,25,LAD,NL,7,1,1,0,0,0,0,0,0,0,0,0,0,.000,.000,.000,.000,-100,0,0,0,0,0,0,/1
1984,whitfte01,Terry Whitfield,31,LAD,NL,87,200,180,15,44,8,0,4,18,1,4,17,35,.244,.313,.356,.669,90,64,5,1,2,0,2,97/8
1984,whitsed01,Ed Whitson,29,SDP,NL,36,68,61,0,3,0,0,0,1,0,0,1,12,.049,.065,.049,.114,-68,3,0,0,6,0,0,1
1984,whitter01,Ernie Whitt,32,TOR,AL,124,364,315,35,75,12,1,15,46,0,3,43,49,.238,.327,.425,.752,104,134,7,1,0,5,7,*2
1984,wieghto01,Tom Wieghaus,27,HOU,NL,6,12,10,0,0,0,0,0,1,0,0,1,3,.000,.083,.000,.083,-74,0,1,0,0,1,0,/2
1984,wiggial01,Alan Wiggins,26,SDP,NL,158,692,596,106,154,19,7,3,34,70,21,75,57,.258,.342,.329,.671,90,196,2,3,14,4,1,*4
1984,wilforo01,Rob Wilfong,30,CAL,AL,108,337,307,31,76,13,2,6,33,3,2,20,53,.248,.296,.362,.658,82,111,2,2,6,2,0,4/6D
1984,wilkecu01,Curt Wilkerson,23,TEX,AL,153,522,484,47,120,12,0,1,26,12,10,22,72,.248,.282,.279,.561,55,135,7,2,12,2,0,*64
1984,willaje01,Jerry Willard,24,CLE,AL,87,275,246,21,55,8,1,10,37,1,0,26,55,.224,.295,.386,.681,86,95,6,0,0,3,0,2/D
1984,willifr01,Frank Williams,26,SFG,NL,61,21,18,1,4,0,0,0,1,0,0,3,7,.222,.333,.222,.556,62,4,0,0,0,0,0,1
1984,willica01,Carl Willis,23,TOT,MLB,8,0,0,0,0,0,0,0,0,0,0,0,0,,,,,,0,0,0,0,0,0,1
1984,willica01,Carl Willis,23,DET,AL,1,0,0,0,0,0,0,0,0,0,0,0,0,,,,,,0,0,0,0,0,0,1
1984,willica01,Carl Willis,23,CIN,NL,7,0,0,0,0,0,0,0,0,0,0,0,0,,,,,,0,0,0,0,0,0,/1
1984,wilsogl01,Glenn Wilson,25,PHI,NL,132,363,341,28,82,21,3,6,31,7,1,17,56,.240,.276,.372,.649,80,127,12,1,1,3,1,*79/58
1984,wilsomo01,Mookie Wilson,28,NYM,NL,154,619,587,88,162,28,10,10,54,46,9,26,90,.276,.308,.409,.717,101,240,5,2,2,2,2,*8
1984,wilsowi02,Willie Wilson,28,KCR,AL,128,588,541,81,163,24,9,2,44,47,5,39,56,.301,.350,.390,.740,105,211,7,3,2,3,2,*8
1984,winfida01,Dave Winfield,32,NYY,AL,141,626,567,106,193,34,4,19,100,6,4,53,71,.340,.393,.515,.908,154,292,14,0,0,6,9,*98/7
1984,winnji01,Jim Winn,24,PIT,NL,9,1,1,0,0,0,0,0,0,0,0,0,0,.000,.000,.000,.000,-100,0,0,0,0,0,0,/1
1984,winnihe01,Herm Winningham,22,NYM,NL,14,28,27,5,11,1,1,0,5,2,1,1,7,.407,.429,.519,.947,167,14,0,0,0,0,0,/879
1984,wockejo01,John Wockenfuss,35,PHI,NL,86,211,180,20,52,3,1,6,24,1,0,30,24,.289,.390,.417,.807,126,75,4,0,1,0,1,32/5
1984,wohlfji01,Jim Wohlford,33,MON,NL,95,228,213,20,64,13,2,5,29,3,0,14,19,.300,.342,.451,.793,126,96,1,0,0,1,0,79/58
1984,woodsga01,Gary Woods,30,CHC,NL,87,116,98,13,23,4,1,3,10,2,1,15,21,.235,.333,.388,.721,96,38,3,0,2,1,0,798/4
1984,wotusro01,Ron Wotus,23,PIT,NL,27,64,55,4,12,6,0,0,2,0,0,6,8,.218,.290,.327,.618,74,18,4,0,2,1,2,6/4
1984,wrighge03,George Wright,25,TEX,AL,101,405,383,40,93,19,4,9,48,0,2,15,54,.243,.273,.384,.657,78,147,6,2,1,3,2,89D
1984,wynegbu01,Butch Wynegar,28,NYY,AL,129,512,442,48,118,13,1,6,45,1,4,65,35,.267,.360,.342,.702,100,151,18,0,4,1,6,*2
1984,wynnema01,Marvell Wynne,24,PIT,NL,154,702,653,77,174,24,11,0,39,24,19,42,81,.266,.310,.337,.647,82,220,8,0,5,2,0,*8
1984,yeagest01,Steve Yeager,35,LAD,NL,74,221,197,16,45,4,0,4,29,1,2,20,38,.228,.295,.310,.605,72,61,2,0,1,3,1,2
1984,yostne01,Ned Yost,29,TEX,AL,80,251,242,15,44,4,0,6,25,1,2,6,47,.182,.201,.273,.474,28,66,5,0,2,1,0,2
1984,youngmi01,Mike Young,24,BAL,AL,123,470,401,59,101,17,2,17,52,6,2,58,110,.252,.355,.431,.786,120,173,5,7,2,2,2,*97/D8
1984,youngjo02,Joel Youngblood,32,SFG,NL,134,524,469,50,119,17,1,10,51,5,6,48,86,.254,.328,.358,.686,96,168,8,4,3,0,1,*5/947
1984,yountro01,Robin Yount,28,MIL,AL,160,702,624,105,186,27,7,16,80,14,4,67,67,.298,.362,.441,.803,126,275,22,1,1,9,7,*6D
1984,zachrpa01,Pat Zachry,32,LAD,NL,58,6,6,0,2,0,0,0,0,0,0,0,1,.333,.333,.333,.667,90,2,1,0,0,0,0,1
1984,zaskeje01,Jeff Zaske,23,PIT,NL,3,0,0,0,0,0,0,0,0,0,0,0,0,,,,,,0,0,0,0,0,0,/1
1984,zuvelpa01,Paul Zuvella,25,ATL,NL,11,27,25,2,5,1,0,0,1,0,0,2,3,.200,.259,.240,.499,38,6,0,0,0,0,0,/46
