year_ID,player_ID,name_common,age,team_ID,lg_ID,W,L,win_loss_perc,earned_run_avg,G,GS,GF,CG,SHO,SV,IP,H,R,ER,HR,BB,IBB,SO,HBP,BK,WP,batters_faced,earned_run_avg_plus,fip,whip,hits_per_nine,home_runs_per_nine,bases_on_balls_per_nine,strikeouts_per_nine,strikeouts_per_base_on_balls
2010,aardsda01,David Aardsma,28,SEA,AL,0,6,.000,3.44,53,0,43,0,0,31,49.2,33,19,19,5,25,5,49,2,0,2,202,115,4.05,1.168,6.0,0.9,4.5,8.9,1.96
2010,abadfe01,Fernando Abad,24,HOU,NL,0,1,.000,2.84,22,0,6,0,0,0,19.0,14,6,6,3,5,0,12,0,0,0,76,142,4.66,1.000,6.6,1.4,2.4,5.7,2.40
2010,accarje01,Jeremy Accardo,28,TOR,AL,0,1,.000,8.10,5,0,2,0,0,0,6.2,12,6,6,0,3,0,3,1,0,2,34,54,3.98,2.250,16.2,0.0,4.1,4.1,1.00
2010,aceveal01,Alfredo Aceves,27,NYY,AL,3,0,1.000,3.00,10,0,2,0,0,1,12.0,10,5,4,1,4,1,2,1,0,0,53,148,5.08,1.167,7.5,0.8,3.0,1.5,0.50
2010,acostma01,Manny Acosta,29,NYM,NL,3,2,.600,2.95,41,0,12,0,0,1,39.2,30,13,13,4,18,1,42,0,0,3,157,134,3.63,1.210,6.8,0.9,4.1,9.5,2.33
2010,adamsmi03,Mike Adams,31,SDP,NL,4,1,.800,1.76,70,0,3,0,0,0,66.2,48,14,13,2,23,2,73,0,0,0,268,210,2.31,1.065,6.5,0.3,3.1,9.9,3.17
2010,affelje01,Jeremy Affeldt,31,SFG,NL,4,3,.571,4.14,53,0,14,0,0,4,50.0,56,25,23,4,24,5,44,3,0,4,228,95,3.98,1.600,10.1,0.7,4.3,7.9,1.83
2010,albaljo01,Jonathan Albaladejo,27,NYY,AL,0,0,,3.97,10,0,5,0,0,0,11.1,9,5,5,1,8,1,8,2,0,0,50,112,5.46,1.500,7.1,0.8,6.4,6.4,1.00
2010,alberma01,Matt Albers,27,BAL,AL,5,3,.625,4.52,62,0,19,0,0,0,75.2,78,41,38,6,34,5,49,2,0,2,329,92,4.24,1.480,9.3,0.7,4.0,5.8,1.44
2010,ambrihe01,Hector Ambriz,26,CLE,AL,0,2,.000,5.59,34,0,20,0,0,0,48.1,68,31,30,10,17,1,37,1,0,4,224,71,5.35,1.759,12.7,1.9,3.2,6.9,2.18
2010,anderbr04,Brett Anderson,22,OAK,AL,7,6,.538,2.80,19,19,0,0,0,0,112.1,112,41,35,6,22,2,75,7,2,4,470,147,3.21,1.193,9.0,0.5,1.8,6.0,3.41
2010,arrieja01,Jake Arrieta,24,BAL,AL,6,6,.500,4.66,18,18,0,0,0,0,100.1,106,57,52,9,48,3,52,4,0,5,449,89,4.76,1.535,9.5,0.8,4.3,4.7,1.08
2010,arroybr01,Bronson Arroyo,33,CIN,NL,17,10,.630,3.88,33,33,0,2,0,0,215.2,188,95,93,29,59,5,121,6,1,1,880,105,4.61,1.145,7.8,1.2,2.5,5.0,2.05
2010,atchisc01,Scott Atchison,34,BOS,AL,2,3,.400,4.50,43,1,8,0,0,0,60.0,58,37,30,9,19,2,41,1,0,4,253,97,4.66,1.283,8.7,1.4,2.9,6.2,2.16
2010,atilalu01,Luis Atilano,25,WSN,NL,6,7,.462,5.15,16,16,0,0,0,0,85.2,96,56,49,11,32,5,40,2,1,1,385,79,5.01,1.494,10.1,1.2,3.4,4.2,1.25
2010,atkinmi01,Mitch Atkins,24,CHC,NL,0,0,,6.30,5,0,2,0,0,0,10.0,12,8,7,2,6,0,10,1,0,0,49,70,5.78,1.800,10.8,1.8,5.4,9.0,1.67
2010,axforjo01,John Axford,27,MIL,NL,8,2,.800,2.48,50,0,43,0,0,24,58.0,42,17,16,1,27,3,76,1,0,4,238,163,2.13,1.190,6.5,0.2,4.2,11.8,2.81
2010,badenbu01,Burke Badenhop,27,FLA,NL,2,5,.286,3.99,53,0,16,0,0,1,67.2,62,33,30,5,21,5,47,2,0,1,281,104,3.67,1.227,8.2,0.7,2.8,6.3,2.24
2010,baezda01,Danys Baez,32,PHI,NL,3,4,.429,5.48,51,0,17,0,0,0,47.2,55,31,29,6,23,2,28,3,0,1,216,75,5.18,1.636,10.4,1.1,4.3,5.3,1.22
2010,bailean01,Andrew Bailey,26,OAK,AL,1,3,.250,1.47,47,0,42,0,0,25,49.0,34,8,8,3,13,1,42,0,0,0,189,281,2.96,0.959,6.2,0.6,2.4,7.7,3.23
2010,baileho02,Homer Bailey,24,CIN,NL,4,3,.571,4.46,19,19,0,1,1,0,109.0,109,55,54,11,40,6,100,3,1,3,465,91,3.74,1.367,9.0,0.9,3.3,8.3,2.50
2010,bakersc02,Scott Baker,28,MIN,AL,12,9,.571,4.49,29,29,0,0,0,0,170.1,186,87,85,23,43,0,148,6,0,7,725,91,3.96,1.344,9.8,1.2,2.3,7.8,3.44
2010,balesco01,Collin Balester,24,WSN,NL,0,1,.000,2.57,17,0,8,0,0,0,21.0,15,6,6,2,11,1,28,2,0,4,89,159,3.51,1.238,6.4,0.9,4.7,12.0,2.55
2010,balfogr01,Grant Balfour,32,TBR,AL,2,1,.667,2.28,57,0,8,0,0,0,55.1,43,16,14,3,17,2,56,0,1,4,222,172,2.68,1.084,7.0,0.5,2.8,9.1,3.29
2010,banksjo01,Josh Banks,27,HOU,NL,0,1,.000,13.50,1,1,0,0,0,0,4.0,8,6,6,1,4,0,1,0,0,0,24,32,8.83,3.000,18.0,2.3,9.0,2.3,0.25
2010,bannibr01,Brian Bannister,29,KCR,AL,7,12,.368,6.34,24,23,1,0,0,0,127.2,158,92,90,23,50,0,77,3,0,10,581,66,5.46,1.629,11.1,1.6,3.5,5.4,1.54
2010,bardda01,Daniel Bard,25,BOS,AL,1,2,.333,1.93,73,0,12,0,0,3,74.2,45,18,16,6,30,3,76,2,0,2,295,227,3.37,1.004,5.4,0.7,3.6,9.2,2.53
2010,bassbr01,Brian Bass,28,PIT,NL,0,0,,12.27,4,0,0,0,0,0,7.1,9,11,10,0,10,2,5,1,0,1,42,35,6.22,2.591,11.0,0.0,12.3,6.1,0.50
2010,bastaan01,Antonio Bastardo,24,PHI,NL,2,0,1.000,4.34,25,0,2,0,0,0,18.2,19,9,9,1,9,0,26,2,0,0,86,96,2.76,1.500,9.2,0.5,4.3,12.5,2.89
2010,batismi01,Miguel Batista,39,WSN,NL,1,2,.333,3.70,58,1,18,0,0,2,82.2,71,36,34,9,39,8,55,5,0,4,350,109,4.76,1.331,7.7,1.0,4.2,6.0,1.41
2010,bautide01,Denny Bautista,27,SFG,NL,2,0,1.000,3.74,31,0,8,0,0,0,33.2,25,14,14,4,27,4,44,3,0,7,157,106,4.68,1.545,6.7,1.1,7.2,11.8,1.63
2010,beachbr01,Brandon Beachy,23,ATL,NL,0,2,.000,3.00,3,3,0,0,0,0,15.0,16,9,5,0,7,3,15,0,0,1,67,134,2.48,1.533,9.6,0.0,4.2,9.0,2.14
2010,beckejo02,Josh Beckett,30,BOS,AL,6,6,.500,5.78,21,21,0,0,0,0,127.2,151,89,82,20,45,3,116,8,0,3,577,75,4.54,1.535,10.6,1.4,3.2,8.2,2.58
2010,beimejo01,Joe Beimel,33,COL,NL,1,2,.333,3.40,71,0,11,0,0,0,45.0,46,18,17,5,15,3,21,0,1,2,188,137,4.59,1.356,9.2,1.0,3.0,4.2,1.40
2010,belisro01,Ronald Belisario,27,LAD,NL,3,1,.750,5.04,59,0,13,0,0,2,55.1,52,31,31,6,19,4,38,3,1,4,233,77,4.31,1.283,8.5,1.0,3.1,6.2,2.00
2010,belisma01,Matt Belisle,30,COL,NL,7,5,.583,2.93,76,0,11,0,0,1,92.0,84,34,30,7,16,5,91,2,1,3,365,158,2.68,1.087,8.2,0.7,1.6,8.9,5.69
2010,bellhe01,Heath Bell,32,SDP,NL,6,1,.857,1.93,67,0,57,0,0,47,70.0,56,17,15,1,28,3,86,1,0,1,287,191,2.05,1.200,7.2,0.1,3.6,11.1,3.07
2010,belltr01,Trevor Bell,23,LAA,AL,2,5,.286,4.72,25,7,8,0,0,0,61.0,77,35,32,2,21,2,45,1,0,5,273,85,3.11,1.607,11.4,0.3,3.1,6.6,2.14
2010,beltrom01,Omar Beltre,28,TEX,AL,0,1,.000,9.00,2,2,0,0,0,0,7.0,9,7,7,3,7,0,9,2,0,0,38,52,9.94,2.286,11.6,3.9,9.0,11.6,1.29
2010,benoijo01,Joaquin Benoit,32,TBR,AL,1,2,.333,1.34,63,0,16,0,0,1,60.1,30,10,9,6,11,1,75,0,0,1,217,292,2.43,0.680,4.5,0.9,1.6,11.2,6.82
2010,bensokr01,Kris Benson,35,ARI,NL,1,1,.500,5.14,3,3,0,0,0,0,14.0,18,9,8,2,6,0,8,1,0,1,67,84,5.29,1.714,11.6,1.3,3.9,5.1,1.33
2010,bergju01,Justin Berg,26,CHC,NL,0,1,.000,5.18,41,0,12,0,0,0,40.0,45,27,23,3,20,1,14,3,0,2,187,82,5.08,1.625,10.1,0.7,4.5,3.2,0.70
2010,bergebr02,Brad Bergesen,24,BAL,AL,8,12,.400,4.98,30,28,1,2,0,0,170.0,193,104,94,26,51,4,81,7,3,0,746,83,5.14,1.435,10.2,1.4,2.7,4.3,1.59
2010,bergmja01,Jason Bergmann,28,WSN,NL,0,1,.000,15.43,4,0,0,0,0,0,2.1,3,4,4,2,1,0,2,0,0,0,11,30,13.79,1.714,11.6,7.7,3.9,7.7,2.00
2010,berkeja01,Jason Berken,26,BAL,AL,3,3,.500,3.03,41,0,8,0,0,0,62.1,64,24,21,5,19,3,45,0,0,3,262,137,3.59,1.332,9.2,0.7,2.7,6.5,2.37
2010,betanra01,Rafael Betancourt,35,COL,NL,5,1,.833,3.61,72,0,18,0,0,1,62.1,52,25,25,9,8,2,89,0,0,7,248,129,2.49,0.963,7.5,1.3,1.2,12.9,11.13
2010,billich01,Chad Billingsley,25,LAD,NL,12,11,.522,3.57,31,31,0,1,1,0,191.2,176,82,76,8,69,7,171,10,0,4,817,109,3.07,1.278,8.3,0.4,3.2,8.0,2.48
2010,bisenjo01,Joe Bisenius,27,WSN,NL,0,0,,9.64,5,0,2,0,0,0,4.2,6,6,5,1,6,0,5,0,0,0,26,45,7.58,2.571,11.6,1.9,11.6,9.6,0.83
2010,blackni01,Nick Blackburn,28,MIN,AL,10,12,.455,5.42,28,26,2,1,0,0,161.0,194,101,97,25,40,1,68,4,1,3,692,75,5.07,1.453,10.8,1.4,2.2,3.8,1.70
2010,blantjo01,Joe Blanton,29,PHI,NL,9,6,.600,4.82,29,28,0,0,0,0,175.2,206,104,94,27,43,6,134,3,0,2,765,85,4.34,1.417,10.6,1.4,2.2,6.9,3.12
2010,blevije01,Jerry Blevins,26,OAK,AL,2,1,.667,3.70,63,0,9,0,0,1,48.2,54,20,20,7,18,1,46,1,0,0,220,112,4.23,1.479,10.0,1.3,3.3,8.5,2.56
2010,boggsmi01,Mitchell Boggs,26,STL,NL,2,3,.400,3.61,61,0,22,0,0,0,67.1,60,29,27,5,27,2,52,4,0,5,285,108,3.88,1.292,8.0,0.7,3.6,7.0,1.93
2010,bondeje01,Jeremy Bonderman,27,DET,AL,8,10,.444,5.53,30,29,0,0,0,0,171.0,187,113,105,25,60,1,112,10,0,8,754,76,4.90,1.444,9.8,1.3,3.2,5.9,1.87
2010,bonined01,Eddie Bonine,29,DET,AL,4,1,.800,4.63,47,1,14,0,0,0,68.0,84,37,35,7,22,2,26,3,0,4,303,91,4.76,1.559,11.1,0.9,2.9,3.4,1.18
2010,bonsebo01,Boof Bonser,28,TOT,AL,1,0,1.000,6.12,15,0,4,0,0,0,25.0,33,17,17,2,8,0,17,0,0,1,112,69,3.72,1.640,11.9,0.7,2.9,6.1,2.13
2010,bonsebo01,Boof Bonser,28,BOS,AL,0,0,,18.00,2,0,1,0,0,0,2.0,6,4,4,0,2,0,0,0,0,0,13,28,6.08,4.000,27.0,0.0,9.0,0.0,0.00
2010,bonsebo01,Boof Bonser,28,OAK,AL,1,0,1.000,5.09,13,0,3,0,0,0,23.0,27,13,13,2,6,0,17,0,0,1,99,82,3.51,1.435,10.6,0.8,2.3,6.7,2.83
2010,bowdemi01,Michael Bowden,23,BOS,AL,0,1,.000,4.70,14,0,7,0,0,0,15.1,20,8,8,2,4,0,13,0,0,2,66,95,3.86,1.565,11.7,1.2,2.3,7.6,3.25
2010,bowerce01,Cedrick Bowers,32,OAK,AL,0,1,.000,4.50,14,0,10,0,0,0,14.0,12,9,7,4,6,1,18,1,0,0,62,94,5.72,1.286,7.7,2.6,3.9,11.6,3.00
2010,boyerbl01,Blaine Boyer,28,ARI,NL,3,2,.600,4.26,54,0,11,0,0,0,57.0,59,32,27,3,29,1,29,1,0,2,251,100,4.32,1.544,9.3,0.5,4.6,4.6,1.00
2010,braddza01,Zach Braddock,22,MIL,NL,1,2,.333,2.94,46,0,4,0,0,0,33.2,29,11,11,1,19,0,41,2,0,2,151,138,2.90,1.426,7.8,0.3,5.1,11.0,2.16
2010,bradeda01,Dallas Braden,26,OAK,AL,11,14,.440,3.50,30,30,0,5,2,0,192.2,180,83,75,17,43,0,113,5,1,2,781,117,3.80,1.157,8.4,0.8,2.0,5.3,2.63
2010,braybi01,Bill Bray,27,CIN,NL,0,2,.000,4.13,35,0,4,0,0,0,28.1,21,13,13,4,10,1,30,0,0,2,117,100,3.86,1.094,6.7,1.3,3.2,9.5,3.00
2010,breslcr01,Craig Breslow,29,OAK,AL,4,4,.500,3.01,75,0,23,0,0,5,74.2,53,26,25,9,29,4,71,0,1,0,304,137,3.91,1.098,6.4,1.1,3.5,8.6,2.45
2010,broxtjo01,Jonathan Broxton,26,LAD,NL,5,6,.455,4.04,64,0,46,0,0,22,62.1,64,30,28,4,28,5,73,2,0,1,271,96,3.01,1.476,9.2,0.6,4.0,10.5,2.61
2010,brunebr01,Brian Bruney,28,WSN,NL,1,2,.333,7.64,19,0,6,0,0,0,17.2,21,18,15,1,20,1,16,0,0,1,93,54,5.40,2.321,10.7,0.5,10.2,8.2,0.80
2010,buchhcl01,Clay Buchholz,25,BOS,AL,17,7,.708,2.33,28,28,0,1,1,0,173.2,142,55,45,9,67,1,120,5,1,7,711,187,3.61,1.203,7.4,0.5,3.5,6.2,1.79
2010,buchhta01,Taylor Buchholz,28,TOT,MLB,1,0,1.000,3.75,9,0,4,0,0,0,12.0,10,5,5,2,6,0,9,0,0,0,49,128,5.25,1.333,7.5,1.5,4.5,6.8,1.50
2010,buchhta01,Taylor Buchholz,28,COL,NL,1,0,1.000,4.50,7,0,2,0,0,0,10.0,10,5,5,2,6,0,9,0,0,0,43,106,5.68,1.600,9.0,1.8,5.4,8.1,1.50
2010,buchhta01,Taylor Buchholz,28,TOR,AL,0,0,,0.00,2,0,2,0,0,0,2.0,0,0,0,0,0,0,0,0,0,0,6,,3.08,0.000,0.0,0.0,0.0,0.0,
2010,bucknbi02,Billy Buckner,26,ARI,NL,0,3,.000,11.08,3,3,0,0,0,0,13.0,26,17,16,4,5,0,11,2,0,1,72,39,7.00,2.385,18.0,2.8,3.5,7.6,2.20
2010,buehrma01,Mark Buehrle,31,CHW,AL,13,13,.500,4.28,33,33,0,3,0,0,210.1,246,105,100,17,49,1,99,1,5,3,897,100,3.90,1.403,10.5,0.7,2.1,4.2,2.02
2010,buentja01,Jay Buente,26,FLA,NL,0,0,,6.55,8,0,2,0,0,0,11.0,16,8,8,0,11,2,9,0,0,1,59,65,4.44,2.455,13.1,0.0,9.0,7.4,0.82
2010,bulgeja01,Jason Bulger,31,LAA,AL,0,0,,4.88,25,0,5,0,0,0,24.0,25,14,13,3,15,0,25,2,0,1,111,83,4.75,1.667,9.4,1.1,5.6,9.4,1.67
2010,bullibr01,Bryan Bullington,29,KCR,AL,1,4,.200,6.12,13,5,2,0,0,0,42.2,51,29,29,6,17,2,29,4,0,1,196,69,5.02,1.594,10.8,1.3,3.6,6.1,1.71
2010,bumgama01,Madison Bumgarner,20,SFG,NL,7,6,.538,3.00,18,18,0,0,0,0,111.0,119,40,37,11,26,2,86,5,1,1,472,131,3.66,1.306,9.6,0.9,2.1,7.0,3.31
2010,burnea.01,A.J. Burnett,33,NYY,AL,10,15,.400,5.26,33,33,0,1,0,0,186.2,204,118,109,25,78,2,145,19,0,16,829,82,4.83,1.511,9.8,1.2,3.8,7.0,1.86
2010,burneal01,Alex Burnett,22,MIN,AL,2,2,.500,5.29,41,0,11,0,0,0,47.2,52,28,28,6,23,3,37,2,2,2,211,77,4.74,1.573,9.8,1.1,4.3,7.0,1.61
2010,burnese01,Sean Burnett,27,WSN,NL,1,7,.125,2.14,73,0,10,0,0,3,63.0,52,17,15,3,20,4,62,1,0,2,261,189,2.73,1.143,7.4,0.4,2.9,8.9,3.10
2010,burrebr01,Brian Burres,29,PIT,NL,4,5,.444,4.99,20,13,1,0,0,0,79.1,87,48,44,9,34,4,45,6,0,3,362,81,4.93,1.525,9.9,1.0,3.9,5.1,1.32
2010,burtoja01,Jared Burton,29,CIN,NL,0,0,,0.00,4,0,2,0,0,0,3.1,0,0,0,0,0,0,1,0,0,0,10,,2.48,0.000,0.0,0.0,0.0,2.7,
2010,bushda01,Dave Bush,30,MIL,NL,8,13,.381,4.54,32,31,0,0,0,0,174.1,198,108,88,28,65,6,107,4,1,1,781,89,5.13,1.509,10.2,1.4,3.4,5.5,1.65
2010,byrdati01,Tim Byrdak,36,HOU,NL,2,2,.500,3.49,64,0,9,0,0,0,38.2,40,15,15,4,20,0,29,0,0,2,170,114,4.48,1.552,9.3,0.9,4.7,6.8,1.45
2010,cabrefe01,Fernando Cabrera,28,BOS,AL,0,0,,20.25,1,0,0,0,0,0,1.1,2,3,3,1,2,0,0,0,0,0,7,27,17.33,3.000,13.5,6.8,13.5,0.0,0.00
2010,cahiltr01,Trevor Cahill,22,OAK,AL,18,8,.692,2.97,30,30,0,1,1,0,196.2,155,73,65,19,63,1,118,6,2,2,783,138,4.19,1.108,7.1,0.9,2.9,5.4,1.87
2010,cainma01,Matt Cain,25,SFG,NL,13,11,.542,3.14,33,33,0,4,2,0,223.1,181,84,78,22,61,4,177,4,0,8,896,124,3.65,1.084,7.3,0.9,2.5,7.1,2.90
2010,campsh01,Shawn Camp,34,TOR,AL,4,3,.571,2.99,70,0,13,0,0,2,72.1,71,26,24,8,18,5,46,4,0,2,298,141,4.16,1.230,8.8,1.0,2.2,5.7,2.56
2010,cappsma01,Matt Capps,26,TOT,MLB,5,3,.625,2.47,74,0,66,0,0,42,73.0,75,27,20,6,17,4,59,0,0,1,305,165,3.23,1.260,9.2,0.7,2.1,7.3,3.47
2010,cappsma01,Matt Capps,26,WSN,NL,3,3,.500,2.74,47,0,43,0,0,26,46.0,51,20,14,5,9,3,38,0,0,0,199,148,3.43,1.304,10.0,1.0,1.8,7.4,4.22
2010,cappsma01,Matt Capps,26,MIN,AL,2,0,1.000,2.00,27,0,23,0,0,16,27.0,24,7,6,1,8,1,21,0,0,1,106,206,2.89,1.185,8.0,0.3,2.7,7.0,2.63
2010,capuach01,Chris Capuano,31,MIL,NL,4,4,.500,3.95,24,9,5,0,0,0,66.0,65,29,29,9,21,1,54,1,0,5,278,102,4.22,1.303,8.9,1.2,2.9,7.4,2.57
2010,carides01,Esmailin Caridad,26,CHC,NL,0,1,.000,11.25,8,0,3,0,0,0,4.0,4,7,5,1,5,0,4,0,0,0,23,41,8.08,2.250,9.0,2.3,11.3,9.0,0.80
2010,carlsje01,Jesse Carlson,29,TOR,AL,0,0,,4.61,20,0,5,0,0,1,13.2,13,7,7,3,5,2,8,1,0,0,59,93,6.08,1.317,8.6,2.0,3.3,5.3,1.60
2010,carpech01,Chris Carpenter,35,STL,NL,16,9,.640,3.22,35,35,0,1,0,0,235.0,214,99,84,21,63,4,179,13,0,3,969,120,3.69,1.179,8.2,0.8,2.4,6.9,2.84
2010,carpean01,Drew Carpenter,25,PHI,NL,0,1,.000,9.00,1,0,0,0,0,0,3.0,5,3,3,1,0,0,2,0,0,1,14,51,6.08,1.667,15.0,3.0,0.0,6.0,
2010,carraca01,Carlos Carrasco,23,CLE,AL,2,2,.500,3.83,7,7,0,1,0,0,44.2,47,20,19,6,14,1,38,1,0,1,188,104,4.13,1.366,9.5,1.2,2.8,7.7,2.71
2010,carradj01,D.J. Carrasco,33,TOT,NL,3,2,.600,3.68,63,0,8,0,0,0,78.1,68,39,32,5,34,3,65,5,0,6,330,112,3.74,1.302,7.8,0.6,3.9,7.5,1.91
2010,carradj01,D.J. Carrasco,33,PIT,NL,2,2,.500,3.88,45,0,6,0,0,0,55.2,50,24,24,4,22,1,45,4,0,4,232,104,3.80,1.293,8.1,0.6,3.6,7.3,2.05
2010,carradj01,D.J. Carrasco,33,ARI,NL,1,0,1.000,3.18,18,0,2,0,0,0,22.2,18,15,8,1,12,2,20,1,0,2,98,135,3.61,1.324,7.1,0.4,4.8,7.9,1.67
2010,cashke01,Kevin Cash,32,HOU,NL,0,0,,9.00,1,0,1,0,0,0,1.0,3,1,1,0,0,0,0,0,0,0,6,61,3.08,3.000,27.0,0.0,0.0,0.0,
2010,cashnan01,Andrew Cashner,23,CHC,NL,2,6,.250,4.80,53,0,9,0,0,0,54.1,55,31,29,8,30,5,50,4,1,4,248,89,5.03,1.564,9.1,1.3,5.0,8.3,1.67
2010,garcija01,Santiago Casilla,29,SFG,NL,7,2,.778,1.95,52,0,13,0,0,2,55.1,40,14,12,2,26,4,56,4,0,10,225,201,3.15,1.193,6.5,0.3,4.2,9.1,2.15
2010,cassebo01,Bobby Cassevah,24,LAA,AL,1,2,.333,3.15,16,0,9,0,0,0,20.0,23,11,7,0,8,2,8,1,0,1,94,129,3.63,1.550,10.4,0.0,3.6,3.6,1.00
2010,castial02,Alberto Castillo,34,BAL,AL,1,0,1.000,10.13,14,0,6,0,0,0,10.2,16,12,12,5,6,0,11,0,0,1,51,42,8.80,2.063,13.5,4.2,5.1,9.3,1.83
2010,cecilbr01,Brett Cecil,23,TOR,AL,15,7,.682,4.22,28,28,0,0,0,0,172.2,175,87,81,18,54,2,117,1,1,7,726,99,4.03,1.326,9.1,0.9,2.8,6.1,2.17
2010,cedajo01,Jose Ceda,23,FLA,NL,0,0,,5.19,8,0,1,0,0,0,8.2,8,5,5,1,11,1,9,1,1,0,45,83,6.66,2.192,8.3,1.0,11.4,9.3,0.82
2010,chacigu01,Gustavo Chacin,29,HOU,NL,2,2,.500,4.70,44,0,12,0,0,1,38.1,51,22,20,3,20,3,31,0,0,2,186,85,4.04,1.852,12.0,0.7,4.7,7.3,1.55
2010,chacijh01,Jhoulys Chacin,22,COL,NL,9,11,.450,3.28,28,21,2,0,0,0,137.1,114,64,50,10,61,5,138,9,0,4,583,142,3.55,1.274,7.5,0.7,4.0,9.0,2.26
2010,chambjo03,Joba Chamberlain,24,NYY,AL,3,4,.429,4.40,73,0,18,0,0,3,71.2,71,37,35,6,22,2,77,1,1,5,305,98,2.98,1.298,8.9,0.8,2.8,9.7,3.50
2010,chapmar01,Aroldis Chapman,22,CIN,NL,2,2,.500,2.03,15,0,3,0,0,0,13.1,9,4,3,0,5,0,19,0,0,2,51,206,1.35,1.050,6.1,0.0,3.4,12.8,3.80
2010,chaveje01,Jesse Chavez,26,TOT,MLB,5,5,.500,5.89,51,0,26,0,0,0,62.2,69,44,41,11,23,7,45,1,0,2,280,69,5.07,1.468,9.9,1.6,3.3,6.5,1.96
2010,chaveje01,Jesse Chavez,26,ATL,NL,3,2,.600,5.89,28,0,16,0,0,0,36.2,40,24,24,6,12,3,29,1,0,0,162,67,4.69,1.418,9.8,1.5,2.9,7.1,2.42
2010,chaveje01,Jesse Chavez,26,KCR,AL,2,3,.400,5.88,23,0,10,0,0,0,26.0,29,20,17,5,11,4,16,0,0,2,118,72,5.62,1.538,10.0,1.7,3.8,5.5,1.45
2010,chenbr01,Bruce Chen,33,KCR,AL,12,7,.632,4.17,33,23,4,1,1,1,140.1,136,68,65,17,57,4,98,3,0,3,608,101,4.54,1.375,8.7,1.1,3.7,6.3,1.72
2010,chicoma01,Matt Chico,27,WSN,NL,0,0,,3.60,1,1,0,0,0,0,5.0,6,2,2,0,0,0,3,1,0,1,22,120,2.48,1.200,10.8,0.0,0.0,5.4,
2010,choatra01,Randy Choate,34,TBR,AL,4,3,.571,4.23,85,0,8,0,0,0,44.2,41,23,21,3,17,5,40,3,0,4,187,93,3.50,1.299,8.3,0.6,3.4,8.1,2.35
2010,cishest01,Steve Cishek,24,FLA,NL,0,0,,0.00,3,0,2,0,0,0,4.1,1,0,0,0,1,0,3,0,0,0,15,,2.39,0.462,2.1,0.0,2.1,6.2,3.00
2010,clippty01,Tyler Clippard,25,WSN,NL,11,8,.579,3.07,78,0,18,0,0,1,91.0,69,33,31,8,41,4,112,2,1,1,378,132,3.18,1.209,6.8,0.8,4.1,11.1,2.73
2010,coellro01,Robert Coello,25,BOS,AL,0,0,,4.76,6,0,2,0,0,0,5.2,4,3,3,0,5,0,5,0,0,1,26,97,3.96,1.588,6.4,0.0,7.9,7.9,1.00
2010,coffeto01,Todd Coffey,29,MIL,NL,2,4,.333,4.76,69,0,12,0,0,0,62.1,65,40,33,8,23,5,56,3,0,6,274,85,4.20,1.412,9.4,1.2,3.3,8.1,2.43
2010,cokeph01,Phil Coke,27,DET,AL,7,5,.583,3.76,74,1,18,0,0,2,64.2,67,29,27,2,26,4,53,4,0,3,279,112,3.23,1.438,9.3,0.3,3.6,7.4,2.04
2010,colemca01,Casey Coleman,22,CHC,NL,4,2,.667,4.11,12,8,0,0,0,0,57.0,56,27,26,3,25,2,27,2,0,3,248,104,4.24,1.421,8.8,0.5,3.9,4.3,1.08
2010,colomje01,Jesus Colome,32,SEA,AL,0,1,.000,5.29,12,0,1,0,0,0,17.0,15,10,10,1,11,0,16,1,0,3,77,76,4.08,1.529,7.9,0.5,5.8,8.5,1.45
2010,colonro01,Roman Colon,30,KCR,AL,0,0,,18.00,5,0,2,0,0,0,2.0,5,4,4,0,2,0,1,1,0,0,14,28,6.58,3.500,22.5,0.0,9.0,4.5,0.50
2010,contrjo01,Jose Contreras,38,PHI,NL,6,4,.600,3.34,67,0,21,0,0,4,56.2,53,22,21,5,16,2,57,4,0,0,233,123,3.27,1.218,8.4,0.8,2.5,9.1,3.56
2010,cookaa01,Aaron Cook,31,COL,NL,6,8,.429,5.08,23,23,0,2,0,0,127.2,147,77,72,11,52,4,62,4,1,3,572,91,4.54,1.559,10.4,0.8,3.7,4.4,1.19
2010,cordech01,Chad Cordero,28,SEA,AL,0,1,.000,6.52,9,0,4,0,0,0,9.2,10,7,7,1,5,0,6,1,0,1,41,63,5.04,1.552,9.3,0.9,4.7,5.6,1.20
2010,cordefr01,Francisco Cordero,35,CIN,NL,6,5,.545,3.84,75,0,64,0,0,40,72.2,68,32,31,5,36,1,59,2,0,2,316,106,3.92,1.431,8.4,0.6,4.5,7.3,1.64
2010,cormila01,Lance Cormier,29,TBR,AL,4,3,.571,3.92,60,0,17,0,0,0,62.0,68,28,27,7,34,3,30,0,1,3,279,100,5.22,1.645,9.9,1.0,4.9,4.4,0.88
2010,corpama01,Manny Corpas,27,COL,NL,3,5,.375,4.62,56,0,27,0,0,10,62.1,66,33,32,7,22,5,47,2,0,1,274,101,4.19,1.412,9.5,1.0,3.2,6.8,2.14
2010,correke01,Kevin Correia,29,SDP,NL,10,10,.500,5.40,28,26,0,0,0,0,145.0,152,89,87,20,64,6,115,5,0,3,641,68,4.71,1.490,9.4,1.2,4.0,7.1,1.80
2010,corteda02,Dan Cortes,23,SEA,AL,0,1,.000,3.38,4,0,2,0,0,0,5.1,3,3,2,0,3,0,6,0,0,2,23,125,2.52,1.125,5.1,0.0,5.1,10.1,2.00
2010,crainje01,Jesse Crain,28,MIN,AL,1,1,.500,3.04,71,0,16,0,0,1,68.0,53,27,23,5,27,4,62,1,0,3,278,134,3.45,1.176,7.0,0.7,3.6,8.2,2.30
2010,cramebo01,Bobby Cramer,30,OAK,AL,2,1,.667,3.04,4,4,0,0,0,0,23.2,20,8,8,5,6,0,13,0,0,0,93,137,5.49,1.099,7.6,1.9,2.3,4.9,2.17
2010,cruzju02,Juan Cruz,31,KCR,AL,0,0,,3.38,5,0,1,0,0,0,5.1,9,2,2,0,4,0,7,0,0,0,28,132,2.70,2.438,15.2,0.0,6.8,11.8,1.75
2010,cuetojo01,Johnny Cueto,24,CIN,NL,12,7,.632,3.64,31,31,0,1,1,0,185.2,181,79,75,19,56,5,138,9,2,5,780,112,3.97,1.276,8.8,0.9,2.7,6.7,2.46
2010,daiglca01,Casey Daigle,29,HOU,NL,1,1,.500,11.32,13,0,4,0,0,0,10.1,25,13,13,3,6,1,6,0,0,4,63,36,7.43,3.000,21.8,2.6,5.2,5.2,1.00
2010,daleyma01,Matt Daley,28,COL,NL,0,1,.000,4.24,28,0,4,0,0,0,23.1,27,11,11,2,10,1,18,3,0,1,108,111,4.32,1.586,10.4,0.8,3.9,6.9,1.80
2010,danksjo01,John Danks,25,CHW,AL,15,11,.577,3.72,32,32,0,1,1,0,213.0,189,93,88,18,70,2,162,4,1,2,878,115,3.70,1.216,8.0,0.8,3.0,6.8,2.31
2010,davieky01,Kyle Davies,26,KCR,AL,8,12,.400,5.34,32,32,0,1,0,0,183.2,206,114,109,20,80,1,126,2,1,5,817,78,4.46,1.557,10.1,1.0,3.9,6.2,1.58
2010,davisdo02,Doug Davis,34,MIL,NL,1,4,.200,7.51,8,8,0,0,0,0,38.1,55,36,32,6,21,1,34,3,0,3,191,54,5.22,1.983,12.9,1.4,4.9,8.0,1.62
2010,daviswa01,Wade Davis,24,TBR,AL,12,10,.545,4.07,29,29,0,0,0,0,168.0,165,77,76,24,62,2,113,5,0,4,722,96,4.79,1.351,8.8,1.3,3.3,6.1,1.82
2010,rosajo01,Jorge De La Rosa,29,COL,NL,8,7,.533,4.22,20,20,0,0,0,0,121.2,105,62,57,15,55,4,113,5,1,9,512,110,4.30,1.315,7.8,1.1,4.1,8.4,2.05
2010,dedunsa01,Sam Deduno,26,COL,NL,0,0,,3.38,4,0,3,0,0,0,2.2,3,1,1,1,1,0,3,0,0,0,12,154,6.83,1.500,10.1,3.4,3.4,10.1,3.00
2010,delroen01,Enerio Del Rosario,24,TOT,NL,1,1,.500,4.50,11,0,3,0,0,0,10.0,17,7,5,0,4,0,4,1,0,0,51,97,3.78,2.100,15.3,0.0,3.6,3.6,1.00
2010,delroen01,Enerio Del Rosario,24,CIN,NL,1,1,.500,2.08,9,0,2,0,0,0,8.2,13,4,2,0,4,0,3,0,0,0,42,204,3.77,1.962,13.5,0.0,4.2,3.1,0.75
2010,delroen01,Enerio Del Rosario,24,HOU,NL,0,0,,20.25,2,0,1,0,0,0,1.1,4,3,3,0,0,0,1,1,0,0,9,25,3.83,3.000,27.0,0.0,0.0,6.8,
2010,delanro01,Rob Delaney,25,MIN,AL,0,0,,9.00,1,0,1,0,0,0,1.0,2,1,1,1,1,0,0,0,0,0,5,62,19.08,3.000,18.0,9.0,9.0,0.0,0.00
2010,delcama01,Manny Delcarmen,28,TOT,MLB,3,4,.429,4.99,57,0,12,0,0,0,52.1,45,30,29,8,32,2,38,1,0,1,234,89,5.51,1.471,7.7,1.4,5.5,6.5,1.19
2010,delcama01,Manny Delcarmen,28,BOS,AL,3,2,.600,4.70,48,0,9,0,0,0,44.0,33,24,23,7,28,1,32,1,0,0,193,93,5.67,1.386,6.8,1.4,5.7,6.5,1.14
2010,delcama01,Manny Delcarmen,28,COL,NL,0,2,.000,6.48,9,0,3,0,0,0,8.1,12,6,6,1,4,1,6,0,0,1,41,74,4.64,1.920,13.0,1.1,4.3,6.5,1.50
2010,demelsa01,Sam Demel,24,ARI,NL,2,1,.667,5.35,37,0,10,0,0,2,37.0,42,27,22,5,12,2,33,1,0,5,165,80,4.11,1.459,10.2,1.2,2.9,8.0,2.75
2010,dempsry01,Ryan Dempster,33,CHC,NL,15,12,.556,3.85,34,34,0,1,0,0,215.1,198,110,92,25,86,4,208,10,0,6,918,110,3.99,1.319,8.3,1.0,3.6,8.7,2.42
2010,desseel01,Elmer Dessens,39,NYM,NL,4,2,.667,2.30,53,0,6,0,0,0,47.0,41,14,12,4,16,6,16,3,0,0,194,171,4.72,1.213,7.9,0.8,3.1,3.1,1.00
2010,detwiro01,Ross Detwiler,24,WSN,NL,1,3,.250,4.25,8,5,1,0,0,0,29.2,34,22,14,5,14,1,17,1,0,1,135,96,5.64,1.618,10.3,1.5,4.2,5.2,1.21
2010,diamoth01,Thomas Diamond,27,CHC,NL,1,3,.250,6.83,16,3,3,0,0,0,29.0,33,23,22,5,18,2,36,2,0,2,138,63,4.91,1.759,10.2,1.6,5.6,11.2,2.00
2010,dicker.01,R.A. Dickey,35,NYM,NL,11,9,.550,2.84,27,26,0,2,1,0,174.1,165,62,55,13,42,3,104,4,0,11,713,138,3.65,1.187,8.5,0.7,2.2,5.4,2.48
2010,donnebr01,Brendan Donnelly,38,PIT,NL,3,1,.750,5.58,38,0,14,0,0,0,30.2,26,21,19,6,25,1,26,1,1,1,142,73,6.47,1.663,7.6,1.8,7.3,7.6,1.04
2010,doteloc01,Octavio Dotel,36,TOT,NL,3,4,.429,4.08,68,0,50,0,0,22,64.0,52,32,29,9,32,5,75,3,0,8,279,101,4.20,1.313,7.3,1.3,4.5,10.5,2.34
2010,doteloc01,Octavio Dotel,36,PIT,NL,2,2,.500,4.28,41,0,37,0,0,21,40.0,35,21,19,5,17,2,48,3,0,2,173,95,3.80,1.300,7.9,1.1,3.8,10.8,2.82
2010,doteloc01,Octavio Dotel,36,LAD,NL,1,1,.500,3.38,19,0,12,0,0,1,18.2,11,7,7,3,11,3,21,0,0,3,78,117,4.69,1.179,5.3,1.4,5.3,10.1,1.91
2010,doteloc01,Octavio Dotel,36,COL,NL,0,1,.000,5.06,8,0,1,0,0,0,5.1,6,4,3,1,4,0,6,0,0,3,28,97,5.52,1.875,10.1,1.7,6.8,10.1,1.50
2010,doubrfe01,Felix Doubront,22,BOS,AL,2,2,.500,4.32,12,3,5,0,0,2,25.0,27,16,12,3,10,0,23,1,0,3,113,102,4.12,1.480,9.7,1.1,3.6,8.3,2.30
2010,downssc01,Scott Downs,34,TOR,AL,5,5,.500,2.64,67,0,14,0,0,0,61.1,47,19,18,3,14,3,48,4,0,1,241,159,3.03,0.995,6.9,0.4,2.1,7.0,3.43
2010,drabeky01,Kyle Drabek,22,TOR,AL,0,3,.000,4.76,3,3,0,0,0,0,17.0,18,9,9,2,5,0,12,0,0,2,69,90,4.08,1.353,9.5,1.1,2.6,6.4,2.40
2010,duchsju01,Justin Duchscherer,32,OAK,AL,2,1,.667,2.89,5,5,0,0,0,0,28.0,26,11,9,3,12,0,18,1,0,2,116,144,4.58,1.357,8.4,1.0,3.9,5.8,1.50
2010,duensbr01,Brian Duensing,27,MIN,AL,10,3,.769,2.62,53,13,11,1,1,0,130.2,122,42,38,11,35,5,78,3,0,1,535,156,3.85,1.202,8.4,0.8,2.4,5.4,2.23
2010,dukeza01,Zach Duke,27,PIT,NL,8,15,.348,5.72,29,29,0,0,0,0,159.0,212,115,101,25,51,2,96,4,3,4,730,71,4.95,1.654,12.0,1.4,2.9,5.4,1.88
2010,dunnmi01,Mike Dunn,25,ATL,NL,2,0,1.000,1.89,25,0,5,0,0,0,19.0,15,4,4,1,17,2,27,0,0,2,88,210,3.61,1.684,7.1,0.5,8.1,12.8,1.59
2010,durbich01,Chad Durbin,32,PHI,NL,4,1,.800,3.80,64,0,9,0,0,0,68.2,63,29,29,7,27,2,63,5,0,0,291,108,3.97,1.311,8.3,0.9,3.5,8.3,2.33
2010,ekstrmi01,Mike Ekstrom,26,TBR,AL,0,1,.000,3.31,15,0,10,0,0,0,16.1,12,6,6,0,9,1,10,2,0,1,68,121,3.87,1.286,6.6,0.0,5.0,5.5,1.11
2010,elbersc01,Scott Elbert,24,LAD,NL,0,0,,13.50,1,0,0,0,0,0,0.2,1,1,1,0,3,0,0,0,0,0,6,46,16.58,6.000,13.5,0.0,40.5,0.0,0.00
2010,elyjo01,John Ely,24,LAD,NL,4,10,.286,5.49,18,18,0,0,0,0,100.0,105,63,61,12,40,2,76,2,0,4,430,71,4.38,1.450,9.5,1.1,3.6,6.8,1.90
2010,englije01,Jesse English,25,WSN,NL,0,0,,3.86,7,0,0,0,0,0,7.0,10,3,3,0,2,0,4,0,0,1,33,110,2.79,1.714,12.9,0.0,2.6,5.1,2.00
2010,enrigba01,Barry Enright,24,ARI,NL,6,7,.462,3.91,17,17,0,0,0,0,99.0,97,43,43,20,29,0,49,1,0,0,410,109,5.62,1.273,8.8,1.8,2.6,4.5,1.69
2010,escaled01,Edgmer Escalona,23,COL,NL,0,0,,1.50,5,0,2,0,0,0,6.0,4,1,1,0,4,2,2,0,0,1,26,326,4.41,1.333,6.0,0.0,6.0,3.0,0.50
2010,estrama01,Marco Estrada,26,MIL,NL,0,0,,9.53,7,1,0,0,0,0,11.1,14,13,12,3,6,0,13,1,0,2,58,44,6.08,1.765,11.1,2.4,4.8,10.3,2.17
2010,evelada01,Dana Eveland,26,TOT,MLB,3,5,.375,6.79,12,10,1,0,0,0,54.1,72,44,41,4,32,2,24,4,0,4,262,62,5.14,1.914,11.9,0.7,5.3,4.0,0.75
2010,evelada01,Dana Eveland,26,TOR,AL,3,4,.429,6.45,9,9,0,0,0,0,44.2,57,35,32,4,27,1,21,2,0,3,213,65,5.25,1.881,11.5,0.8,5.4,4.2,0.78
2010,evelada01,Dana Eveland,26,PIT,NL,0,1,.000,8.38,3,1,1,0,0,0,9.2,15,9,9,0,5,1,3,2,0,1,49,50,4.63,2.069,14.0,0.0,4.7,2.8,0.60
2010,farnsky01,Kyle Farnsworth,34,TOT,MLB,3,2,.600,3.34,60,0,15,0,0,0,64.2,55,25,24,4,19,1,61,4,0,3,267,124,3.06,1.144,7.7,0.6,2.6,8.5,3.21
2010,farnsky01,Kyle Farnsworth,34,KCR,AL,3,0,1.000,2.42,37,0,9,0,0,0,44.2,40,13,12,2,12,0,36,4,0,2,185,174,3.12,1.164,8.1,0.4,2.4,7.3,3.00
2010,farnsky01,Kyle Farnsworth,34,ATL,NL,0,2,.000,5.40,23,0,6,0,0,0,20.0,15,12,12,2,7,1,25,0,0,1,82,74,2.93,1.100,6.8,0.9,3.2,11.3,3.57
2010,feldmsc01,Scott Feldman,27,TEX,AL,7,11,.389,5.48,29,22,2,0,0,0,141.1,181,98,86,18,45,2,75,5,0,11,641,82,4.73,1.599,11.5,1.1,2.9,4.8,1.67
2010,felicpe01,Pedro Feliciano,33,NYM,NL,3,6,.333,3.30,92,0,16,0,0,0,62.2,66,24,23,1,30,6,56,6,0,1,280,119,3.22,1.532,9.5,0.1,4.3,8.0,1.87
2010,felizne01,Neftali Feliz,22,TEX,AL,4,3,.571,2.73,70,0,59,0,0,40,69.1,43,21,21,5,18,1,71,5,0,5,269,165,2.96,0.880,5.6,0.6,2.3,9.2,3.94
2010,fienca01,Casey Fien,26,DET,AL,0,0,,10.13,2,0,2,0,0,0,2.2,4,3,3,2,0,0,0,0,0,0,12,47,12.83,1.500,13.5,6.8,0.0,0.0,
2010,figaral01,Alfredo Figaro,25,DET,AL,0,2,.000,6.75,8,1,5,0,0,0,14.2,18,12,11,1,8,2,5,0,0,2,69,64,4.92,1.773,11.0,0.6,4.9,3.1,0.63
2010,figuene01,Nelson Figueroa,36,TOT,NL,7,4,.636,3.29,31,11,6,0,0,1,93.0,84,38,34,10,34,4,73,2,0,6,390,122,4.07,1.269,8.1,1.0,3.3,7.1,2.15
2010,figuene01,Nelson Figueroa,36,PHI,NL,2,1,.667,3.46,13,1,5,0,0,1,26.0,20,10,10,1,9,2,15,0,0,2,104,119,3.46,1.115,6.9,0.3,3.1,5.2,1.67
2010,figuene01,Nelson Figueroa,36,HOU,NL,5,3,.625,3.22,18,10,1,0,0,0,67.0,64,28,24,9,25,2,58,2,0,4,286,123,4.30,1.328,8.6,1.2,3.4,7.8,2.32
2010,fisheca01,Carlos Fisher,27,CIN,NL,1,1,.500,5.64,18,0,5,0,0,0,22.1,22,14,14,1,13,2,21,1,0,2,100,73,3.66,1.567,8.9,0.4,5.2,8.5,1.62
2010,fistedo01,Doug Fister,26,SEA,AL,6,14,.300,4.11,28,28,0,0,0,0,171.0,187,85,78,13,32,2,93,6,3,8,720,96,3.65,1.281,9.8,0.7,1.7,4.9,2.91
2010,florera01,Randy Flores,34,TOT,MLB,2,0,1.000,3.19,58,0,11,0,0,0,31.0,32,12,11,6,15,1,20,1,0,0,138,146,5.85,1.516,9.3,1.7,4.4,5.8,1.33
2010,florera01,Randy Flores,34,COL,NL,2,0,1.000,2.96,47,0,10,0,0,0,27.1,22,10,9,4,13,1,18,1,0,0,115,158,5.20,1.280,7.2,1.3,4.3,5.9,1.38
2010,florera01,Randy Flores,34,MIN,AL,0,0,,4.91,11,0,1,0,0,0,3.2,10,2,2,2,2,0,2,0,0,0,23,91,10.72,3.273,24.5,4.9,4.9,4.9,1.00
2010,floydga01,Gavin Floyd,27,CHW,AL,10,13,.435,4.08,31,31,0,1,0,0,187.1,199,92,85,14,58,4,151,6,1,9,798,105,3.46,1.372,9.6,0.7,2.8,7.3,2.60
2010,foxma01,Matt Fox,27,TOT,AL,0,0,,4.91,4,1,1,0,0,0,7.1,8,4,4,0,2,0,0,0,0,1,31,93,3.90,1.364,9.8,0.0,2.5,0.0,0.00
2010,foxma01,Matt Fox,27,MIN,AL,0,0,,3.18,1,1,0,0,0,0,5.2,4,2,2,0,1,0,0,0,0,0,21,136,3.61,0.882,6.4,0.0,1.6,0.0,0.00
2010,foxma01,Matt Fox,27,BOS,AL,0,0,,10.80,3,0,1,0,0,0,1.2,4,2,2,0,1,0,0,0,0,1,10,49,4.88,3.000,21.6,0.0,5.4,0.0,0.00
2010,francje01,Jeff Francis,29,COL,NL,4,6,.400,5.00,20,19,0,0,0,0,104.1,119,61,58,11,23,3,67,2,0,1,441,93,3.88,1.361,10.3,0.9,2.0,5.8,2.91
2010,francfr01,Frank Francisco,30,TEX,AL,6,4,.600,3.76,56,0,20,0,0,2,52.2,49,23,22,5,18,2,60,1,1,2,221,120,3.12,1.272,8.4,0.9,3.1,10.3,3.33
2010,frankry01,Ryan Franklin,37,STL,NL,6,2,.750,3.46,59,0,51,0,0,27,65.0,57,25,25,7,10,1,42,4,0,5,264,112,3.83,1.031,7.9,1.0,1.4,5.8,4.20
2010,frasoja01,Jason Frasor,32,TOR,AL,3,4,.429,3.68,69,0,18,0,0,4,63.2,61,30,26,4,27,6,65,4,0,5,279,114,3.31,1.382,8.6,0.6,3.8,9.2,2.41
2010,frenclu01,Luke French,24,SEA,AL,5,7,.417,4.83,16,13,2,0,0,0,87.2,88,47,47,13,29,2,37,4,0,4,371,82,5.29,1.335,9.0,1.3,3.0,3.8,1.28
2010,frierer01,Ernesto Frieri,24,SDP,NL,1,1,.500,1.71,33,0,12,0,0,0,31.2,18,7,6,2,17,3,41,0,0,2,128,218,2.92,1.105,5.1,0.6,4.8,11.7,2.41
2010,fuentbr01,Brian Fuentes,34,TOT,AL,4,1,.800,2.81,48,0,35,0,0,24,48.0,31,17,15,5,20,1,47,2,1,3,196,144,3.85,1.063,5.8,0.9,3.8,8.8,2.35
2010,fuentbr01,Brian Fuentes,34,LAA,AL,4,1,.800,3.52,39,0,33,0,0,23,38.1,28,17,15,5,18,1,39,1,1,2,161,114,4.23,1.200,6.6,1.2,4.2,9.2,2.17
2010,fuentbr01,Brian Fuentes,34,MIN,AL,0,0,,0.00,9,0,2,0,0,1,9.2,3,0,0,0,2,0,8,1,0,1,35,,2.35,0.517,2.8,0.0,1.9,7.4,4.00
2010,fulchje01,Jeff Fulchino,30,HOU,NL,2,1,.667,5.51,50,0,16,0,0,0,47.1,53,30,29,7,22,2,46,3,0,2,217,72,4.64,1.585,10.1,1.3,4.2,8.7,2.09
2010,gabinar01,Armando Gabino,26,BAL,AL,0,0,,13.50,5,0,3,0,0,0,4.2,9,7,7,3,3,0,2,0,0,0,26,33,12.51,2.571,17.4,5.8,5.8,3.9,0.67
2010,galarar01,Armando Galarraga,28,DET,AL,4,9,.308,4.49,25,24,0,2,1,0,144.1,143,75,72,21,51,1,74,4,3,4,617,93,5.09,1.344,8.9,1.3,3.2,4.6,1.45
2010,gallase01,Sean Gallagher,24,TOT,NL,2,1,.667,5.77,46,0,12,0,0,0,57.2,62,40,37,7,41,2,43,3,2,0,273,68,5.45,1.786,9.7,1.1,6.4,6.7,1.05
2010,gallase01,Sean Gallagher,24,SDP,NL,0,0,,5.40,15,0,7,0,0,0,23.1,24,14,14,5,19,0,21,2,0,0,110,69,6.76,1.843,9.3,1.9,7.3,8.1,1.11
2010,gallase01,Sean Gallagher,24,PIT,NL,2,1,.667,6.03,31,0,5,0,0,0,34.1,38,26,23,2,22,2,22,1,2,0,163,68,4.56,1.748,10.0,0.5,5.8,5.8,1.00
2010,gallayo01,Yovani Gallardo,24,MIL,NL,14,7,.667,3.84,31,31,0,2,2,0,185.0,178,89,79,12,75,5,200,3,1,7,803,105,3.02,1.368,8.7,0.6,3.6,9.7,2.67
2010,garcifr03,Freddy Garcia,33,CHW,AL,12,6,.667,4.64,28,28,0,0,0,0,157.0,171,85,81,23,45,5,89,3,0,4,671,92,4.77,1.376,9.8,1.3,2.6,5.1,1.98
2010,garcija02,Jaime Garcia,23,STL,NL,13,8,.619,2.70,28,28,0,1,1,0,163.1,151,64,49,9,64,4,132,3,1,4,695,143,3.41,1.316,8.3,0.5,3.5,7.3,2.06
2010,garlajo01,Jon Garland,30,SDP,NL,14,12,.538,3.47,33,33,0,0,0,0,200.0,176,86,77,20,87,9,136,6,0,6,837,106,4.41,1.315,7.9,0.9,3.9,6.1,1.56
2010,garzama01,Matt Garza,26,TBR,AL,15,10,.600,3.91,33,32,1,3,1,1,204.2,193,94,89,28,63,2,150,7,2,12,855,100,4.42,1.251,8.5,1.2,2.8,6.6,2.38
2010,gaudich01,Chad Gaudin,27,TOT,AL,1,4,.200,5.65,42,0,23,0,0,0,65.1,73,45,41,16,25,0,53,8,0,3,295,76,6.16,1.500,10.1,2.2,3.4,7.3,2.12
2010,gaudich01,Chad Gaudin,27,OAK,AL,0,2,.000,8.83,12,0,6,0,0,0,17.1,27,18,17,5,5,0,20,3,0,0,86,47,5.91,1.846,14.0,2.6,2.6,10.4,4.00
2010,gaudich01,Chad Gaudin,27,NYY,AL,1,2,.333,4.50,30,0,17,0,0,0,48.0,46,27,24,11,20,0,33,5,0,3,209,96,6.25,1.375,8.6,2.1,3.8,6.2,1.65
2010,geedi01,Dillon Gee,24,NYM,NL,2,2,.500,2.18,5,5,0,0,0,0,33.0,25,10,8,2,15,2,17,0,0,0,136,181,4.20,1.212,6.8,0.5,4.1,4.6,1.13
2010,germaju01,Justin Germano,27,CLE,AL,0,3,.000,3.31,23,1,4,0,0,0,35.1,27,15,13,6,8,1,29,6,0,0,146,120,4.83,0.991,6.9,1.5,2.0,7.4,3.63
2010,gervasa01,Sammy Gervacio,25,HOU,NL,0,1,.000,12.27,6,0,1,0,0,0,3.2,4,6,5,1,5,0,3,0,1,1,21,36,9.08,2.455,9.8,2.5,12.3,7.4,0.60
2010,gomezje01,Jeanmar Gomez,22,CLE,AL,4,5,.444,4.68,11,11,0,0,0,0,57.2,73,36,30,7,22,3,34,2,0,1,265,85,4.73,1.647,11.4,1.1,3.4,5.3,1.55
2010,gonzaen01,Enrique Gonzalez,27,DET,AL,0,1,.000,3.81,18,0,13,0,0,0,26.0,21,11,11,4,17,0,13,0,0,1,107,111,6.04,1.462,7.3,1.4,5.9,4.5,0.76
2010,gonzagi01,Gio Gonzalez,24,OAK,AL,15,9,.625,3.23,33,33,0,1,0,0,200.2,171,75,72,15,92,1,171,4,1,4,851,127,3.78,1.311,7.7,0.7,4.1,7.7,1.86
2010,gonzami02,Mike Gonzalez,32,BAL,AL,1,3,.250,4.01,29,0,7,0,0,1,24.2,18,11,11,1,14,4,31,0,0,3,106,105,2.80,1.297,6.6,0.4,5.1,11.3,2.21
2010,gorzeto01,Tom Gorzelanny,27,CHC,NL,7,9,.438,4.09,29,23,3,0,0,1,136.1,136,70,62,11,68,4,119,2,0,0,604,104,3.92,1.496,9.0,0.7,4.5,7.9,1.75
2010,grabojo02,John Grabow,31,CHC,NL,1,3,.250,7.36,28,0,9,0,0,0,25.2,35,24,21,5,13,0,20,1,0,1,126,58,5.69,1.870,12.3,1.8,4.6,7.0,1.54
2010,grayje02,Jeff Gray,28,CHC,NL,1,0,1.000,6.75,7,0,0,0,0,0,9.1,12,9,7,1,5,0,4,1,0,1,45,65,5.54,1.821,11.6,1.0,4.8,3.9,0.80
2010,greense01,Sean Green,31,NYM,NL,0,0,,3.86,11,0,0,0,0,0,9.1,7,6,4,1,8,3,12,4,0,0,48,105,5.76,1.607,6.8,1.0,7.7,11.6,1.50
2010,gregelu01,Luke Gregerson,26,SDP,NL,4,7,.364,3.22,80,0,9,0,0,2,78.1,47,30,28,8,18,2,89,1,0,0,297,114,2.86,0.830,5.4,0.9,2.1,10.2,4.94
2010,greggke01,Kevin Gregg,32,TOR,AL,2,6,.250,3.51,63,0,56,0,0,37,59.0,52,24,23,4,30,1,58,1,0,3,254,120,3.57,1.390,7.9,0.6,4.6,8.8,1.93
2010,greinza01,Zack Greinke,26,KCR,AL,10,14,.417,4.17,33,33,0,3,0,0,220.0,219,114,102,18,55,1,181,7,0,4,919,100,3.34,1.245,9.0,0.7,2.3,7.4,3.29
2010,guerrma02,Matt Guerrier,31,MIN,AL,5,7,.417,3.17,74,0,13,0,0,1,71.0,56,28,25,7,22,1,42,3,0,2,286,129,4.23,1.099,7.1,0.9,2.8,5.3,1.91
2010,guthrje01,Jeremy Guthrie,31,BAL,AL,11,14,.440,3.83,32,32,0,0,0,0,209.1,193,93,89,25,50,1,119,16,1,1,872,108,4.44,1.161,8.3,1.1,2.1,5.1,2.38
2010,gutieju01,J.C. Gutierrez,26,ARI,NL,0,6,.000,5.08,58,0,35,0,0,15,56.2,55,33,32,13,23,5,47,4,0,1,247,84,5.83,1.376,8.7,2.1,3.7,7.5,2.04
2010,haegech01,Charlie Haeger,26,LAD,NL,0,4,.000,8.40,9,6,1,0,0,0,30.0,36,32,28,4,26,0,30,1,0,4,151,47,5.51,2.067,10.8,1.2,7.8,9.0,1.15
2010,hallbi03,Bill Hall,30,BOS,AL,0,0,,0.00,1,0,1,0,0,0,1.0,0,0,0,0,0,0,0,0,0,0,3,,3.08,0.000,0.0,0.0,0.0,0.0,
2010,hallaro01,Roy Halladay,33,PHI,NL,21,10,.677,2.44,33,33,0,9,4,0,250.2,231,74,68,24,30,1,219,6,1,5,993,167,3.01,1.041,8.3,0.9,1.1,7.9,7.30
2010,hamelco01,Cole Hamels,26,PHI,NL,12,11,.522,3.06,33,33,0,1,0,0,208.2,185,74,71,26,61,5,211,8,0,3,856,133,3.67,1.179,8.0,1.1,2.6,9.1,3.46
2010,hammeja01,Jason Hammel,27,COL,NL,10,9,.526,4.81,30,30,0,0,0,0,177.2,201,97,95,18,47,1,141,6,2,13,770,96,3.70,1.396,10.2,0.9,2.4,7.1,3.00
2010,hamptmi01,Mike Hampton,37,ARI,NL,0,0,,0.00,10,0,3,0,0,0,4.1,3,0,0,0,1,1,3,0,0,0,16,,2.39,0.923,6.2,0.0,2.1,6.2,3.00
2010,hanrajo01,Joel Hanrahan,28,PIT,NL,4,1,.800,3.62,72,0,27,0,0,6,69.2,58,28,28,6,26,0,100,4,0,5,294,112,2.62,1.206,7.5,0.8,3.4,12.9,3.85
2010,hansoto01,Tommy Hanson,23,ATL,NL,10,11,.476,3.33,34,34,0,1,0,0,202.2,182,86,75,14,56,3,173,14,0,3,845,117,3.31,1.174,8.1,0.6,2.5,7.7,3.09
2010,happja01,J.A. Happ,27,TOT,NL,6,4,.600,3.40,16,16,0,1,1,0,87.1,73,37,33,8,47,1,70,1,0,4,374,118,4.32,1.374,7.5,0.8,4.8,7.2,1.49
2010,happja01,J.A. Happ,27,PHI,NL,1,0,1.000,1.76,3,3,0,0,0,0,15.1,13,4,3,1,12,0,9,0,0,1,70,237,5.10,1.630,7.6,0.6,7.0,5.3,0.75
2010,happja01,J.A. Happ,27,HOU,NL,5,4,.556,3.75,13,13,0,1,1,0,72.0,60,33,30,7,35,1,61,1,0,3,304,106,4.15,1.319,7.5,0.9,4.4,7.6,1.74
2010,haranaa01,Aaron Harang,32,CIN,NL,6,7,.462,5.32,22,20,1,0,0,0,111.2,139,71,66,16,38,0,82,4,0,9,504,77,4.60,1.585,11.2,1.3,3.1,6.6,2.16
2010,harderi01,Rich Harden,28,TEX,AL,5,5,.500,5.58,20,18,0,0,0,0,92.0,91,61,57,18,62,0,75,9,0,4,430,81,6.31,1.663,8.9,1.8,6.1,7.3,1.21
2010,harenda01,Dan Haren,29,TOT,MLB,12,12,.500,3.91,35,35,0,2,0,0,235.0,245,110,102,31,54,6,216,5,2,12,994,106,3.71,1.272,9.4,1.2,2.1,8.3,4.00
2010,harenda01,Dan Haren,29,ARI,NL,7,8,.467,4.60,21,21,0,1,0,0,141.0,161,79,72,23,29,4,141,3,1,8,607,92,3.88,1.348,10.3,1.5,1.9,9.0,4.86
2010,harenda01,Dan Haren,29,LAA,AL,5,4,.556,2.87,14,14,0,1,0,0,94.0,84,31,30,8,25,2,75,2,1,4,387,139,3.45,1.160,8.0,0.8,2.4,7.2,3.00
2010,harrelu01,Lucas Harrell,25,CHW,AL,1,0,1.000,4.88,8,3,3,0,0,0,24.0,34,18,13,2,17,1,15,0,0,1,119,89,5.04,2.125,12.8,0.8,6.4,5.6,0.88
2010,harrima01,Matt Harrison,24,TEX,AL,3,2,.600,4.71,37,6,9,0,0,2,78.1,80,45,41,10,39,3,46,2,0,4,356,95,5.13,1.519,9.2,1.1,4.5,5.3,1.18
2010,hawkila01,LaTroy Hawkins,37,MIL,NL,0,3,.000,8.44,18,0,5,0,0,0,16.0,21,15,15,2,6,1,18,2,0,1,74,49,3.95,1.688,11.8,1.1,3.4,10.1,3.00
2010,hawksbl01,Blake Hawksworth,27,STL,NL,4,8,.333,4.98,45,8,9,0,0,0,90.1,113,56,50,15,35,0,61,2,3,1,409,78,5.12,1.638,11.3,1.5,3.5,6.1,1.74
2010,heilmaa01,Aaron Heilman,31,ARI,NL,5,8,.385,4.50,70,0,26,0,0,6,72.0,73,37,36,9,26,4,55,5,0,8,316,94,4.47,1.375,9.1,1.1,3.3,6.9,2.12
2010,hellije01,Jeremy Hellickson,23,TBR,AL,4,0,1.000,3.47,10,4,0,0,0,0,36.1,32,14,14,5,8,2,33,2,0,2,149,113,3.88,1.101,7.9,1.2,2.0,8.2,4.13
2010,hendrma01,Mark Hendrickson,36,BAL,AL,1,6,.143,5.26,52,1,6,0,0,0,75.1,97,47,44,9,20,4,55,3,0,2,339,79,4.09,1.553,11.6,1.1,2.4,6.6,2.75
2010,henslcl01,Clay Hensley,30,FLA,NL,3,4,.429,2.16,68,0,23,0,0,7,75.0,54,20,18,3,29,4,77,4,0,2,307,193,2.87,1.107,6.5,0.4,3.5,9.2,2.66
2010,hernada01,David Hernandez,25,BAL,AL,8,8,.500,4.31,41,8,16,0,0,2,79.1,72,40,38,9,42,4,72,4,0,9,348,97,4.48,1.437,8.2,1.0,4.8,8.2,1.71
2010,hernafe02,Felix Hernandez,24,SEA,AL,13,12,.520,2.27,34,34,0,6,1,0,249.2,194,80,63,17,70,1,232,8,1,14,1001,174,3.04,1.057,7.0,0.6,2.5,8.4,3.31
2010,hernali01,Livan Hernandez,35,WSN,NL,10,12,.455,3.66,33,33,0,2,1,0,211.2,216,93,86,16,64,5,114,4,1,1,896,110,3.95,1.323,9.2,0.7,2.7,4.8,1.78
2010,carmofa01,Roberto Hernandez,29,CLE,AL,13,14,.481,3.77,33,33,0,4,1,0,210.1,203,98,88,17,72,0,124,9,0,3,880,105,4.11,1.307,8.7,0.7,3.1,5.3,1.72
2010,herndda01,David Herndon,24,PHI,NL,1,3,.250,4.30,47,0,14,0,0,0,52.1,67,27,25,2,17,4,29,2,0,1,232,95,3.56,1.605,11.5,0.3,2.9,5.0,1.71
2010,herreda01,Danny Herrera,25,CIN,NL,1,3,.250,3.91,36,0,3,0,0,0,23.0,31,10,10,2,6,0,14,0,0,0,104,106,3.77,1.609,12.1,0.8,2.3,5.5,2.33
2010,herrmfr01,Frank Herrmann,26,CLE,AL,0,1,.000,4.03,40,0,8,0,0,1,44.2,48,22,20,6,9,0,24,2,0,2,189,98,4.49,1.276,9.7,1.2,1.8,4.8,2.67
2010,hillri01,Rich Hill,30,BOS,AL,1,0,1.000,0.00,6,0,0,0,0,0,4.0,5,0,0,0,1,0,3,0,0,0,18,,2.33,1.500,11.3,0.0,2.3,6.8,3.00
2010,hillsh01,Shawn Hill,29,TOR,AL,1,2,.333,2.61,4,4,0,0,0,0,20.2,24,8,6,1,4,0,14,1,0,1,91,163,3.08,1.355,10.5,0.4,1.7,6.1,3.50
2010,hochelu01,Luke Hochevar,26,KCR,AL,6,6,.500,4.81,18,17,0,1,0,0,103.0,110,61,55,9,37,1,76,4,1,2,450,87,3.93,1.427,9.6,0.8,3.2,6.6,2.05
2010,hoffmtr01,Trevor Hoffman,42,MIL,NL,2,7,.222,5.89,50,0,36,0,0,10,47.1,49,31,31,8,19,3,30,0,0,2,205,69,5.21,1.437,9.3,1.5,3.6,5.7,1.58
2010,hollade01,Derek Holland,23,TEX,AL,3,4,.429,4.08,14,10,2,0,0,0,57.1,55,30,26,6,24,0,54,4,1,0,253,110,4.02,1.378,8.6,0.9,3.8,8.5,2.25
2010,hollagr01,Greg Holland,24,KCR,AL,0,1,.000,6.75,15,0,10,0,0,0,18.2,23,15,14,3,8,0,23,0,0,2,87,63,3.99,1.661,11.1,1.4,3.9,11.1,2.88
2010,houseja01,James Houser,25,FLA,NL,0,0,,20.25,1,0,0,0,0,0,1.1,3,3,3,1,1,0,1,1,0,0,9,26,15.83,3.000,20.3,6.8,6.8,6.8,1.00
2010,howrybo01,Bob Howry,36,TOT,NL,1,3,.250,7.71,38,0,10,0,0,0,35.0,47,36,30,8,13,2,14,0,0,3,168,56,6.36,1.714,12.1,2.1,3.3,3.6,1.08
2010,howrybo01,Bob Howry,36,ARI,NL,1,0,1.000,10.67,14,0,4,0,0,0,14.1,18,17,17,6,6,1,6,0,0,1,67,41,8.94,1.674,11.3,3.8,3.8,3.8,1.00
2010,howrybo01,Bob Howry,36,CHC,NL,0,3,.000,5.66,24,0,6,0,0,0,20.2,29,19,13,2,7,1,8,0,0,2,101,76,4.58,1.742,12.6,0.9,3.0,3.5,1.14
2010,hudsoda01,Daniel Hudson,23,TOT,MLB,8,2,.800,2.45,14,14,0,0,0,0,95.1,68,26,26,8,27,1,84,4,0,5,372,174,3.38,0.997,6.4,0.8,2.5,7.9,3.11
2010,hudsoda01,Daniel Hudson,23,CHW,AL,1,1,.500,6.32,3,3,0,0,0,0,15.2,17,11,11,1,11,0,14,0,0,2,71,69,4.23,1.787,9.8,0.6,6.3,8.0,1.27
2010,hudsoda01,Daniel Hudson,23,ARI,NL,7,1,.875,1.69,11,11,0,0,0,0,79.2,51,15,15,7,16,1,70,4,0,3,301,251,3.22,0.841,5.8,0.8,1.8,7.9,4.38
2010,hudsoti01,Tim Hudson,34,ATL,NL,17,9,.654,2.83,34,34,0,1,0,0,228.2,189,74,72,20,74,8,139,9,0,5,920,138,4.09,1.150,7.4,0.8,2.9,5.5,1.88
2010,huffda01,David Huff,25,CLE,AL,2,11,.154,6.21,15,15,0,1,0,0,79.2,101,61,55,14,34,1,37,3,0,2,369,64,5.83,1.695,11.4,1.6,3.8,4.2,1.09
2010,hughedu01,Dusty Hughes,28,KCR,AL,1,3,.250,3.83,57,0,19,0,0,0,56.1,59,28,24,3,24,0,34,5,0,1,252,110,4.11,1.473,9.4,0.5,3.8,5.4,1.42
2010,hugheph01,Phil Hughes,24,NYY,AL,18,8,.692,4.19,31,29,0,0,0,0,176.1,162,83,82,25,58,1,146,0,1,9,730,103,4.25,1.248,8.3,1.3,3.0,7.5,2.52
2010,humbeph01,Philip Humber,27,KCR,AL,2,1,.667,4.15,8,1,1,0,0,0,21.2,22,10,10,1,7,2,16,1,0,2,94,102,3.31,1.338,9.1,0.4,2.9,6.6,2.29
2010,hunteto02,Tommy Hunter,23,TEX,AL,13,4,.765,3.73,23,22,0,1,0,0,128.0,126,55,53,21,33,0,68,3,0,1,536,120,4.99,1.242,8.9,1.5,2.3,4.8,2.06
2010,igarary01,Ryota Igarashi,31,NYM,NL,1,1,.500,7.12,34,0,11,0,0,0,30.1,29,24,24,4,18,1,25,0,0,3,135,56,4.93,1.549,8.6,1.2,5.3,7.4,1.39
2010,infangr01,Greg Infante,22,CHW,AL,0,0,,0.00,5,0,5,0,0,0,4.2,2,0,0,0,4,0,5,0,0,0,19,,3.51,1.286,3.9,0.0,7.7,9.6,1.25
2010,inglejo01,Joe Inglett,32,MIL,NL,0,0,,0.00,1,0,1,0,0,0,1.0,0,0,0,0,0,0,0,0,0,0,3,,3.08,0.000,0.0,0.0,0.0,0.0,
2010,jacksed01,Edwin Jackson,26,TOT,MLB,10,12,.455,4.47,32,32,0,1,1,0,209.1,214,111,104,21,78,4,181,6,0,20,902,95,3.86,1.395,9.2,0.9,3.4,7.8,2.32
2010,jacksed01,Edwin Jackson,26,ARI,NL,6,10,.375,5.16,21,21,0,1,1,0,134.1,141,80,77,13,60,2,104,5,0,13,587,82,4.24,1.496,9.4,0.9,4.0,7.0,1.73
2010,jacksed01,Edwin Jackson,26,CHW,AL,4,2,.667,3.24,11,11,0,0,0,0,75.0,73,31,27,8,18,2,77,1,0,7,315,132,3.17,1.213,8.8,1.0,2.2,9.2,4.28
2010,jacksst01,Steven Jackson,28,PIT,NL,0,1,.000,8.74,11,0,3,0,0,0,11.1,17,11,11,4,6,0,7,0,0,0,55,48,8.02,2.029,13.5,3.2,4.8,5.6,1.17
2010,jakubch01,Chris Jakubauskas,31,PIT,NL,0,1,.000,27.00,1,1,0,0,0,0,0.2,2,2,2,0,0,0,0,0,0,0,4,23,3.08,3.000,27.0,0.0,0.0,0.0,
2010,jamesju01,Justin James,28,OAK,AL,0,0,,4.50,5,0,3,0,0,0,4.0,7,2,2,0,4,0,5,1,0,0,23,100,4.33,2.750,15.8,0.0,9.0,11.3,1.25
2010,janseke01,Kenley Jansen,22,LAD,NL,1,0,1.000,0.67,25,0,8,0,0,4,27.0,12,2,2,0,15,1,41,1,0,1,109,588,1.82,1.000,4.0,0.0,5.0,13.7,2.73
2010,janssca01,Casey Janssen,28,TOR,AL,5,2,.714,3.67,56,0,16,0,0,0,68.2,74,29,28,8,21,1,63,4,0,3,298,115,3.85,1.383,9.7,1.0,2.8,8.3,3.00
2010,jeffrje01,Jeremy Jeffress,22,MIL,NL,1,0,1.000,2.70,10,0,5,0,0,0,10.0,8,4,3,0,6,1,8,0,0,1,42,155,3.28,1.400,7.2,0.0,5.4,7.2,1.33
2010,jenksbo01,Bobby Jenks,29,CHW,AL,1,3,.250,4.44,55,0,46,0,0,27,52.2,54,28,26,3,18,1,61,1,0,2,231,97,2.59,1.367,9.2,0.5,3.1,10.4,3.39
2010,jepseke01,Kevin Jepsen,25,LAA,AL,2,4,.333,3.97,68,0,4,0,0,0,59.0,54,26,26,2,29,5,61,2,0,8,253,101,3.03,1.407,8.2,0.3,4.4,9.3,2.10
2010,jimenub01,Ubaldo Jimenez,26,COL,NL,19,8,.704,2.88,33,33,0,4,2,0,221.2,164,73,71,10,92,7,214,9,1,16,894,161,3.10,1.155,6.7,0.4,3.7,8.7,2.33
2010,joaquwa01,Waldis Joaquin,23,SFG,NL,0,0,,9.64,4,0,0,0,0,0,4.2,6,6,5,0,7,0,2,1,1,2,27,44,7.36,2.786,11.6,0.0,13.5,3.9,0.29
2010,johnsji04,Jim Johnson,27,BAL,AL,1,1,.500,3.42,26,0,6,0,0,1,26.1,32,11,10,2,5,1,22,1,0,4,117,123,3.08,1.405,10.9,0.7,1.7,7.5,4.40
2010,johnsjo09,Josh Johnson,26,FLA,NL,11,6,.647,2.30,28,28,0,1,0,0,183.2,155,51,47,7,48,2,186,5,0,4,744,180,2.41,1.105,7.6,0.3,2.4,9.1,3.88
2010,joneshu01,Hunter Jones,26,FLA,NL,0,0,,0.00,3,0,1,0,0,0,1.2,0,0,0,0,1,0,3,1,0,0,7,,3.08,0.600,0.0,0.0,5.4,16.2,3.00
2010,jurrjja01,Jair Jurrjens,24,ATL,NL,7,6,.538,4.64,20,20,0,0,0,0,116.1,120,63,60,13,42,5,86,2,0,2,500,84,4.19,1.393,9.3,1.0,3.2,6.7,2.05
2010,karstje01,Jeff Karstens,27,PIT,NL,3,10,.231,4.92,26,19,1,0,0,0,122.2,146,72,67,21,27,5,72,1,1,0,525,82,4.82,1.410,10.7,1.5,2.0,5.3,2.67
2010,kawakke01,Kenshin Kawakami,35,ATL,NL,1,10,.091,5.15,18,16,1,0,0,0,87.1,98,57,50,10,32,10,59,1,0,4,391,76,4.35,1.489,10.1,1.0,3.3,6.1,1.84
2010,kazmisc01,Scott Kazmir,26,LAA,AL,9,15,.375,5.94,28,28,0,0,0,0,150.0,158,103,99,25,79,2,93,12,0,6,682,67,5.83,1.580,9.5,1.5,4.7,5.6,1.18
2010,kellesh01,Shawn Kelley,26,SEA,AL,3,1,.750,3.96,22,0,7,0,0,0,25.0,26,11,11,5,12,2,26,1,0,0,112,101,5.16,1.520,9.4,1.8,4.3,9.4,2.17
2010,kendrky01,Kyle Kendrick,25,PHI,NL,11,10,.524,4.73,33,31,1,1,0,0,180.2,199,103,95,26,49,4,84,3,2,1,771,86,4.88,1.373,9.9,1.3,2.4,4.2,1.71
2010,kenneia01,Ian Kennedy,25,ARI,NL,9,10,.474,3.80,32,32,0,0,0,0,194.0,163,87,82,26,70,2,168,10,0,16,810,111,4.33,1.201,7.6,1.2,3.2,7.8,2.40
2010,kershcl01,Clayton Kershaw,22,LAD,NL,13,10,.565,2.91,32,32,0,1,1,0,204.1,160,73,66,13,81,9,212,7,2,5,848,133,3.12,1.179,7.0,0.6,3.6,9.3,2.62
2010,kilbybr01,Brad Kilby,27,OAK,AL,0,0,,2.16,5,0,2,0,0,0,8.1,7,2,2,2,0,0,8,0,0,0,32,198,4.28,0.840,7.6,2.2,0.0,8.6,
2010,kimbrcr01,Craig Kimbrel,22,ATL,NL,4,0,1.000,0.44,21,0,7,0,0,1,20.2,9,2,1,0,16,1,40,0,0,4,88,914,1.53,1.210,3.9,0.0,7.0,17.4,2.50
2010,kintzbr01,Brandon Kintzler,25,MIL,NL,0,1,.000,7.36,7,0,2,0,0,0,7.1,10,6,6,2,4,1,9,0,0,1,33,58,5.81,1.909,12.3,2.5,4.9,11.0,2.25
2010,kirkmmi01,Michael Kirkman,23,TEX,AL,0,0,,1.65,14,0,2,0,0,0,16.1,9,3,3,0,10,1,16,0,0,0,68,276,2.96,1.163,5.0,0.0,5.5,8.8,1.60
2010,kohnmi01,Michael Kohn,24,LAA,AL,2,0,1.000,2.11,24,0,8,0,0,1,21.1,17,5,5,0,16,1,20,0,0,0,95,192,3.45,1.547,7.2,0.0,6.8,8.4,1.25
2010,kroenza01,Zach Kroenke,26,ARI,NL,1,0,1.000,6.75,3,1,0,0,0,0,6.2,9,5,5,2,4,0,2,0,0,0,32,66,8.18,1.950,12.2,2.7,5.4,2.7,0.50
2010,kuoho01,Hung-Chih Kuo,28,LAD,NL,3,2,.600,1.20,56,0,16,0,0,12,60.0,29,8,8,1,18,0,73,1,1,3,229,324,1.81,0.783,4.4,0.2,2.7,11.0,4.06
2010,kurodhi01,Hiroki Kuroda,35,LAD,NL,11,13,.458,3.39,31,31,0,0,0,0,196.1,180,87,74,15,48,13,159,5,0,12,810,114,3.26,1.161,8.3,0.7,2.2,7.3,3.31
2010,lackejo01,John Lackey,31,BOS,AL,14,11,.560,4.40,33,33,0,0,0,0,215.0,233,114,105,18,72,2,156,9,0,3,930,99,3.85,1.419,9.8,0.8,3.0,6.5,2.17
2010,laffeaa01,Aaron Laffey,25,CLE,AL,2,3,.400,4.53,29,5,1,0,0,0,55.2,62,30,28,1,28,1,28,2,0,1,253,88,3.92,1.617,10.0,0.2,4.5,4.5,1.00
2010,lannajo01,John Lannan,25,WSN,NL,8,8,.500,4.65,25,25,0,0,0,0,143.1,175,82,74,14,49,3,71,4,0,1,643,87,4.47,1.563,11.0,0.9,3.1,4.5,1.45
2010,latosma01,Mat Latos,22,SDP,NL,14,10,.583,2.92,31,31,0,1,1,0,184.2,150,63,60,16,50,3,189,2,1,5,748,126,3.00,1.083,7.3,0.8,2.4,9.2,3.78
2010,leagubr01,Brandon League,27,SEA,AL,9,7,.563,3.42,70,0,30,0,0,6,79.0,67,38,30,7,27,6,56,2,0,7,326,116,3.91,1.190,7.6,0.8,3.1,6.4,2.07
2010,leakemi01,Mike Leake,22,CIN,NL,8,4,.667,4.23,24,22,0,0,0,0,138.1,158,77,65,19,49,2,91,3,0,2,604,96,4.68,1.496,10.3,1.2,3.2,5.9,1.86
2010,leblawa01,Wade LeBlanc,25,SDP,NL,8,12,.400,4.25,26,25,0,0,0,0,146.0,157,69,69,24,51,5,110,2,0,2,625,86,4.80,1.425,9.7,1.5,3.1,6.8,2.16
2010,lecursa01,Sam LeCure,26,CIN,NL,2,5,.286,4.50,15,6,4,0,0,0,48.0,50,24,24,6,25,3,37,5,0,1,217,91,5.04,1.563,9.4,1.1,4.7,6.9,1.48
2010,ledezwi01,Wil Ledezma,29,PIT,NL,0,3,.000,6.86,27,0,4,0,0,0,19.2,25,16,15,2,6,0,22,1,0,1,92,60,3.23,1.576,11.4,0.9,2.7,10.1,3.67
2010,leecl02,Cliff Lee,31,TOT,AL,12,9,.571,3.18,28,28,0,7,1,0,212.1,195,84,75,16,18,2,185,1,1,3,843,133,2.58,1.003,8.3,0.7,0.8,7.8,10.28
2010,leecl02,Cliff Lee,31,SEA,AL,8,3,.727,2.34,13,13,0,5,1,0,103.2,92,31,27,5,6,0,89,0,1,2,408,168,2.16,0.945,8.0,0.4,0.5,7.7,14.83
2010,leecl02,Cliff Lee,31,TEX,AL,4,6,.400,3.98,15,15,0,2,0,0,108.2,103,53,48,11,12,2,96,1,0,1,435,113,2.99,1.058,8.5,0.9,1.0,8.0,8.00
2010,lerewan01,Anthony Lerew,27,KCR,AL,1,4,.200,8.54,6,6,0,0,0,0,26.1,34,25,25,9,9,0,18,2,0,1,120,50,7.41,1.633,11.6,3.1,3.1,6.2,2.00
2010,lerouch01,Chris Leroux,26,TOT,NL,0,1,.000,6.75,23,0,7,0,0,0,22.2,28,18,17,1,14,2,22,0,0,1,105,63,3.56,1.853,11.1,0.4,5.6,8.7,1.57
2010,lerouch01,Chris Leroux,26,FLA,NL,0,0,,7.00,17,0,5,0,0,0,18.0,24,15,14,1,11,2,18,0,0,0,84,60,3.63,1.944,12.0,0.5,5.5,9.0,1.64
2010,lerouch01,Chris Leroux,26,PIT,NL,0,1,.000,5.79,6,0,2,0,0,0,4.2,4,3,3,0,3,0,4,0,0,1,21,75,3.29,1.500,7.7,0.0,5.8,7.7,1.33
2010,lestejo01,Jon Lester,26,BOS,AL,19,9,.679,3.25,32,32,0,2,0,0,208.0,167,81,75,14,83,0,225,10,0,6,861,134,3.13,1.202,7.2,0.6,3.6,9.7,2.71
2010,lewisco01,Colby Lewis,30,TEX,AL,12,13,.480,3.72,32,32,0,1,0,0,201.0,174,90,83,21,65,0,196,6,0,9,844,121,3.55,1.189,7.8,0.9,2.9,8.8,3.02
2010,lewisje01,Jensen Lewis,26,CLE,AL,4,2,.667,2.97,37,0,11,0,0,0,36.1,28,12,12,1,19,1,29,0,0,0,153,134,3.41,1.294,6.9,0.2,4.7,7.2,1.53
2010,lewisro01,Rommie Lewis,27,TOR,AL,0,0,,6.75,14,0,4,0,0,0,18.2,20,14,14,4,8,0,15,0,0,0,82,63,5.54,1.500,9.6,1.9,3.9,7.2,1.88
2010,lidgebr01,Brad Lidge,33,PHI,NL,1,1,.500,2.96,50,0,38,0,0,27,45.2,32,16,15,5,24,4,52,1,1,3,193,139,3.87,1.226,6.3,1.0,4.7,10.2,2.17
2010,lillyte01,Ted Lilly,34,TOT,NL,10,12,.455,3.62,30,30,0,1,1,0,193.2,165,83,78,32,44,4,166,5,2,2,785,113,4.27,1.079,7.7,1.5,2.0,7.7,3.77
2010,lillyte01,Ted Lilly,34,CHC,NL,3,8,.273,3.69,18,18,0,0,0,0,117.0,104,53,48,19,29,3,89,2,2,2,480,115,4.46,1.137,8.0,1.5,2.2,6.8,3.07
2010,lillyte01,Ted Lilly,34,LAD,NL,7,4,.636,3.52,12,12,0,1,1,0,76.2,61,30,30,13,15,1,77,3,0,0,305,110,3.98,0.991,7.2,1.5,1.8,9.0,5.13
2010,linceti01,Tim Lincecum,26,SFG,NL,16,10,.615,3.43,33,33,0,1,1,0,212.1,194,84,81,18,76,7,231,5,0,9,897,114,3.15,1.272,8.2,0.8,3.2,9.8,3.04
2010,lincobr01,Brad Lincoln,25,PIT,NL,1,4,.200,6.66,11,9,0,0,0,0,52.2,66,42,39,9,15,0,25,5,0,1,240,61,5.49,1.538,11.3,1.5,2.6,4.3,1.67
2010,lincomi01,Mike Lincoln,35,CIN,NL,1,0,1.000,7.32,19,0,5,0,0,0,19.2,25,16,16,1,10,0,12,2,0,1,94,57,4.35,1.780,11.4,0.5,4.6,5.5,1.20
2010,lindsma01,Matt Lindstrom,30,HOU,NL,2,5,.286,4.39,58,0,41,0,0,23,53.1,68,26,26,5,20,1,43,0,0,8,244,91,3.81,1.650,11.5,0.8,3.4,7.3,2.15
2010,linebsc01,Scott Linebrink,33,CHW,AL,3,2,.600,4.40,52,0,28,0,0,0,57.1,59,31,28,11,17,0,52,3,0,7,249,98,4.81,1.326,9.3,1.7,2.7,8.2,3.06
2010,linkjo01,Jon Link,26,LAD,NL,0,0,,4.15,9,0,6,0,0,0,8.2,12,7,4,0,4,1,4,0,0,1,40,97,3.54,1.846,12.5,0.0,4.2,4.2,1.00
2010,liriafr01,Francisco Liriano,26,MIN,AL,14,10,.583,3.62,31,31,0,0,0,0,191.2,184,77,77,9,58,0,201,10,1,10,806,112,2.66,1.263,8.6,0.4,2.7,9.4,3.47
2010,litscje01,Jesse Litsch,25,TOR,AL,1,5,.167,5.79,9,9,0,0,0,0,46.2,53,30,30,7,15,0,16,2,0,1,202,73,5.44,1.457,10.2,1.4,2.9,3.1,1.07
2010,loeka01,Kameron Loe,28,MIL,NL,3,5,.375,2.78,53,0,9,0,0,0,58.1,54,23,18,6,15,1,46,2,0,4,240,146,3.71,1.183,8.3,0.9,2.3,7.1,3.07
2010,loganbo02,Boone Logan,25,NYY,AL,2,0,1.000,2.93,51,0,8,0,0,0,40.0,34,13,13,3,20,3,38,1,0,1,169,149,3.73,1.350,7.7,0.7,4.5,8.6,1.90
2010,lohseky01,Kyle Lohse,31,STL,NL,4,8,.333,6.55,18,18,0,0,0,0,92.0,129,75,67,9,35,2,54,3,0,1,431,59,4.42,1.783,12.6,0.9,3.4,5.3,1.54
2010,lopezfe01,Felipe Lopez,30,STL,NL,0,0,,0.00,1,0,0,0,0,0,1.0,1,0,0,0,1,0,0,0,0,0,4,,6.08,2.000,9.0,0.0,9.0,0.0,0.00
2010,lopezja02,Javier Lopez,32,TOT,NL,4,2,.667,2.34,77,0,18,0,0,0,57.2,50,17,15,2,20,3,38,2,0,3,235,173,3.36,1.214,7.8,0.3,3.1,5.9,1.90
2010,lopezja02,Javier Lopez,32,PIT,NL,2,2,.500,2.79,50,0,14,0,0,0,38.2,39,14,12,2,18,3,22,2,0,3,166,146,4.17,1.474,9.1,0.5,4.2,5.1,1.22
2010,lopezja02,Javier Lopez,32,SFG,NL,2,0,1.000,1.42,27,0,4,0,0,0,19.0,11,3,3,0,2,0,16,0,0,0,69,280,1.71,0.684,5.2,0.0,0.9,7.6,8.00
2010,lopezro02,Rodrigo Lopez,34,ARI,NL,7,16,.304,5.00,33,33,0,0,0,0,200.0,227,126,111,37,56,1,116,3,0,2,874,85,5.21,1.415,10.2,1.7,2.5,5.2,2.07
2010,lopezwi01,Wilton Lopez,26,HOU,NL,5,2,.714,2.96,68,0,14,0,0,1,67.0,66,23,22,4,5,1,50,0,2,2,262,134,2.59,1.060,8.9,0.5,0.7,6.7,10.00
2010,lowede01,Derek Lowe,37,ATL,NL,16,12,.571,4.00,33,33,0,0,0,0,193.2,204,88,86,18,61,10,136,4,2,4,824,98,3.89,1.368,9.5,0.8,2.8,6.3,2.23
2010,lowema01,Mark Lowe,27,TOT,AL,1,3,.250,5.40,14,0,5,0,0,0,13.1,18,9,8,2,6,1,12,0,0,1,61,79,4.58,1.800,12.2,1.4,4.1,8.1,2.00
2010,lowema01,Mark Lowe,27,SEA,AL,1,3,.250,3.48,11,0,4,0,0,0,10.1,11,5,4,1,5,1,7,0,0,1,45,117,4.43,1.548,9.6,0.9,4.4,6.1,1.40
2010,lowema01,Mark Lowe,27,TEX,AL,0,0,,12.00,3,0,1,0,0,0,3.0,7,4,4,1,1,0,5,0,0,0,16,42,5.08,2.667,21.0,3.0,3.0,15.0,5.00
2010,luebkco01,Cory Luebke,25,SDP,NL,1,1,.500,4.08,4,3,1,0,0,0,17.2,17,8,8,3,6,0,18,1,0,0,76,92,4.44,1.302,8.7,1.5,3.1,9.2,3.00
2010,lyonbr01,Brandon Lyon,30,HOU,NL,6,6,.500,3.12,79,0,28,0,0,20,78.0,68,28,27,2,31,12,54,3,0,3,333,127,3.34,1.269,7.8,0.2,3.6,6.2,1.74
2010,macdomi01,Mike MacDougal,33,STL,NL,1,1,.500,7.23,17,0,7,0,0,0,18.2,23,15,15,1,12,2,14,1,0,1,92,55,4.36,1.875,11.1,0.5,5.8,6.8,1.17
2010,maclaev01,Evan MacLane,27,STL,NL,0,1,.000,9.00,2,0,1,0,0,0,1.0,1,1,1,1,1,0,0,0,0,0,4,60,19.08,2.000,9.0,9.0,9.0,0.0,0.00
2010,madsory01,Ryan Madson,29,PHI,NL,6,2,.750,2.55,55,0,21,0,0,5,53.0,42,16,15,4,13,3,64,4,0,2,217,161,2.61,1.038,7.1,0.7,2.2,10.9,4.92
2010,mahayro01,Ron Mahay,39,MIN,AL,1,1,.500,3.44,41,0,11,0,0,0,34.0,33,15,13,5,8,0,25,0,0,1,141,119,4.23,1.206,8.7,1.3,2.1,6.6,3.13
2010,maholpa01,Paul Maholm,28,PIT,NL,9,15,.375,5.10,32,32,0,1,1,0,185.1,228,119,105,15,62,2,102,9,0,2,840,79,4.18,1.565,11.1,0.7,3.0,5.0,1.65
2010,mainejo01,John Maine,29,NYM,NL,1,3,.250,6.13,9,9,0,0,0,0,39.2,47,29,27,8,25,1,39,2,0,3,190,64,5.78,1.815,10.7,1.8,5.7,8.8,1.56
2010,mainesc01,Scott Maine,25,CHC,NL,0,0,,2.08,13,0,4,0,0,0,13.0,9,4,3,1,5,1,11,0,0,0,54,209,3.54,1.077,6.2,0.7,3.5,7.6,2.20
2010,majewga01,Gary Majewski,30,HOU,NL,0,0,,22.50,2,0,2,0,0,0,2.0,5,5,5,1,1,0,1,0,0,0,13,21,10.08,3.000,22.5,4.5,4.5,4.5,1.00
2010,malonma02,Matt Maloney,26,CIN,NL,2,2,.500,3.05,7,2,0,0,0,0,20.2,20,7,7,2,5,1,13,1,0,0,86,136,3.95,1.210,8.7,0.9,2.2,5.7,2.60
2010,manshje01,Jeff Manship,25,MIN,AL,2,1,.667,5.28,13,1,1,0,0,0,29.0,34,20,17,3,6,0,21,0,0,0,124,78,3.60,1.379,10.6,0.9,1.9,6.5,3.50
2010,manuero01,Robert Manuel,26,BOS,AL,1,0,1.000,4.26,10,0,6,0,0,0,12.2,10,6,6,5,7,1,5,0,0,0,54,105,9.08,1.342,7.1,3.6,5.0,3.6,0.71
2010,marcush01,Shaun Marcum,28,TOR,AL,13,8,.619,3.64,31,31,0,1,0,0,195.1,181,84,79,24,43,3,165,6,0,3,800,115,3.74,1.147,8.3,1.1,2.0,7.6,3.84
2010,marinjh01,Jhan Marinez,21,FLA,NL,1,1,.500,6.75,4,0,2,0,0,0,2.2,3,3,2,1,3,0,3,0,0,0,14,70,9.08,2.250,10.1,3.4,10.1,10.1,1.00
2010,marmoca01,Carlos Marmol,27,CHC,NL,2,3,.400,2.55,77,0,70,0,0,38,77.2,40,23,22,1,52,4,138,8,2,2,332,167,2.01,1.185,4.6,0.1,6.0,16.0,2.65
2010,marquje01,Jeff Marquez,25,CHW,AL,0,0,,18.00,1,0,1,0,0,0,1.0,2,2,2,1,0,0,0,0,0,0,5,32,16.08,2.000,18.0,9.0,0.0,0.0,
2010,marquja01,Jason Marquis,31,WSN,NL,2,9,.182,6.60,13,13,0,0,0,0,58.2,76,47,43,9,24,0,31,8,1,1,276,61,5.65,1.705,11.7,1.4,3.7,4.8,1.29
2010,marshse01,Sean Marshall,27,CHC,NL,7,5,.583,2.65,80,0,16,0,0,1,74.2,58,25,22,3,25,5,90,2,0,1,307,160,2.28,1.112,7.0,0.4,3.0,10.8,3.60
2010,martean01,Andy Marte,26,CLE,AL,0,0,,0.00,1,0,1,0,0,0,1.0,0,0,0,0,0,0,1,0,0,0,3,,1.08,0.000,0.0,0.0,0.0,9.0,
2010,marteda01,Damaso Marte,35,NYY,AL,0,0,,4.08,30,0,3,0,0,0,17.2,10,8,8,2,11,1,12,1,1,2,76,108,5.23,1.189,5.1,1.0,5.6,6.1,1.09
2010,martevi01,Victor Marte,29,KCR,AL,3,0,1.000,9.76,22,0,4,0,0,0,27.2,38,30,30,8,15,1,19,2,0,1,137,43,7.31,1.916,12.4,2.6,4.9,6.2,1.27
2010,martijd01,J.D. Martin,27,WSN,NL,1,5,.167,4.13,9,9,0,0,0,0,48.0,56,30,22,9,11,1,31,1,0,1,212,98,4.97,1.396,10.5,1.7,2.1,5.8,2.82
2010,marticr01,Cristhian Martinez,28,ATL,NL,0,0,,4.85,18,0,8,0,0,0,26.0,28,14,14,3,6,1,22,0,0,1,110,82,3.58,1.308,9.7,1.0,2.1,7.6,3.67
2010,martijo07,Joe Martinez,27,TOT,NL,0,1,.000,4.12,9,1,0,0,0,0,19.2,26,11,9,1,9,2,9,2,1,1,94,100,4.50,1.780,11.9,0.5,4.1,4.1,1.00
2010,martijo07,Joe Martinez,27,SFG,NL,0,1,.000,4.91,4,1,0,0,0,0,11.0,15,6,6,1,6,2,3,1,0,0,53,82,5.62,1.909,12.3,0.8,4.9,2.5,0.50
2010,martijo07,Joe Martinez,27,PIT,NL,0,0,,3.12,5,0,0,0,0,0,8.2,11,5,3,0,3,0,6,1,1,1,41,135,3.08,1.615,11.4,0.0,3.1,6.2,2.00
2010,masseni01,Nick Masset,28,CIN,NL,4,4,.500,3.40,82,0,22,0,0,2,76.2,64,31,29,7,33,3,85,1,0,8,322,120,3.38,1.265,7.5,0.8,3.9,10.0,2.58
2010,masteju01,Justin Masterson,25,CLE,AL,6,13,.316,4.70,34,29,0,1,1,0,180.0,197,107,94,14,73,4,140,11,0,12,802,84,3.93,1.500,9.9,0.7,3.7,7.0,1.92
2010,matafr01,Frank Mata,26,BAL,AL,0,0,,7.79,15,0,6,0,0,0,17.1,24,16,15,2,8,3,9,2,0,1,85,54,5.27,1.846,12.5,1.0,4.2,4.7,1.13
2010,mateoma01,Marcos Mateo,26,CHC,NL,0,1,.000,5.82,21,0,5,0,0,0,21.2,20,15,14,6,9,1,26,1,0,1,93,74,5.66,1.338,8.3,2.5,3.7,10.8,2.89
2010,mathejo02,Joe Mather,27,STL,NL,0,1,.000,9.00,1,0,1,0,0,0,2.0,2,2,2,0,3,2,0,1,0,0,12,51,9.08,2.500,9.0,0.0,13.5,0.0,0.00
2010,mathisc01,Scott Mathieson,26,PHI,NL,0,0,,10.80,2,0,0,0,0,0,1.2,5,3,2,0,2,0,1,0,0,1,12,46,5.48,4.200,27.0,0.0,10.8,5.4,0.50
2010,mathido01,Doug Mathis,27,TEX,AL,1,1,.500,6.04,13,0,7,0,0,0,22.1,30,15,15,7,11,0,10,0,0,0,100,75,7.74,1.836,12.1,2.8,4.4,4.0,0.91
2010,matsuda01,Daisuke Matsuzaka,29,BOS,AL,9,6,.600,4.69,25,25,0,0,0,0,153.2,137,84,80,13,74,1,133,8,0,4,664,93,4.05,1.373,8.0,0.8,4.3,7.8,1.80
2010,matusbr01,Brian Matusz,23,BAL,AL,10,12,.455,4.30,32,32,0,0,0,0,175.2,173,88,84,19,63,3,143,7,0,1,760,96,4.05,1.343,8.9,1.0,3.2,7.3,2.27
2010,mayayu01,Yunesky Maya,28,WSN,NL,0,3,.000,5.88,5,5,0,0,0,0,26.0,30,18,17,3,11,1,12,2,3,2,118,69,5.16,1.577,10.4,1.0,3.8,4.2,1.09
2010,mazzavi01,Vin Mazzaro,23,OAK,AL,6,8,.429,4.27,24,18,4,0,0,0,122.1,127,70,58,19,50,0,79,4,0,5,537,96,5.13,1.447,9.3,1.4,3.7,5.8,1.58
2010,mccleky01,Kyle McClellan,26,STL,NL,1,4,.200,2.27,68,0,18,0,0,2,75.1,58,20,19,9,23,3,60,3,0,2,307,171,4.07,1.075,6.9,1.1,2.7,7.2,2.61
2010,mcclemi01,Mike McClendon,25,MIL,NL,2,0,1.000,3.00,17,0,3,0,0,0,21.0,15,7,7,2,7,0,21,0,0,1,84,137,3.32,1.048,6.4,0.9,3.0,9.0,3.00
2010,mccutda01,Daniel McCutchen,27,PIT,NL,2,5,.286,6.12,28,9,4,0,0,0,67.2,83,48,46,13,28,0,38,2,0,2,316,66,5.78,1.640,11.0,1.7,3.7,5.1,1.36
2010,mcdonja03,James McDonald,25,TOT,NL,4,6,.400,4.02,15,12,0,0,0,0,71.2,70,32,32,4,29,5,68,0,0,5,306,101,3.12,1.381,8.8,0.5,3.6,8.5,2.34
2010,mcdonja03,James McDonald,25,LAD,NL,0,1,.000,8.22,4,1,0,0,0,0,7.2,11,7,7,1,5,1,7,0,0,0,38,49,4.91,2.087,12.9,1.2,5.9,8.2,1.40
2010,mcdonja03,James McDonald,25,PIT,NL,4,5,.444,3.52,11,11,0,0,0,0,64.0,59,25,25,3,24,4,61,0,0,5,268,115,2.91,1.297,8.3,0.4,3.4,8.6,2.54
2010,mcgeeja01,Jake McGee,23,TBR,AL,0,0,,1.80,8,0,3,0,0,0,5.0,2,1,1,0,3,0,6,0,0,0,20,233,2.48,1.000,3.6,0.0,5.4,10.8,2.00
2010,mechegi01,Gil Meche,31,KCR,AL,0,5,.000,5.69,20,9,1,1,0,0,61.2,65,42,39,9,38,3,41,2,0,1,281,74,5.59,1.670,9.5,1.3,5.5,6.0,1.08
2010,meddebr01,Brandon Medders,30,SFG,NL,0,0,,7.20,14,0,7,0,0,0,15.0,26,12,12,3,6,1,8,0,0,0,73,56,5.81,2.133,15.6,1.8,3.6,4.8,1.33
2010,medlekr01,Kris Medlen,24,ATL,NL,6,2,.750,3.68,31,14,5,0,0,0,107.2,108,48,44,13,21,1,83,3,1,1,438,107,3.78,1.198,9.0,1.1,1.8,6.9,3.95
2010,meekev01,Evan Meek,27,PIT,NL,5,4,.556,2.14,70,0,16,0,0,4,80.0,53,25,19,5,31,4,70,4,0,2,324,189,3.45,1.050,6.0,0.6,3.5,7.9,2.26
2010,mejiaje01,Jenrry Mejia,20,NYM,NL,0,4,.000,4.62,33,3,8,0,0,0,39.0,46,21,20,3,20,2,22,3,0,7,183,85,4.72,1.692,10.6,0.7,4.6,5.1,1.10
2010,melanma01,Mark Melancon,25,TOT,MLB,2,0,1.000,4.22,22,0,4,0,0,0,21.1,19,13,10,2,8,0,22,1,0,2,90,99,3.50,1.266,8.0,0.8,3.4,9.3,2.75
2010,melanma01,Mark Melancon,25,NYY,AL,0,0,,9.00,2,0,2,0,0,0,4.0,7,5,4,1,0,0,3,0,0,0,19,52,4.83,1.750,15.8,2.3,0.0,6.8,
2010,melanma01,Mark Melancon,25,HOU,NL,2,0,1.000,3.12,20,0,2,0,0,0,17.1,12,8,6,1,8,0,19,1,0,2,71,129,3.19,1.154,6.2,0.5,4.2,9.9,2.38
2010,mendead01,Adalberto Mendez,28,FLA,NL,1,3,.250,5.11,5,5,0,0,0,0,24.2,28,14,14,7,12,0,11,2,0,0,109,82,7.58,1.622,10.2,2.6,4.4,4.0,0.92
2010,mendolu01,Luis Mendoza,26,KCR,AL,0,1,.000,22.50,4,0,1,0,0,0,4.0,10,10,10,4,3,0,1,0,0,0,25,20,17.83,3.250,22.5,9.0,6.8,2.3,0.33
2010,meredcl01,Cla Meredith,27,BAL,AL,0,2,.000,5.40,21,0,10,0,0,1,15.0,18,9,9,4,4,1,7,1,0,0,67,79,6.61,1.467,10.8,2.4,2.4,4.2,1.75
2010,meyerda02,Dan Meyer,28,FLA,NL,0,1,.000,9.64,13,0,3,0,0,0,9.1,15,10,10,1,12,0,4,1,0,0,55,45,7.79,2.893,14.5,1.0,11.6,3.9,0.33
2010,mickoka01,Kam Mickolio,26,BAL,AL,0,0,,7.36,3,0,2,0,0,0,3.2,5,3,3,1,3,0,4,0,0,0,19,62,6.90,2.182,12.3,2.5,7.4,9.8,1.33
2010,mijarjo01,Jose Mijares,25,MIN,AL,1,1,.500,3.31,47,0,10,0,0,0,32.2,34,14,12,4,9,1,28,1,0,1,139,124,3.87,1.316,9.4,1.1,2.5,7.7,3.11
2010,milesaa01,Aaron Miles,33,STL,NL,0,0,,0.00,2,0,2,0,0,0,2.0,2,0,0,0,0,0,0,0,0,0,8,,3.08,1.000,9.0,0.0,0.0,0.0,
2010,millean01,Andrew Miller,25,FLA,NL,1,5,.167,8.54,9,7,1,0,0,0,32.2,51,34,31,6,26,2,28,1,0,5,171,49,6.23,2.357,14.1,1.7,7.2,7.7,1.08
2010,milleju01,Justin Miller,32,LAD,NL,0,0,,4.44,19,0,7,0,0,0,24.1,22,12,12,4,8,2,30,3,1,2,103,88,4.11,1.233,8.1,1.5,3.0,11.1,3.75
2010,milletr02,Trever Miller,37,STL,NL,0,1,.000,4.00,57,0,3,0,0,0,36.0,30,17,16,2,16,0,22,2,0,4,151,98,4.08,1.278,7.5,0.5,4.0,5.5,1.38
2010,millsbr02,Brad Mills,25,TOR,AL,1,0,1.000,5.64,7,3,0,0,0,0,22.1,20,14,14,2,13,1,18,1,0,1,98,75,4.51,1.478,8.1,0.8,5.2,7.3,1.38
2010,millwke01,Kevin Millwood,35,BAL,AL,4,16,.200,5.10,31,31,0,1,0,0,190.2,223,116,108,30,65,2,132,6,1,7,842,81,4.86,1.510,10.5,1.4,3.1,6.2,2.03
2010,minormi01,Mike Minor,22,ATL,NL,3,2,.600,5.98,9,8,1,0,0,0,40.2,53,28,27,6,11,0,43,1,0,0,185,66,3.77,1.574,11.7,1.3,2.4,9.5,3.91
2010,mischpa01,Pat Misch,28,NYM,NL,0,4,.000,3.82,12,6,2,0,0,0,37.2,43,20,16,4,4,1,23,1,0,0,159,103,3.64,1.248,10.3,1.0,1.0,5.5,5.75
2010,mitrese01,Sergio Mitre,29,NYY,AL,0,3,.000,3.33,27,3,13,0,0,1,54.0,43,23,20,7,16,0,29,2,0,1,213,130,4.69,1.093,7.2,1.2,2.7,4.8,1.81
2010,mockga01,Garrett Mock,27,WSN,NL,0,0,,5.40,1,1,0,0,0,0,3.1,4,2,2,2,5,0,3,0,0,0,19,83,13.58,2.700,10.8,5.4,13.5,8.1,0.60
2010,moehlbr01,Brian Moehler,38,HOU,NL,1,4,.200,4.92,20,8,5,0,0,0,56.2,66,32,31,5,26,1,28,1,1,0,249,81,4.67,1.624,10.5,0.8,4.1,4.4,1.08
2010,monasca01,Carlos Monasterios,24,LAD,NL,3,5,.375,4.38,32,13,5,0,0,0,88.1,99,48,43,15,29,3,52,8,1,7,399,89,5.37,1.449,10.1,1.5,3.0,5.3,1.79
2010,moralfr01,Franklin Morales,24,COL,NL,0,4,.000,6.28,35,0,15,0,0,3,28.2,28,22,20,5,24,2,27,3,2,3,140,75,6.29,1.814,8.8,1.6,7.5,8.5,1.13
2010,morrobr01,Brandon Morrow,25,TOR,AL,10,7,.588,4.49,26,26,0,1,1,0,146.1,136,76,73,11,66,0,178,9,0,8,629,93,3.16,1.380,8.4,0.7,4.1,10.9,2.70
2010,mortecl01,Clayton Mortensen,25,OAK,AL,0,0,,4.50,1,1,0,0,0,0,6.0,6,4,3,1,2,0,7,0,0,0,26,97,3.91,1.333,9.0,1.5,3.0,10.5,3.50
2010,mortoch02,Charlie Morton,26,PIT,NL,2,12,.143,7.57,17,17,0,0,0,0,79.2,112,79,67,15,26,3,59,7,1,5,382,53,5.29,1.732,12.7,1.7,2.9,6.7,2.27
2010,moscogu01,Guillermo Moscoso,26,TEX,AL,0,0,,27.00,1,0,0,0,0,0,0.2,2,2,2,0,2,0,2,1,0,0,7,25,10.58,6.000,27.0,0.0,27.0,27.0,1.00
2010,moseldu01,Dustin Moseley,28,NYY,AL,4,4,.500,4.96,16,9,2,0,0,0,65.1,66,36,36,13,27,0,33,2,0,0,278,87,5.99,1.423,9.1,1.8,3.7,4.5,1.22
2010,motagu01,Guillermo Mota,36,SFG,NL,1,3,.250,4.33,56,0,17,0,0,1,54.0,49,29,26,4,22,5,38,0,0,5,228,91,3.86,1.315,8.2,0.7,3.7,6.3,1.73
2010,motteja01,Jason Motte,28,STL,NL,4,2,.667,2.24,56,0,13,0,0,2,52.1,41,13,13,5,18,3,54,0,0,1,208,174,3.29,1.127,7.1,0.9,3.1,9.3,3.00
2010,moyerja01,Jamie Moyer,47,PHI,NL,9,9,.500,4.84,19,19,0,2,1,0,111.2,103,64,60,20,20,0,63,6,0,0,460,84,4.98,1.101,8.3,1.6,1.6,5.1,3.15
2010,moylape01,Peter Moylan,31,ATL,NL,6,2,.750,2.97,85,0,7,0,0,1,63.2,53,24,21,5,37,6,52,2,0,3,271,132,4.30,1.414,7.5,0.7,5.2,7.4,1.41
2010,mujiced01,Edward Mujica,26,SDP,NL,2,1,.667,3.62,59,0,24,0,0,0,69.2,59,29,28,14,6,0,72,0,0,1,268,102,3.88,0.933,7.6,1.8,0.8,9.3,12.00
2010,mulveke01,Kevin Mulvey,25,ARI,NL,0,0,,6.00,2,0,1,0,0,0,3.0,5,2,2,2,2,0,1,1,0,0,17,79,14.08,2.333,15.0,6.0,6.0,3.0,0.50
2010,myersbr01,Brett Myers,29,HOU,NL,14,8,.636,3.14,33,33,0,2,0,0,223.2,212,88,78,20,66,3,180,3,0,2,936,126,3.56,1.243,8.5,0.8,2.7,7.2,2.73
2010,narvech01,Chris Narveson,28,MIL,NL,12,9,.571,4.99,37,28,2,0,0,0,167.2,172,96,93,21,59,3,137,5,0,6,724,81,4.22,1.378,9.2,1.1,3.2,7.4,2.32
2010,nelsojo01,Joe Nelson,35,BOS,AL,0,0,,9.72,8,0,4,0,0,0,8.1,14,9,9,2,6,0,9,0,0,0,45,47,6.20,2.400,15.1,2.2,6.5,9.7,1.50
2010,neshepa01,Pat Neshek,29,MIN,AL,0,1,.000,5.00,11,0,3,0,0,0,9.0,7,5,5,1,8,0,9,1,0,0,43,85,5.52,1.667,7.0,1.0,8.0,9.0,1.13
2010,nifu01,Fu-Te Ni,27,DET,AL,0,1,.000,6.65,22,0,5,0,0,0,23.0,27,19,17,2,19,4,22,2,1,2,116,64,5.04,2.000,10.6,0.8,7.4,8.6,1.16
2010,niemaje01,Jeff Niemann,27,TBR,AL,12,8,.600,4.39,30,29,0,1,1,0,174.1,159,86,85,25,61,6,131,7,0,4,733,89,4.61,1.262,8.2,1.3,3.1,6.8,2.15
2010,niesejo01,Jon Niese,23,NYM,NL,9,10,.474,4.20,30,30,0,2,1,0,173.2,192,97,81,20,62,3,148,9,0,5,770,93,4.10,1.463,10.0,1.0,3.2,7.7,2.39
2010,nievefe01,Fernando Nieve,27,NYM,NL,2,4,.333,6.00,40,1,9,0,0,0,42.0,37,28,28,10,22,2,38,2,0,2,185,66,6.08,1.405,7.9,2.1,4.7,8.1,1.73
2010,nippedu01,Dustin Nippert,29,TEX,AL,4,5,.444,4.29,38,2,7,0,0,0,56.2,61,28,27,7,34,3,47,5,0,3,262,105,5.09,1.676,9.7,1.1,5.4,7.5,1.38
2010,nolasri01,Ricky Nolasco,27,FLA,NL,14,9,.609,4.51,26,26,0,1,0,0,157.2,169,82,79,24,33,1,147,2,0,5,665,92,3.86,1.281,9.6,1.4,1.9,8.4,4.45
2010,norbejo01,Jordan Norberto,23,ARI,NL,0,2,.000,5.85,33,0,5,0,0,0,20.0,16,13,13,3,22,1,15,0,0,2,94,74,6.83,1.900,7.2,1.4,9.9,6.8,0.68
2010,norribu01,Bud Norris,25,HOU,NL,9,10,.474,4.92,27,27,0,0,0,0,153.2,151,94,84,18,77,3,158,6,2,5,683,80,4.17,1.484,8.8,1.1,4.5,9.3,2.05
2010,novaiv01,Ivan Nova,23,NYY,AL,1,2,.333,4.50,10,7,3,0,0,0,42.0,44,22,21,4,17,2,26,1,0,2,185,97,4.36,1.452,9.4,0.9,3.6,5.6,1.53
2010,odayda01,Darren O'Day,27,TEX,AL,6,2,.750,2.03,72,0,14,0,0,0,62.0,43,15,14,5,12,2,45,5,0,0,240,221,3.50,0.887,6.2,0.7,1.7,6.5,3.75
2010,oflaher01,Eric O'Flaherty,25,ATL,NL,3,2,.600,2.45,56,0,7,0,0,0,44.0,37,14,12,2,18,2,36,1,0,3,181,160,3.33,1.250,7.6,0.4,3.7,7.4,2.00
2010,osullse01,Sean O'Sullivan,22,TOT,AL,4,6,.400,5.49,19,14,3,0,0,0,83.2,90,53,51,15,31,2,43,1,2,4,368,76,5.53,1.446,9.7,1.6,3.3,4.6,1.39
2010,osullse01,Sean O'Sullivan,22,LAA,AL,1,0,1.000,2.08,5,1,2,0,0,0,13.0,7,3,3,1,4,2,6,0,0,0,49,197,4.08,0.846,4.8,0.7,2.8,4.2,1.50
2010,osullse01,Sean O'Sullivan,22,KCR,AL,3,6,.333,6.11,14,13,1,0,0,0,70.2,83,50,48,14,27,0,37,1,2,4,319,69,5.80,1.557,10.6,1.8,3.4,4.7,1.37
2010,ogandal01,Alexi Ogando,26,TEX,AL,4,1,.800,1.30,44,0,12,0,0,0,41.2,31,6,6,2,16,2,39,1,0,3,171,348,3.06,1.128,6.7,0.4,3.5,8.4,2.44
2010,ohlenro01,Ross Ohlendorf,27,PIT,NL,1,11,.083,4.07,21,21,0,0,0,0,108.1,106,54,49,12,44,2,79,6,0,5,475,99,4.45,1.385,8.8,1.0,3.7,6.6,1.80
2010,ohmanwi01,Will Ohman,32,TOT,MLB,0,2,.000,3.21,68,0,12,0,0,0,42.0,40,18,15,4,23,5,43,1,0,3,186,131,3.98,1.500,8.6,0.9,4.9,9.2,1.87
2010,ohmanwi01,Will Ohman,32,BAL,AL,0,0,,3.30,51,0,9,0,0,0,30.0,30,12,11,3,18,4,29,1,0,2,135,127,4.35,1.600,9.0,0.9,5.4,8.7,1.61
2010,ohmanwi01,Will Ohman,32,FLA,NL,0,2,.000,3.00,17,0,3,0,0,0,12.0,10,6,4,1,5,1,14,0,0,1,51,142,3.08,1.250,7.5,0.8,3.8,10.5,2.80
2010,okajihi01,Hideki Okajima,34,BOS,AL,4,4,.500,4.50,56,0,12,0,0,0,46.0,59,24,23,6,20,5,33,0,0,2,213,97,4.64,1.717,11.5,1.2,3.9,6.5,1.65
2010,olivean01,Andy Oliver,22,DET,AL,0,4,.000,7.36,5,5,0,0,0,0,22.0,26,22,18,3,13,2,18,2,0,3,102,58,5.26,1.773,10.6,1.2,5.3,7.4,1.38
2010,oliveda02,Darren Oliver,39,TEX,AL,1,2,.333,2.48,64,0,7,0,0,1,61.2,53,20,17,4,15,4,65,2,0,0,244,181,2.64,1.103,7.7,0.6,2.2,9.5,4.33
2010,olsensc01,Scott Olsen,26,WSN,NL,4,8,.333,5.56,17,15,0,0,0,0,81.0,93,54,50,10,27,4,53,2,0,0,357,73,4.45,1.481,10.3,1.1,3.0,5.9,1.96
2010,olsonga01,Garrett Olson,26,SEA,AL,0,3,.000,4.54,35,0,11,0,0,1,37.2,42,20,19,6,15,1,31,0,0,4,172,88,4.70,1.513,10.0,1.4,3.6,7.4,2.07
2010,ondrulo01,Logan Ondrusek,25,CIN,NL,5,0,1.000,3.68,60,0,11,0,0,0,58.2,49,25,24,7,20,1,39,0,0,2,240,111,4.32,1.176,7.5,1.1,3.1,6.0,1.95
2010,ortizra02,Ramon Ortiz,37,LAD,NL,1,2,.333,6.30,16,2,3,0,0,0,30.0,33,22,21,5,16,2,21,0,1,1,135,62,5.45,1.633,9.9,1.5,4.8,6.3,1.31
2010,ortizru01,Russ Ortiz,36,LAD,NL,0,1,.000,10.29,6,0,1,0,0,0,7.0,10,8,8,0,5,1,6,0,0,1,35,40,3.51,2.143,12.9,0.0,6.4,7.7,1.20
2010,oswalro01,Roy Oswalt,32,TOT,NL,13,13,.500,2.76,33,32,0,2,2,0,211.2,162,70,65,19,55,2,193,5,1,2,837,145,3.27,1.025,6.9,0.8,2.3,8.2,3.51
2010,oswalro01,Roy Oswalt,32,HOU,NL,6,12,.333,3.42,20,20,0,1,1,0,129.0,109,52,49,13,34,2,120,2,1,2,521,116,3.37,1.109,7.6,0.9,2.4,8.4,3.53
2010,oswalro01,Roy Oswalt,32,PHI,NL,7,1,.875,1.74,13,12,0,1,1,0,82.2,53,18,16,6,21,0,73,3,0,0,316,234,3.13,0.895,5.8,0.7,2.3,7.9,3.48
2010,ottavad01,Adam Ottavino,24,STL,NL,0,2,.000,8.46,5,3,0,0,0,0,22.1,37,21,21,5,9,1,12,0,0,1,110,46,6.12,2.060,14.9,2.0,3.6,4.8,1.33
2010,nunezle01,Juan Carlos Oviedo,28,FLA,NL,4,3,.571,3.46,68,0,50,0,0,30,65.0,62,27,25,5,21,2,71,0,1,1,270,120,2.86,1.277,8.6,0.7,2.9,9.8,3.38
2010,owingmi01,Micah Owings,27,CIN,NL,3,2,.600,5.40,22,0,9,0,0,0,33.1,28,20,20,3,25,0,35,3,1,1,153,76,4.67,1.590,7.6,0.8,6.8,9.5,1.40
2010,padilvi01,Vicente Padilla,32,LAD,NL,6,5,.545,4.07,16,16,0,1,1,0,95.0,79,46,43,14,24,4,84,7,1,0,389,95,4.21,1.084,7.5,1.3,2.3,8.0,3.50
2010,palmema01,Matt Palmer,31,LAA,AL,1,2,.333,4.54,14,1,3,0,0,0,33.2,38,20,17,1,20,1,17,1,0,2,157,88,4.33,1.723,10.2,0.3,5.3,4.5,0.85
2010,papeljo01,Jonathan Papelbon,29,BOS,AL,5,7,.417,3.90,65,0,53,0,0,37,67.0,57,34,29,7,28,4,76,2,0,4,287,112,3.51,1.269,7.7,0.9,3.8,10.2,2.71
2010,parkch01,Chan Ho Park,37,TOT,MLB,4,3,.571,4.66,53,0,26,0,0,0,63.2,65,39,33,9,19,1,52,3,0,7,278,91,4.32,1.319,9.2,1.3,2.7,7.4,2.74
2010,parkch01,Chan Ho Park,37,NYY,AL,2,1,.667,5.60,27,0,15,0,0,0,35.1,40,25,22,7,12,0,29,1,0,2,157,78,5.12,1.472,10.2,1.8,3.1,7.4,2.42
2010,parkch01,Chan Ho Park,37,PIT,NL,2,2,.500,3.49,26,0,11,0,0,0,28.1,25,14,11,2,7,1,23,2,0,5,121,117,3.33,1.129,7.9,0.6,2.2,7.3,3.29
2010,parnebo01,Bobby Parnell,25,NYM,NL,0,1,.000,2.83,41,0,10,0,0,0,35.0,41,13,11,1,8,2,33,0,0,0,149,140,2.25,1.400,10.5,0.3,2.1,8.5,4.13
2010,parrama01,Manny Parra,27,MIL,NL,3,10,.231,5.02,42,16,9,0,0,0,122.0,135,76,68,18,63,3,129,3,1,14,560,80,4.51,1.623,10.0,1.3,4.6,9.5,2.05
2010,parrijo01,John Parrish,32,KCR,AL,1,1,.500,3.00,9,0,1,0,0,0,6.0,4,2,2,2,5,0,4,0,0,0,26,148,8.58,1.500,6.0,3.0,7.5,6.0,0.80
2010,pattotr01,Troy Patton,24,BAL,AL,0,0,,0.00,1,0,0,0,0,0,0.2,1,0,0,0,1,0,1,0,0,0,4,,4.58,3.000,13.5,0.0,13.5,13.5,1.00
2010,pauleda01,David Pauley,27,SEA,AL,4,9,.308,4.07,19,15,2,0,0,0,90.2,89,44,41,13,30,2,51,4,0,4,390,97,4.94,1.313,8.8,1.3,3.0,5.1,1.70
2010,paulife01,Felipe Paulino,26,HOU,NL,1,9,.100,5.11,19,14,0,0,0,0,91.2,95,63,52,4,46,4,83,3,1,6,411,78,3.44,1.538,9.3,0.4,4.5,8.1,1.80
2010,pavanca01,Carl Pavano,34,MIN,AL,17,11,.607,3.75,32,32,0,7,2,0,221.0,227,95,92,24,37,2,117,6,0,4,906,109,4.02,1.195,9.2,1.0,1.5,4.8,3.16
2010,peavyja01,Jake Peavy,29,CHW,AL,7,6,.538,4.63,17,17,0,1,1,0,107.0,98,55,55,13,34,2,93,5,1,2,450,93,4.01,1.234,8.2,1.1,2.9,7.8,2.74
2010,pelfrmi01,Mike Pelfrey,26,NYM,NL,15,9,.625,3.66,34,33,1,0,0,1,204.0,213,88,83,12,68,5,113,6,1,1,870,107,3.82,1.377,9.4,0.5,3.0,5.0,1.66
2010,penato03,Tony Pena,28,CHW,AL,5,3,.625,5.10,52,3,19,0,0,0,100.2,108,63,57,10,45,6,56,1,1,6,444,84,4.63,1.520,9.7,0.9,4.0,5.0,1.24
2010,pennha01,Hayden Penn,25,PIT,NL,0,0,,30.86,3,0,1,0,0,0,2.1,8,8,8,0,3,0,0,0,0,1,16,15,6.94,4.714,30.9,0.0,11.6,0.0,0.00
2010,pennybr01,Brad Penny,32,STL,NL,3,4,.429,3.23,9,9,0,0,0,0,55.2,63,25,20,4,9,1,35,3,0,1,232,120,3.40,1.293,10.2,0.6,1.5,5.7,3.89
2010,peraljo01,Joel Peralta,34,WSN,NL,1,0,1.000,2.02,39,0,10,0,0,0,49.0,30,12,11,5,9,4,49,1,0,0,189,201,3.02,0.796,5.5,0.9,1.7,9.0,5.44
2010,perdolu01,Luis Perdomo,26,SDP,NL,0,0,,9.00,1,0,1,0,0,0,1.0,1,1,1,1,0,0,0,0,0,0,4,58,16.08,1.000,9.0,9.0,0.0,0.0,
2010,perezch01,Chris Perez,24,CLE,AL,2,2,.500,1.71,63,0,37,0,0,23,63.0,40,15,12,4,28,3,61,5,0,4,260,231,3.54,1.079,5.7,0.6,4.0,8.7,2.18
2010,perezol01,Oliver Perez,28,NYM,NL,0,5,.000,6.80,17,7,4,0,0,0,46.1,54,37,35,9,42,3,37,4,0,4,234,58,6.99,2.072,10.5,1.7,8.2,7.2,0.88
2010,perezra01,Rafael Perez,28,CLE,AL,6,1,.857,3.25,70,0,13,0,0,0,61.0,72,23,22,3,25,4,36,0,0,6,272,122,3.77,1.590,10.6,0.4,3.7,5.3,1.44
2010,perkigl01,Glen Perkins,27,MIN,AL,1,1,.500,5.82,13,1,5,0,0,0,21.2,29,16,14,3,5,1,14,4,0,0,98,71,4.83,1.569,12.0,1.2,2.1,5.8,2.80
2010,perryry01,Ryan Perry,23,DET,AL,3,5,.375,3.59,60,0,21,0,0,2,62.2,55,26,25,6,23,1,45,5,0,3,261,117,4.23,1.245,7.9,0.9,3.3,6.5,1.96
2010,pestavi01,Vinnie Pestano,25,CLE,AL,0,0,,3.60,5,0,5,0,0,1,5.0,4,2,2,0,5,0,8,0,0,0,23,118,2.88,1.800,7.2,0.0,9.0,14.4,1.60
2010,pettian01,Andy Pettitte,38,NYY,AL,11,3,.786,3.28,21,21,0,0,0,0,129.0,123,52,47,13,41,3,101,3,0,2,536,132,3.85,1.271,8.6,0.9,2.9,7.0,2.46
2010,pineijo01,Joel Pineiro,31,LAA,AL,10,7,.588,3.84,23,23,0,3,1,0,152.1,155,66,65,15,34,6,92,1,0,4,634,104,3.84,1.241,9.2,0.9,2.0,5.4,2.71
2010,pintore01,Renyel Pinto,27,FLA,NL,0,0,,2.70,20,0,6,0,0,0,16.2,16,5,5,1,9,0,16,4,0,2,77,157,4.28,1.500,8.6,0.5,4.9,8.6,1.78
2010,porceri01,Rick Porcello,21,DET,AL,10,12,.455,4.92,27,27,0,0,0,0,162.2,188,96,89,18,38,2,84,7,3,11,700,85,4.31,1.389,10.4,1.0,2.1,4.6,2.21
2010,priceda01,David Price,24,TBR,AL,19,6,.760,2.72,32,31,0,2,1,0,208.2,170,71,63,15,79,1,188,5,3,5,861,144,3.42,1.193,7.3,0.6,3.4,8.1,2.38
2010,proctsc01,Scott Proctor,33,ATL,NL,0,0,,6.35,6,0,2,0,0,0,5.2,4,4,4,1,4,1,6,0,0,0,24,66,5.37,1.412,6.4,1.6,6.4,9.5,1.50
2010,purceda01,David Purcey,28,TOR,AL,1,1,.500,3.71,33,0,18,0,0,1,34.0,26,16,14,3,15,1,32,0,0,3,143,114,3.67,1.206,6.9,0.8,4.0,8.5,2.13
2010,putzjj01,J.J. Putz,33,CHW,AL,7,5,.583,2.83,60,0,16,0,0,3,54.0,41,18,17,4,15,2,65,1,0,4,219,152,2.52,1.037,6.8,0.7,2.5,10.8,4.33
2010,quallch01,Chad Qualls,31,TOT,MLB,3,4,.429,7.32,70,0,29,0,0,12,59.0,85,56,48,7,21,4,49,2,0,4,281,57,4.13,1.797,13.0,1.1,3.2,7.5,2.33
2010,quallch01,Chad Qualls,31,ARI,NL,1,4,.200,8.29,43,0,28,0,0,12,38.0,61,41,35,5,15,4,34,1,0,3,190,51,4.26,2.000,14.4,1.2,3.6,8.1,2.27
2010,quallch01,Chad Qualls,31,TBR,AL,2,0,1.000,5.57,27,0,1,0,0,0,21.0,24,15,13,2,6,0,15,1,0,1,91,71,3.89,1.429,10.3,0.9,2.6,6.4,2.50
2010,ramired01,Edwar Ramirez,29,OAK,AL,1,0,1.000,4.91,7,0,3,0,0,0,11.0,9,7,6,1,10,1,10,0,0,1,54,86,5.17,1.727,7.4,0.8,8.2,8.2,1.00
2010,ramirra02,Ramon Ramirez,28,TOT,MLB,1,3,.250,2.99,69,0,23,0,0,3,69.1,52,24,23,7,27,3,46,0,2,5,284,141,4.23,1.139,6.8,0.9,3.5,6.0,1.70
2010,ramirra02,Ramon Ramirez,28,BOS,AL,0,3,.000,4.46,44,0,17,0,0,2,42.1,39,21,21,6,16,2,31,0,1,4,178,98,4.59,1.299,8.3,1.3,3.4,6.6,1.94
2010,ramirra02,Ramon Ramirez,28,SFG,NL,1,0,1.000,0.67,25,0,6,0,0,1,27.0,13,3,2,1,11,1,15,0,1,1,106,594,3.67,0.889,4.3,0.3,3.7,5.0,1.36
2010,ramosce01,Cesar Ramos,26,SDP,NL,0,1,.000,11.88,14,0,4,0,0,0,8.1,18,11,11,1,4,0,9,0,1,1,47,32,3.92,2.640,19.4,1.1,4.3,9.7,2.25
2010,rapadcl01,Clay Rapada,29,TEX,AL,0,0,,4.00,13,0,2,0,0,0,9.0,6,4,4,2,7,1,5,0,0,0,39,116,7.19,1.444,6.0,2.0,7.0,5.0,0.71
2010,rauchjo01,Jon Rauch,31,MIN,AL,3,1,.750,3.12,59,0,41,0,0,21,57.2,61,20,20,3,14,0,46,1,0,1,245,131,2.94,1.301,9.5,0.5,2.2,7.2,3.29
2010,raych01,Chris Ray,28,TOT,MLB,5,0,1.000,3.72,63,0,13,0,0,2,55.2,48,23,23,5,25,2,31,0,0,1,234,115,4.48,1.311,7.8,0.8,4.0,5.0,1.24
2010,raych01,Chris Ray,28,TEX,AL,2,0,1.000,3.41,35,0,6,0,0,1,31.2,24,12,12,4,16,1,16,0,0,1,133,133,5.23,1.263,6.8,1.1,4.5,4.5,1.00
2010,raych01,Chris Ray,28,SFG,NL,3,0,1.000,4.13,28,0,7,0,0,1,24.0,24,11,11,1,9,1,15,0,0,0,101,96,3.50,1.375,9.0,0.4,3.4,5.6,1.67
2010,rayro01,Robert Ray,26,TOR,AL,0,0,,2.45,3,0,0,0,0,0,3.2,2,1,1,0,5,2,3,0,0,0,18,187,5.53,1.909,4.9,0.0,12.3,7.4,0.60
2010,resopch01,Chris Resop,27,TOT,NL,0,0,,3.86,23,0,5,0,0,0,21.0,15,9,9,1,13,0,26,0,1,0,91,108,3.08,1.333,6.4,0.4,5.6,11.1,2.00
2010,resopch01,Chris Resop,27,ATL,NL,0,0,,22.50,1,0,0,0,0,0,2.0,5,5,5,0,3,0,2,0,0,0,14,21,5.58,4.000,22.5,0.0,13.5,9.0,0.67
2010,resopch01,Chris Resop,27,PIT,NL,0,0,,1.89,22,0,5,0,0,0,19.0,10,4,4,1,10,0,24,0,1,0,77,217,2.82,1.053,4.7,0.5,4.7,11.4,2.40
2010,reyesde01,Dennys Reyes,33,STL,NL,3,1,.750,3.55,59,0,13,0,0,1,38.0,34,15,15,2,21,3,25,2,0,4,163,110,4.26,1.447,8.1,0.5,5.0,5.9,1.19
2010,reyesjo03,Jo-Jo Reyes,25,ATL,NL,0,0,,24.30,1,0,0,0,0,0,3.1,10,9,9,2,3,0,2,0,0,0,23,18,12.38,3.900,27.0,5.4,8.1,5.4,0.67
2010,reynoma02,Matt Reynolds,25,COL,NL,1,0,1.000,2.00,21,0,2,0,0,0,18.0,10,4,4,2,5,0,17,2,0,1,70,236,3.80,0.833,5.0,1.0,2.5,8.5,3.40
2010,rhodear01,Arthur Rhodes,40,CIN,NL,4,4,.500,2.29,69,0,8,0,0,0,55.0,38,14,14,4,18,0,50,1,0,1,217,179,3.24,1.018,6.2,0.7,2.9,8.2,2.78
2010,richacl01,Clayton Richard,26,SDP,NL,14,9,.609,3.75,33,33,0,1,1,0,201.2,206,89,84,16,78,6,153,4,2,4,861,98,3.81,1.408,9.2,0.7,3.5,6.8,1.96
2010,richadu02,Dustin Richardson,26,BOS,AL,0,0,,4.15,26,0,4,0,0,0,13.0,15,6,6,2,14,1,12,1,0,0,67,108,6.69,2.231,10.4,1.4,9.7,8.3,0.86
2010,rincoju01,Juan Rincon,31,COL,NL,0,0,,4.50,2,0,1,0,0,0,2.0,3,1,1,0,2,0,3,0,0,0,11,120,3.08,2.500,13.5,0.0,9.0,13.5,1.50
2010,ringro01,Royce Ring,29,NYY,AL,0,0,,15.43,5,0,0,0,0,0,2.1,3,4,4,0,2,0,2,0,0,0,12,32,3.94,2.143,11.6,0.0,7.7,7.7,1.00
2010,riskeda01,David Riske,33,MIL,NL,0,0,,5.01,23,0,5,0,0,0,23.1,25,14,13,2,8,0,16,2,0,1,104,82,4.11,1.414,9.6,0.8,3.1,6.2,2.00
2010,riverma01,Mariano Rivera,40,NYY,AL,3,3,.500,1.80,61,0,55,0,0,33,60.0,39,14,12,2,11,3,45,5,0,0,230,241,2.81,0.833,5.9,0.3,1.7,6.8,4.09
2010,riversa01,Saul Rivera,32,ARI,NL,0,0,,22.09,4,0,1,0,0,0,3.2,11,9,9,2,3,0,1,0,0,0,25,21,12.08,3.818,27.0,4.9,7.4,2.5,0.33
2010,roberda08,David Robertson,25,NYY,AL,4,5,.444,3.82,64,0,10,0,0,1,61.1,59,26,26,5,33,6,71,3,2,7,273,114,3.58,1.500,8.7,0.7,4.8,10.4,2.15
2010,roberna01,Nate Robertson,32,TOT,NL,6,8,.429,5.95,21,18,2,0,0,0,101.1,115,76,67,12,42,1,63,6,1,2,460,70,4.80,1.549,10.2,1.1,3.7,5.6,1.50
2010,roberna01,Nate Robertson,32,FLA,NL,6,8,.429,5.47,19,18,1,0,0,0,100.1,110,70,61,11,40,1,61,6,1,1,450,76,4.66,1.495,9.9,1.0,3.6,5.5,1.53
2010,roberna01,Nate Robertson,32,PHI,NL,0,0,,54.00,2,0,1,0,0,0,1.0,5,6,6,1,2,0,2,0,0,1,10,10,18.08,7.000,45.0,9.0,18.0,18.0,1.00
2010,rodnefe01,Fernando Rodney,33,LAA,AL,4,3,.571,4.24,72,0,30,0,0,14,68.0,70,33,32,4,35,1,53,5,0,4,308,94,4.05,1.544,9.3,0.5,4.6,7.0,1.51
2010,rodrifr03,Francisco Rodriguez,28,NYM,NL,4,2,.667,2.20,53,0,46,0,0,25,57.1,45,14,14,3,21,4,67,2,1,3,236,179,2.63,1.151,7.1,0.5,3.3,10.5,3.19
2010,rodrifr04,Francisco Rodriguez,27,LAA,AL,1,3,.250,4.37,43,0,14,0,0,0,47.1,46,23,23,5,26,3,36,1,1,8,209,92,4.64,1.521,8.7,1.0,4.9,6.8,1.38
2010,rodrihe03,Henry Rodriguez,23,OAK,AL,1,0,1.000,4.55,29,0,8,0,0,0,27.2,25,16,14,2,13,0,33,1,0,7,121,91,3.15,1.373,8.1,0.7,4.2,10.7,2.54
2010,rodrira01,Rafael Rodriguez,25,TOT,MLB,0,0,,5.79,3,0,2,0,0,0,4.2,5,3,3,1,3,0,3,2,0,0,24,83,7.79,1.714,9.6,1.9,5.8,5.8,1.00
2010,rodrira01,Rafael Rodriguez,25,LAA,AL,0,0,,4.50,1,0,1,0,0,0,2.0,1,1,1,0,2,0,1,1,0,0,10,105,6.58,1.500,4.5,0.0,9.0,4.5,0.50
2010,rodrira01,Rafael Rodriguez,25,ARI,NL,0,0,,6.75,2,0,1,0,0,0,2.2,4,2,2,1,1,0,2,1,0,0,14,71,8.70,1.875,13.5,3.4,3.4,6.8,2.00
2010,rodriwa01,Wandy Rodriguez,31,HOU,NL,11,12,.478,3.60,32,32,0,0,0,0,195.0,183,95,78,16,68,3,178,9,0,8,822,110,3.50,1.287,8.4,0.7,3.1,8.2,2.62
2010,roenijo01,Josh Roenicke,27,TOR,AL,1,0,1.000,5.68,16,0,3,0,0,0,19.0,18,15,12,1,13,0,18,2,0,1,91,75,4.24,1.632,8.5,0.5,6.2,8.5,1.38
2010,rogeres01,Esmil Rogers,24,COL,NL,2,3,.400,6.13,28,8,5,0,0,0,72.0,94,59,49,5,26,2,66,5,2,5,333,76,3.44,1.667,11.8,0.6,3.3,8.3,2.54
2010,rogerma01,Mark Rogers,24,MIL,NL,0,0,,1.80,4,2,1,0,0,0,10.0,2,2,2,0,3,0,11,1,0,0,36,232,2.08,0.500,1.8,0.0,2.7,9.9,3.67
2010,romerj.01,J.C. Romero,34,PHI,NL,1,0,1.000,3.68,60,0,14,0,0,3,36.2,30,17,15,3,29,7,28,5,1,0,171,112,5.40,1.609,7.4,0.7,7.1,6.9,0.97
2010,romerri01,Ricky Romero,25,TOR,AL,14,9,.609,3.73,32,32,0,3,1,0,210.0,189,98,87,15,82,3,174,8,1,18,882,112,3.64,1.290,8.1,0.6,3.5,7.5,2.12
2010,romose01,Sergio Romo,27,SFG,NL,5,3,.625,2.18,68,0,13,0,0,0,62.0,46,16,15,6,14,2,70,4,0,0,247,180,2.95,0.968,6.7,0.9,2.0,10.2,5.00
2010,rosaca01,Carlos Rosa,25,ARI,NL,0,2,.000,4.50,22,0,9,0,0,0,20.0,20,10,10,1,12,2,9,0,0,0,89,96,4.63,1.600,9.0,0.5,5.4,4.1,0.75
2010,rosalle01,Leo Rosales,29,ARI,NL,2,0,1.000,7.16,16,0,3,0,0,0,16.1,25,13,13,2,9,0,12,0,0,1,80,60,4.85,2.082,13.8,1.1,5.0,6.6,1.33
2010,rosarsa02,Sandy Rosario,24,FLA,NL,0,0,,54.00,2,0,0,0,0,0,1.0,9,6,6,2,1,0,0,0,0,0,12,11,32.08,10.000,81.0,18.0,9.0,0.0,0.00
2010,rossty01,Tyson Ross,23,OAK,AL,1,4,.200,5.49,26,2,9,0,0,1,39.1,39,24,24,4,20,0,32,0,0,5,169,75,4.30,1.500,8.9,0.9,4.6,7.3,1.60
2010,rowlary01,Ryan Rowland-Smith,27,SEA,AL,1,10,.091,6.75,27,20,2,0,0,0,109.1,141,94,82,25,44,2,49,7,0,7,510,58,6.55,1.692,11.6,2.1,3.6,4.0,1.11
2010,runzlda01,Dan Runzler,25,SFG,NL,3,0,1.000,3.03,41,0,7,0,0,0,32.2,29,12,11,1,20,3,37,1,0,2,144,130,3.14,1.500,8.0,0.3,5.5,10.2,1.85
2010,rupejo01,Josh Rupe,27,KCR,AL,1,1,.500,5.59,11,0,1,0,0,0,9.2,14,6,6,1,7,0,8,0,0,1,49,78,4.94,2.172,13.0,0.9,6.5,7.4,1.14
2010,russead01,Adam Russell,27,SDP,NL,0,0,,4.02,12,0,3,0,0,0,15.2,14,8,7,0,5,0,18,0,0,1,63,94,1.74,1.213,8.0,0.0,2.9,10.3,3.60
2010,russeja02,James Russell,24,CHC,NL,1,1,.500,4.96,57,0,11,0,0,0,49.0,55,37,27,11,11,0,42,4,0,2,219,86,5.20,1.347,10.1,2.0,2.0,7.7,3.82
2010,rzepcma01,Marc Rzepczynski,24,TOR,AL,4,4,.500,4.95,14,12,0,0,0,0,63.2,72,37,35,8,30,1,57,5,1,4,287,85,4.57,1.602,10.2,1.1,4.2,8.1,1.90
2010,sabatc.01,CC Sabathia,29,NYY,AL,21,7,.750,3.18,34,34,0,2,0,0,237.2,209,92,84,20,74,6,197,7,1,8,970,136,3.54,1.191,7.9,0.8,2.8,7.5,2.66
2010,saitota01,Takashi Saito,40,ATL,NL,2,3,.400,2.83,56,0,14,0,0,1,54.0,41,20,17,4,17,2,69,0,0,2,221,139,2.43,1.074,6.8,0.7,2.8,11.5,4.06
2010,salasfe01,Fernando Salas,25,STL,NL,0,0,,3.52,27,0,11,0,0,0,30.2,28,13,12,4,15,2,29,0,0,2,133,111,4.35,1.402,8.2,1.2,4.4,8.5,1.93
2010,salech01,Chris Sale,21,CHW,AL,2,1,.667,1.93,21,0,8,0,0,4,23.1,15,5,5,2,10,0,32,0,0,1,92,225,2.74,1.071,5.8,0.8,3.9,12.3,3.20
2010,samarje01,Jeff Samardzija,25,CHC,NL,2,2,.500,8.38,7,3,0,0,0,0,19.1,21,22,18,4,20,1,9,2,0,1,100,51,8.25,2.121,9.8,1.9,9.3,4.2,0.45
2010,sampsch01,Chris Sampson,32,HOU,NL,1,0,1.000,5.93,35,0,9,0,0,0,30.1,43,22,20,7,8,0,16,1,0,1,139,67,5.91,1.681,12.8,2.1,2.4,4.7,2.00
2010,sanabal01,Alex Sanabia,21,FLA,NL,5,3,.625,3.73,15,12,0,0,0,0,72.1,74,32,30,6,16,2,47,3,0,0,307,112,3.65,1.244,9.2,0.7,2.0,5.8,2.94
2010,sanchbr01,Brian Sanches,31,FLA,NL,2,2,.500,2.26,61,0,14,0,0,0,63.2,43,20,16,7,27,0,54,1,0,5,254,184,4.13,1.099,6.1,1.0,3.8,7.6,2.00
2010,sanchan01,Anibal Sanchez,26,FLA,NL,13,12,.520,3.55,32,32,0,1,1,0,195.0,192,89,77,10,70,5,157,7,0,7,841,117,3.32,1.344,8.9,0.5,3.2,7.2,2.24
2010,sanchjo01,Jonathan Sanchez,27,SFG,NL,13,9,.591,3.07,34,33,0,0,0,0,193.1,142,74,66,21,96,4,205,9,1,15,812,127,4.00,1.231,6.6,1.0,4.5,9.5,2.14
2010,sanchro01,Romulo Sanchez,26,NYY,AL,0,0,,0.00,2,0,1,0,0,0,4.1,1,0,0,0,3,0,5,0,0,0,17,,2.85,0.923,2.1,0.0,6.2,10.4,1.67
2010,santaer01,Ervin Santana,27,LAA,AL,17,10,.630,3.92,33,33,0,4,1,0,222.2,221,104,97,27,73,2,169,12,1,11,954,102,4.28,1.320,8.9,1.1,3.0,6.8,2.32
2010,santajo02,Johan Santana,31,NYM,NL,11,9,.550,2.98,29,29,0,4,2,0,199.0,179,67,66,16,55,2,144,2,2,2,817,131,3.54,1.176,8.1,0.7,2.5,6.5,2.62
2010,santose01,Sergio Santos,26,CHW,AL,2,2,.500,2.96,56,0,13,0,0,1,51.2,53,18,17,2,26,3,56,3,0,8,235,145,3.10,1.529,9.2,0.3,4.5,9.8,2.15
2010,saundjo01,Joe Saunders,29,TOT,MLB,9,17,.346,4.47,33,33,0,3,1,0,203.1,232,120,101,25,64,1,114,5,0,6,880,92,4.57,1.456,10.3,1.1,2.8,5.0,1.78
2010,saundjo01,Joe Saunders,29,LAA,AL,6,10,.375,4.62,20,20,0,2,1,0,120.2,135,70,62,14,45,1,64,1,0,3,522,86,4.67,1.492,10.1,1.0,3.4,4.8,1.42
2010,saundjo01,Joe Saunders,29,ARI,NL,3,7,.300,4.25,13,13,0,1,0,0,82.2,97,50,39,11,19,0,50,4,0,3,358,100,4.43,1.403,10.6,1.2,2.1,5.4,2.63
2010,sborzja01,Jay Sborz,25,DET,AL,0,0,,67.50,1,0,0,0,0,0,0.2,3,5,5,0,0,0,1,2,0,0,7,10,9.08,4.500,40.5,0.0,0.0,13.5,
2010,scherma01,Max Scherzer,25,DET,AL,12,11,.522,3.50,31,31,0,0,0,0,195.2,174,84,76,20,70,1,184,7,0,8,800,120,3.71,1.247,8.0,0.9,3.2,8.5,2.63
2010,schleda01,Daniel Schlereth,24,DET,AL,2,0,1.000,2.89,18,0,6,0,0,1,18.2,20,7,6,2,10,3,19,1,0,1,87,147,4.20,1.607,9.6,1.0,4.8,9.2,1.90
2010,schlitr01,Travis Schlichting,25,LAD,NL,1,0,1.000,3.57,14,0,6,0,0,0,22.2,20,9,9,0,10,2,14,0,0,1,98,110,3.17,1.324,7.9,0.0,4.0,5.6,1.40
2010,schlibr01,Brian Schlitter,24,CHC,NL,0,1,.000,12.38,7,0,3,0,0,0,8.0,18,11,11,2,5,1,7,1,0,0,48,36,6.83,2.875,20.3,2.3,5.6,7.9,1.40
2010,schoesc01,Scott Schoeneweis,36,BOS,AL,1,0,1.000,7.90,15,0,6,0,0,0,13.2,19,12,12,2,10,1,13,0,0,1,68,56,5.27,2.122,12.5,1.3,6.6,8.6,1.30
2010,seddoch01,Chris Seddon,26,SEA,AL,1,0,1.000,5.64,14,0,5,0,0,0,22.1,21,14,14,4,10,0,16,0,0,2,95,71,5.32,1.388,8.5,1.6,4.0,6.4,1.60
2010,sheetbe01,Ben Sheets,31,OAK,AL,4,9,.308,4.53,20,20,0,0,0,0,119.1,123,65,60,18,43,2,84,0,0,3,511,91,4.71,1.391,9.3,1.4,3.2,6.3,1.95
2010,sherrge01,George Sherrill,33,LAD,NL,2,2,.500,6.69,65,0,12,0,0,0,36.1,46,28,27,4,24,4,25,1,0,1,180,58,5.20,1.927,11.4,1.0,5.9,6.2,1.04
2010,shielja02,James Shields,28,TBR,AL,13,15,.464,5.18,34,33,0,0,0,0,203.1,246,128,117,34,51,2,187,5,2,13,899,75,4.24,1.461,10.9,1.5,2.3,8.3,3.67
2010,shielsc01,Scot Shields,34,LAA,AL,0,3,.000,5.28,43,1,17,0,0,0,46.0,45,31,27,6,34,1,39,2,0,7,218,76,5.43,1.717,8.8,1.2,6.7,7.6,1.15
2010,silvaca01,Carlos Silva,31,CHC,NL,10,6,.625,4.22,21,21,0,0,0,0,113.0,120,55,53,11,24,2,80,7,0,4,480,100,3.75,1.274,9.6,0.9,1.9,6.4,3.33
2010,simonal01,Alfredo Simon,29,BAL,AL,4,2,.667,4.93,49,0,35,0,0,17,49.1,54,30,27,10,22,2,37,2,0,1,222,85,5.67,1.541,9.9,1.8,4.0,6.8,1.68
2010,sinkbbr01,Brett Sinkbeil,25,FLA,NL,0,0,,13.50,3,0,1,0,0,0,2.0,2,3,3,0,5,0,1,0,0,1,13,36,9.58,3.500,9.0,0.0,22.5,4.5,0.20
2010,sippto01,Tony Sipp,26,CLE,AL,2,2,.500,4.14,70,0,16,0,0,1,63.0,48,30,29,12,39,3,69,2,0,4,266,96,5.32,1.381,6.9,1.7,5.6,9.9,1.77
2010,slamaan01,Anthony Slama,26,MIN,AL,0,1,.000,7.71,5,0,2,0,0,0,4.2,6,4,4,1,5,0,5,0,0,1,25,57,6.94,2.357,11.6,1.9,9.6,9.6,1.00
2010,slatedo01,Doug Slaten,30,WSN,NL,4,1,.800,3.10,49,0,13,0,0,0,40.2,34,18,14,2,19,2,36,4,0,2,174,131,3.64,1.303,7.5,0.4,4.2,8.0,1.89
2010,sloweke01,Kevin Slowey,26,MIN,AL,13,6,.684,4.45,30,28,0,0,0,0,155.2,172,80,77,21,29,0,116,4,0,3,662,91,3.98,1.291,9.9,1.2,1.7,6.7,4.00
2010,smithch08,Chris Smith,29,MIL,NL,0,0,,5.40,3,0,1,0,0,0,3.1,4,2,2,0,1,0,4,0,0,0,14,83,1.58,1.500,10.8,0.0,2.7,10.8,4.00
2010,smithgr02,Greg Smith,26,COL,NL,1,2,.333,6.23,8,8,0,0,0,0,39.0,49,28,27,8,24,2,31,1,0,1,182,75,6.08,1.872,11.3,1.8,5.5,7.2,1.29
2010,smithjo05,Joe Smith,26,CLE,AL,2,2,.500,3.83,53,0,7,0,0,0,40.0,30,18,17,4,24,2,32,1,1,0,170,104,4.65,1.350,6.8,0.9,5.4,7.2,1.33
2010,smithjo06,Jordan Smith,24,CIN,NL,3,2,.600,3.86,37,0,15,0,0,1,42.0,45,18,18,7,11,1,26,2,0,1,179,106,4.94,1.333,9.6,1.5,2.4,5.6,2.36
2010,snellia01,Ian Snell,28,SEA,AL,0,5,.000,6.41,12,8,0,0,0,0,46.1,60,36,33,10,25,0,26,1,0,3,227,62,6.45,1.835,11.7,1.9,4.9,5.1,1.04
2010,sonnaan01,Andy Sonnanstine,27,TBR,AL,3,1,.750,4.44,41,4,23,0,0,1,81.0,83,40,40,11,27,3,50,7,0,3,355,88,4.87,1.358,9.2,1.2,3.0,5.6,1.85
2010,soriajo01,Joakim Soria,26,KCR,AL,1,2,.333,1.78,66,0,56,0,0,43,65.2,53,13,13,4,16,1,71,2,1,3,270,236,2.53,1.051,7.3,0.5,2.2,9.7,4.44
2010,soriara01,Rafael Soriano,30,TBR,AL,3,2,.600,1.73,64,0,56,0,0,45,62.1,36,14,12,4,14,2,57,1,0,0,237,226,2.81,0.802,5.2,0.6,2.0,8.2,4.07
2010,sosajo02,Jorge Sosa,32,FLA,NL,2,3,.400,4.66,22,2,4,0,0,0,36.2,39,22,19,4,18,4,19,0,0,2,165,90,4.93,1.555,9.6,1.0,4.4,4.7,1.06
2010,sprinru01,Russ Springer,41,CIN,NL,0,0,,5.40,2,0,0,0,0,0,1.2,2,1,1,0,0,0,1,0,0,0,7,92,1.88,1.200,10.8,0.0,0.0,5.4,
2010,stammcr01,Craig Stammen,26,WSN,NL,4,4,.500,5.13,35,19,3,0,0,0,128.0,151,78,73,13,41,4,85,1,0,3,562,79,4.06,1.500,10.6,0.9,2.9,6.0,2.07
2010,stangda01,Daniel Stange,24,ARI,NL,0,0,,13.50,4,0,1,0,0,0,4.0,4,6,6,1,6,0,2,0,0,0,22,34,9.83,2.500,9.0,2.3,13.5,4.5,0.33
2010,staufti01,Tim Stauffer,28,SDP,NL,6,5,.545,1.85,32,7,12,0,0,0,82.2,65,18,17,3,24,5,61,2,0,0,326,199,3.02,1.077,7.1,0.3,2.6,6.6,2.54
2010,stettmi01,Mitch Stetter,29,MIL,NL,0,0,,14.73,9,0,0,0,0,0,3.2,7,6,6,1,3,0,3,1,0,0,22,30,8.26,2.727,17.2,2.5,7.4,7.4,1.00
2010,steveje01,Jeff Stevens,26,CHC,NL,0,0,,6.11,18,0,3,0,0,0,17.2,21,15,12,4,10,0,15,0,0,3,84,71,6.02,1.755,10.7,2.0,5.1,7.6,1.50
2010,stokebr01,Brian Stokes,30,LAA,AL,0,0,,8.10,16,0,6,0,0,0,16.2,26,18,15,4,16,1,16,1,0,2,90,50,7.34,2.520,14.0,2.2,8.6,8.6,1.00
2010,stoneto01,Tobi Stoner,25,NYM,NL,0,1,.000,3.86,1,0,0,0,0,0,2.1,3,1,1,0,1,0,0,0,0,0,11,118,4.36,1.714,11.6,0.0,3.9,0.0,0.00
2010,storedr01,Drew Storen,22,WSN,NL,4,4,.500,3.58,54,0,22,0,0,5,55.1,48,24,22,3,22,3,52,3,0,3,232,113,3.26,1.265,7.8,0.5,3.6,8.5,2.36
2010,strasst01,Stephen Strasburg,21,WSN,NL,5,3,.625,2.91,12,12,0,0,0,0,68.0,56,25,22,5,17,0,92,0,0,2,274,139,2.08,1.074,7.4,0.7,2.3,12.2,5.41
2010,streehu01,Huston Street,26,COL,NL,4,4,.500,3.61,44,0,39,0,0,20,47.1,39,21,19,5,11,4,45,2,1,2,187,129,3.37,1.056,7.4,1.0,2.1,8.6,4.09
2010,stricsc02,Scott Strickland,34,FLA,NL,0,0,,9.00,3,0,2,0,0,0,2.0,5,2,2,0,1,0,0,0,0,0,11,55,4.58,3.000,22.5,0.0,4.5,0.0,0.00
2010,stroppe01,Pedro Strop,25,TEX,AL,0,0,,10.13,15,0,5,0,0,0,10.2,17,12,12,2,11,0,11,1,1,5,60,46,6.83,2.625,14.3,1.7,9.3,9.3,1.00
2010,suppaje01,Jeff Suppan,35,TOT,NL,3,8,.273,5.06,30,15,10,0,0,0,101.1,130,61,57,13,37,1,51,2,0,4,452,78,4.89,1.648,11.5,1.2,3.3,4.5,1.38
2010,suppaje01,Jeff Suppan,35,MIL,NL,0,2,.000,7.84,15,2,9,0,0,0,31.0,50,29,27,4,12,1,18,1,0,1,148,52,4.85,2.000,14.5,1.2,3.5,5.2,1.50
2010,suppaje01,Jeff Suppan,35,STL,NL,3,6,.333,3.84,15,13,1,0,0,0,70.1,80,32,30,9,25,0,33,1,0,3,304,101,4.91,1.493,10.2,1.2,3.2,4.2,1.32
2010,sweenbr01,Brian Sweeney,36,SEA,AL,1,2,.333,3.16,24,0,8,0,0,0,37.0,33,16,13,5,6,1,14,0,0,2,148,126,4.57,1.054,8.0,1.2,1.5,3.4,2.33
2010,takahhi01,Hisanori Takahashi,35,NYM,NL,10,6,.625,3.61,53,12,21,0,0,8,122.0,116,51,49,13,43,7,114,0,1,1,516,108,3.65,1.303,8.6,1.0,3.2,8.4,2.65
2010,talbomi01,Mitch Talbot,26,CLE,AL,10,13,.435,4.41,28,28,0,1,0,0,159.1,169,88,78,13,69,2,88,8,1,3,696,90,4.48,1.494,9.5,0.7,3.9,5.0,1.28
2010,tallebr01,Brian Tallet,32,TOR,AL,2,6,.250,6.40,34,5,5,0,0,0,77.1,84,60,55,20,38,3,53,4,0,1,356,66,6.70,1.578,9.8,2.3,4.4,6.2,1.39
2010,tanketa01,Taylor Tankersley,27,FLA,NL,0,0,,7.50,27,0,1,0,0,0,12.0,12,11,10,4,7,1,7,1,0,1,57,57,8.25,1.583,9.0,3.0,5.3,5.3,1.00
2010,taschja01,Jack Taschner,32,TOT,NL,1,0,1.000,6.41,20,0,3,0,0,0,19.2,23,14,14,3,11,0,17,0,0,2,94,65,5.01,1.729,10.5,1.4,5.0,7.8,1.55
2010,taschja01,Jack Taschner,32,PIT,NL,1,0,1.000,6.05,17,0,3,0,0,0,19.1,22,13,13,3,8,0,17,0,0,1,88,68,4.58,1.552,10.2,1.4,3.7,7.9,2.13
2010,taschja01,Jack Taschner,32,LAD,NL,0,0,,27.00,3,0,0,0,0,0,0.1,1,1,1,0,3,0,0,0,0,1,6,31,30.08,12.000,27.0,0.0,81.0,0.0,0.00
2010,tejedro01,Rob Tejeda,28,KCR,AL,3,5,.375,3.54,54,0,12,0,0,0,61.0,55,28,24,5,26,1,56,0,1,4,258,119,3.59,1.328,8.1,0.7,3.8,8.3,2.15
2010,texeika01,Kanekoa Texeira,24,TOT,AL,1,1,.500,4.84,43,0,10,0,0,0,61.1,73,36,33,3,25,1,33,3,1,3,277,86,4.01,1.598,10.7,0.4,3.7,4.8,1.32
2010,texeika01,Kanekoa Texeira,24,SEA,AL,0,1,.000,5.30,16,0,7,0,0,0,18.2,22,12,11,0,10,0,14,1,0,2,87,76,3.35,1.714,10.6,0.0,4.8,6.8,1.40
2010,texeika01,Kanekoa Texeira,24,KCR,AL,1,0,1.000,4.64,27,0,3,0,0,0,42.2,51,24,22,3,15,1,19,2,1,1,190,91,4.30,1.547,10.8,0.6,3.2,4.0,1.27
2010,thatcjo01,Joe Thatcher,28,SDP,NL,1,0,1.000,1.29,65,0,12,0,0,0,35.0,23,5,5,1,7,2,45,1,0,0,137,288,1.56,0.857,5.9,0.3,1.8,11.6,6.43
2010,thayeda01,Dale Thayer,29,TBR,AL,0,0,,27.00,1,0,0,0,0,0,2.0,7,6,6,1,0,0,2,0,0,0,13,17,7.58,3.500,31.5,4.5,0.0,9.0,
2010,thomabr01,Brad Thomas,32,DET,AL,6,2,.750,3.89,49,2,7,0,0,0,69.1,77,31,30,4,29,3,30,4,0,4,307,108,4.39,1.529,10.0,0.5,3.8,3.9,1.03
2010,thomaju01,Justin Thomas,26,PIT,NL,0,1,.000,6.23,12,0,6,0,0,0,13.0,21,9,9,3,5,1,5,0,0,0,62,66,6.46,2.000,14.5,2.1,3.5,3.5,1.00
2010,thompbr01,Brad Thompson,28,KCR,AL,0,4,.000,6.41,16,0,3,0,0,0,19.2,25,16,14,4,4,1,10,1,0,2,89,67,5.47,1.475,11.4,1.8,1.8,4.6,2.50
2010,thompri03,Rich Thompson,25,LAA,AL,2,0,1.000,1.37,13,0,7,0,0,0,19.2,12,4,3,2,4,0,15,0,0,4,75,295,3.49,0.814,5.5,0.9,1.8,6.9,3.75
2010,thornma01,Matt Thornton,33,CHW,AL,5,4,.556,2.67,61,0,13,0,0,8,60.2,41,18,18,3,20,5,81,2,0,1,239,161,2.14,1.005,6.1,0.4,3.0,12.0,4.05
2010,threeer01,Erick Threets,28,CHW,AL,0,0,,0.00,11,0,1,0,0,0,12.1,9,1,0,0,3,0,6,0,0,0,45,,2.84,0.973,6.6,0.0,2.2,4.4,2.00
2010,tillmch01,Chris Tillman,22,BAL,AL,2,5,.286,5.87,11,11,0,0,0,0,53.2,51,37,35,9,31,1,31,1,0,2,236,71,5.89,1.528,8.6,1.5,5.2,5.2,1.00
2010,toddje01,Jess Todd,24,CLE,AL,0,0,,7.50,5,0,2,0,0,0,6.0,9,5,5,0,3,0,9,0,0,1,30,56,1.58,2.000,13.5,0.0,4.5,13.5,3.00
2010,tomlijo01,Josh Tomlin,25,CLE,AL,6,4,.600,4.56,12,12,0,1,0,0,73.0,72,38,37,10,19,3,43,3,0,1,301,87,4.59,1.247,8.9,1.2,2.3,5.3,2.26
2010,torreca01,Carlos Torres,27,CHW,AL,0,1,.000,8.56,5,1,1,0,0,0,13.2,23,13,13,2,9,1,13,0,0,0,71,51,5.05,2.341,15.1,1.3,5.9,8.6,1.44
2010,troncra01,Ramon Troncoso,27,LAD,NL,2,3,.400,4.33,52,0,13,0,0,0,54.0,55,28,26,7,18,5,34,3,0,2,234,90,4.67,1.352,9.2,1.2,3.0,5.7,1.89
2010,ueharko01,Koji Uehara,35,BAL,AL,1,2,.333,2.86,43,0,22,0,0,13,44.0,37,15,14,5,5,0,55,0,0,1,174,146,2.40,0.955,7.6,1.0,1.0,11.3,11.00
2010,valdera02,Raul Valdes,32,NYM,NL,3,3,.500,4.91,38,1,8,0,0,1,58.2,59,33,32,7,27,1,56,4,0,2,262,80,4.31,1.466,9.1,1.1,4.1,8.6,2.07
2010,valdece01,Cesar Valdez,25,ARI,NL,1,2,.333,7.65,9,2,3,0,0,0,20.0,29,19,17,2,10,2,13,1,0,3,97,56,4.73,1.950,13.1,0.9,4.5,5.9,1.30
2010,valdeme01,Merkin Valdez,28,TOR,AL,0,0,,20.25,2,0,1,0,0,0,1.1,2,3,3,0,3,0,0,0,0,0,9,26,9.83,3.750,13.5,0.0,20.3,0.0,0.00
2010,valvejo01,Jose Valverde,32,DET,AL,2,4,.333,3.00,60,0,55,0,0,26,63.0,41,24,21,5,32,1,63,3,0,3,259,140,3.78,1.159,5.9,0.7,4.6,9.0,1.97
2010,vanderi01,Rick van den Hurk,25,TOT,MLB,0,1,.000,5.09,9,1,2,0,0,0,17.2,16,14,10,2,8,0,18,2,0,0,76,85,4.21,1.358,8.2,1.0,4.1,9.2,2.25
2010,vanderi01,Rick van den Hurk,25,FLA,NL,0,0,,6.75,2,0,0,0,0,0,1.1,3,4,1,0,1,0,1,0,0,0,9,78,3.83,3.000,20.3,0.0,6.8,6.8,1.00
2010,vanderi01,Rick van den Hurk,25,BAL,AL,0,1,.000,4.96,7,1,2,0,0,0,16.1,13,10,9,2,7,0,17,2,0,0,67,85,4.24,1.224,7.2,1.1,3.9,9.4,2.43
2010,vanevjo01,Jonathan Van Every,30,BOS,AL,0,0,,18.00,1,0,1,0,0,0,1.0,2,2,2,1,0,0,1,0,0,0,5,33,14.08,2.000,18.0,9.0,0.0,9.0,
2010,vargacl01,Claudio Vargas,32,MIL,NL,1,0,1.000,7.32,17,0,2,0,0,0,19.2,28,16,16,3,10,0,18,0,0,2,94,56,4.76,1.932,12.8,1.4,4.6,8.2,1.80
2010,vargaja01,Jason Vargas,27,SEA,AL,9,12,.429,3.78,31,31,0,0,0,0,192.2,187,86,81,18,54,3,116,1,4,1,811,104,3.95,1.251,8.7,0.8,2.5,5.4,2.15
2010,varvaan01,Anthony Varvaro,25,SEA,AL,0,1,.000,11.25,4,0,2,0,0,0,4.0,6,5,5,2,6,0,5,0,0,1,24,38,11.58,3.000,13.5,4.5,13.5,11.3,0.83
2010,vasques01,Esmerling Vasquez,26,ARI,NL,1,6,.143,5.20,57,0,16,0,0,0,53.2,46,32,31,6,38,3,55,6,1,3,240,82,4.94,1.565,7.7,1.0,6.4,9.2,1.45
2010,vazquja01,Javier Vazquez,33,NYY,AL,10,10,.500,5.32,31,26,4,0,0,0,157.1,155,96,93,32,65,4,121,7,0,8,683,81,5.56,1.398,8.9,1.8,3.7,6.9,1.86
2010,ventejo01,Jonny Venters,25,ATL,NL,4,4,.500,1.95,79,0,17,0,0,1,83.0,61,30,18,1,39,2,93,8,0,4,350,201,2.69,1.205,6.6,0.1,4.2,10.1,2.38
2010,verasjo01,Jose Veras,29,FLA,NL,3,3,.500,3.75,48,0,11,0,0,0,48.0,32,20,20,5,29,0,54,1,0,2,201,111,4.06,1.271,6.0,0.9,5.4,10.1,1.86
2010,verlaju01,Justin Verlander,27,DET,AL,18,9,.667,3.37,33,33,0,4,0,0,224.1,190,89,84,14,71,0,219,6,2,11,925,124,2.97,1.163,7.6,0.6,2.8,8.8,3.08
2010,villaca01,Carlos Villanueva,26,MIL,NL,2,0,1.000,4.61,50,0,5,0,0,1,52.2,48,27,27,7,22,1,67,4,0,5,231,88,3.74,1.329,8.2,1.2,3.8,11.4,3.05
2010,villahe02,Henry Villar,23,HOU,NL,0,0,,4.50,8,0,3,0,0,0,6.0,5,3,3,0,3,0,3,1,1,0,27,93,4.08,1.333,7.5,0.0,4.5,4.5,1.00
2010,violape01,Pedro Viola,27,BAL,AL,0,0,,13.50,2,0,1,0,0,0,1.1,1,2,2,1,1,0,3,0,0,0,6,39,10.58,1.500,6.8,6.8,6.8,20.3,3.00
2010,volqued01,Edinson Volquez,26,CIN,NL,4,3,.571,4.31,12,12,0,0,0,0,62.2,59,30,30,6,35,0,67,3,0,5,275,95,4.00,1.500,8.5,0.9,5.0,9.6,1.91
2010,volstch01,Chris Volstad,23,FLA,NL,12,9,.571,4.58,30,30,0,2,1,0,175.0,187,94,89,17,60,5,102,8,1,8,758,91,4.34,1.411,9.6,0.9,3.1,5.2,1.70
2010,wagnebi02,Billy Wagner,38,ATL,NL,7,2,.778,1.43,71,0,64,0,0,37,69.1,38,14,11,5,22,3,104,3,0,2,268,275,2.10,0.865,4.9,0.6,2.9,13.5,4.73
2010,wainwad01,Adam Wainwright,28,STL,NL,20,11,.645,2.42,33,33,0,5,2,0,230.1,186,68,62,15,56,2,213,4,0,2,910,160,2.86,1.051,7.3,0.6,2.2,8.3,3.80
2010,wakefti01,Tim Wakefield,43,BOS,AL,4,10,.286,5.34,32,19,10,0,0,0,140.0,153,92,83,19,36,3,84,5,1,11,610,82,4.52,1.350,9.8,1.2,2.3,5.4,2.33
2010,waldejo01,Jordan Walden,22,LAA,AL,0,1,.000,2.35,16,0,5,0,0,1,15.1,13,4,4,1,7,0,23,0,1,1,65,174,2.30,1.304,7.6,0.6,4.1,13.5,3.29
2010,walkety01,Tyler Walker,34,WSN,NL,1,0,1.000,3.57,24,0,6,0,0,0,35.1,35,16,14,5,8,2,30,0,0,1,145,114,3.90,1.217,8.9,1.3,2.0,7.6,3.75
2010,waltepj01,P.J. Walters,25,STL,NL,2,0,1.000,6.00,7,3,3,0,0,0,30.0,32,20,20,5,10,0,22,0,0,0,129,65,4.78,1.400,9.6,1.5,3.0,6.6,2.20
2010,weaveje01,Jeff Weaver,33,LAD,NL,5,1,.833,6.09,43,0,9,0,0,0,44.1,48,30,30,5,20,5,26,1,0,0,197,64,4.79,1.534,9.7,1.0,4.1,5.3,1.30
2010,weaveje02,Jered Weaver,27,LAA,AL,13,12,.520,3.01,34,34,0,0,0,0,224.1,187,83,75,23,54,0,233,0,1,7,905,132,3.06,1.074,7.5,0.9,2.2,9.3,4.31
2010,webbry01,Ryan Webb,24,SDP,NL,3,1,.750,2.90,54,0,15,0,0,0,59.0,64,21,19,1,19,5,44,1,1,2,253,127,2.82,1.407,9.8,0.2,2.9,6.7,2.32
2010,weinhro01,Robbie Weinhardt,24,DET,AL,2,2,.500,6.14,28,0,4,0,0,0,29.1,40,23,20,2,8,2,21,3,0,1,135,69,3.66,1.636,12.3,0.6,2.5,6.4,2.63
2010,welleto01,Todd Wellemeyer,31,SFG,NL,3,5,.375,5.68,13,11,0,0,0,0,58.2,57,37,37,12,35,1,41,3,0,3,265,69,6.28,1.568,8.7,1.8,5.4,6.3,1.17
2010,wellsra01,Randy Wells,27,CHC,NL,8,14,.364,4.26,32,32,0,0,0,0,194.1,209,97,92,19,63,5,144,6,0,2,843,99,3.93,1.400,9.7,0.9,2.9,6.7,2.29
2010,westse01,Sean West,24,FLA,NL,0,2,.000,7.71,2,2,0,0,0,0,9.1,15,9,8,2,4,1,8,0,0,0,47,56,5.44,2.036,14.5,1.9,3.9,7.7,2.00
2010,westbja01,Jake Westbrook,32,TOT,MLB,10,11,.476,4.22,33,33,0,1,0,0,202.2,203,99,95,20,68,4,128,8,0,8,860,93,4.22,1.337,9.0,0.9,3.0,5.7,1.88
2010,westbja01,Jake Westbrook,32,CLE,AL,6,7,.462,4.65,21,21,0,1,0,0,127.2,133,68,66,15,44,4,73,6,0,6,543,85,4.64,1.386,9.4,1.1,3.1,5.1,1.66
2010,westbja01,Jake Westbrook,32,STL,NL,4,4,.500,3.48,12,12,0,0,0,0,75.0,70,31,29,5,24,0,55,2,0,2,317,112,3.52,1.253,8.4,0.6,2.9,6.6,2.29
2010,wheelda01,Dan Wheeler,32,TBR,AL,2,4,.333,3.35,64,0,13,0,0,3,48.1,36,20,18,7,16,2,46,1,0,3,195,117,4.11,1.076,6.7,1.3,3.0,8.6,2.88
2010,whitese02,Sean White,29,SEA,AL,0,1,.000,5.24,38,0,13,0,0,0,34.1,45,20,20,4,11,4,15,0,1,0,150,76,4.68,1.631,11.8,1.0,2.9,3.9,1.36
2010,willira01,Randy Williams,34,CHW,AL,0,1,.000,5.40,27,0,2,0,0,0,25.0,37,17,15,2,21,6,22,3,0,0,132,80,5.24,2.320,13.3,0.7,7.6,7.9,1.05
2010,willido03,Dontrelle Willis,28,TOT,MLB,2,3,.400,5.62,15,13,0,0,0,0,65.2,72,41,41,6,56,0,47,5,2,8,316,76,5.62,1.949,9.9,0.8,7.7,6.4,0.84
2010,willido03,Dontrelle Willis,28,DET,AL,1,2,.333,4.98,9,8,0,0,0,0,43.1,48,24,24,3,29,0,33,2,0,4,202,85,4.60,1.777,10.0,0.6,6.0,6.9,1.14
2010,willido03,Dontrelle Willis,28,ARI,NL,1,1,.500,6.85,6,5,0,0,0,0,22.1,24,17,17,3,27,0,14,3,2,4,114,63,7.60,2.284,9.7,1.2,10.9,5.6,0.52
2010,wilsobr01,Brian Wilson,28,SFG,NL,3,3,.500,1.81,70,0,59,0,0,48,74.2,62,16,15,3,26,5,93,1,0,0,311,217,2.20,1.179,7.5,0.4,3.1,11.2,3.58
2010,wilsocj01,C.J. Wilson,29,TEX,AL,15,8,.652,3.35,33,33,0,3,0,0,204.0,161,83,76,10,93,0,170,10,1,7,850,134,3.56,1.245,7.1,0.4,4.1,7.5,1.83
2010,wolfra02,Randy Wolf,33,MIL,NL,13,12,.520,4.17,34,34,0,1,1,0,215.2,213,107,100,29,87,6,142,9,0,2,936,97,4.85,1.391,8.9,1.2,3.6,5.9,1.63
2010,wolfro01,Ross Wolf,27,OAK,AL,0,0,,4.26,11,0,7,0,0,0,12.2,12,6,6,1,6,1,9,1,0,0,56,99,4.34,1.421,8.5,0.7,4.3,6.4,1.50
2010,woodbl01,Blake Wood,24,KCR,AL,1,3,.250,5.07,51,0,13,0,0,0,49.2,54,29,28,6,22,5,31,1,0,3,220,83,4.79,1.530,9.8,1.1,4.0,5.6,1.41
2010,woodke02,Kerry Wood,33,TOT,AL,3,4,.429,3.13,47,0,19,0,0,8,46.0,35,17,16,4,29,4,49,3,1,5,201,135,4.17,1.391,6.8,0.8,5.7,9.6,1.69
2010,woodke02,Kerry Wood,33,CLE,AL,1,4,.200,6.30,23,0,18,0,0,8,20.0,21,15,14,3,11,2,18,2,1,2,93,64,5.18,1.600,9.5,1.4,5.0,8.1,1.64
2010,woodke02,Kerry Wood,33,NYY,AL,2,0,1.000,0.69,24,0,1,0,0,0,26.0,14,2,2,1,18,2,31,1,0,3,108,631,3.39,1.231,4.8,0.3,6.2,10.7,1.72
2010,woodti01,Tim Wood,27,FLA,NL,0,1,.000,5.53,26,0,8,0,0,1,27.2,33,19,17,2,15,1,10,0,0,0,129,76,4.92,1.735,10.7,0.7,4.9,3.3,0.67
2010,woodtr01,Travis Wood,23,CIN,NL,5,4,.556,3.51,17,17,0,0,0,0,102.2,85,45,40,9,26,1,86,4,1,0,419,116,3.42,1.081,7.5,0.8,2.3,7.5,3.31
2010,worleva01,Vance Worley,22,PHI,NL,1,1,.500,1.38,5,2,2,0,0,0,13.0,8,2,2,1,4,0,12,0,0,1,51,302,3.16,0.923,5.5,0.7,2.8,8.3,3.00
2010,wrighja01,Jamey Wright,35,TOT,AL,1,3,.250,4.17,46,0,17,0,0,0,58.1,55,33,27,3,25,1,28,3,1,4,249,96,4.23,1.371,8.5,0.5,3.9,4.3,1.12
2010,wrighja01,Jamey Wright,35,CLE,AL,1,2,.333,5.48,18,0,9,0,0,0,21.1,25,18,13,1,9,0,9,2,0,1,98,73,4.39,1.594,10.5,0.4,3.8,3.8,1.00
2010,wrighja01,Jamey Wright,35,SEA,AL,0,1,.000,3.41,28,0,8,0,0,0,37.0,30,15,14,2,16,1,19,1,1,3,151,117,4.13,1.243,7.3,0.5,3.9,4.6,1.19
2010,wrighwe01,Wesley Wright,25,HOU,NL,1,2,.333,5.73,14,4,3,0,0,0,33.0,37,27,21,6,13,0,29,3,0,0,148,70,5.14,1.515,10.1,1.6,3.5,7.9,2.23
2010,wuertmi01,Michael Wuertz,31,OAK,AL,2,3,.400,4.31,48,0,14,0,0,6,39.2,35,21,19,6,21,5,40,0,0,6,171,96,4.62,1.412,7.9,1.4,4.8,9.1,1.90
2010,youngch03,Chris Young,31,SDP,NL,2,0,1.000,0.90,4,4,0,0,0,0,20.0,10,2,2,1,11,0,15,0,0,1,82,416,3.88,1.050,4.5,0.5,5.0,6.8,1.36
2010,zagurmi01,Mike Zagurski,27,PHI,NL,0,0,,10.29,8,0,3,0,0,0,7.0,8,8,8,1,5,0,11,2,0,1,34,42,4.79,1.857,10.3,1.3,6.4,14.1,2.20
2010,zambrca01,Carlos Zambrano,29,CHC,NL,11,6,.647,3.33,36,20,2,0,0,0,129.2,119,55,48,7,69,0,117,6,1,7,571,127,3.71,1.450,8.3,0.5,4.8,8.1,1.70
2010,zieglbr01,Brad Ziegler,30,OAK,AL,3,7,.300,3.26,64,0,12,0,0,0,60.2,54,24,22,4,28,9,41,3,1,0,257,126,4.12,1.352,8.0,0.6,4.2,6.1,1.46
2010,zimmejo02,Jordan Zimmermann,24,WSN,NL,1,2,.333,4.94,7,7,0,0,0,0,31.0,31,20,17,8,10,1,27,2,0,0,135,83,5.85,1.323,9.0,2.3,2.9,7.8,2.70
2010,zitoba01,Barry Zito,32,SFG,NL,9,14,.391,4.15,34,33,1,1,0,0,199.1,184,97,92,20,84,7,150,7,0,7,848,94,4.25,1.344,8.3,0.9,3.8,6.8,1.79
2010,zumayjo01,Joel Zumaya,25,DET,AL,2,1,.667,2.58,31,0,6,0,0,1,38.1,32,13,11,1,11,0,34,0,0,2,156,164,2.51,1.122,7.5,0.2,2.6,8.0,3.09
