year_ID,player_ID,name_common,age,team_ID,lg_ID,G,PA,AB,R,H,2B,3B,HR,RBI,SB,CS,BB,SO,batting_avg,onbase_perc,slugging_perc,onbase_plus_slugging,onbase_plus_slugging_plus,TB,GIDP,HBP,SH,SF,IBB,pos_summary
1974,aaronha01,Hank Aaron,40,ATL,NL,112,382,340,47,91,16,0,20,69,1,0,39,29,.268,.341,.491,.832,128,167,6,0,1,2,6,7
1974,abbotgl01,Glenn Abbott,23,OAK,AL,1,0,0,0,0,0,0,0,0,0,0,0,0,,,,,,0,0,0,0,0,0,1
1974,acostcy01,Cy Acosta,27,CHW,AL,2,2,2,0,0,0,0,0,0,0,0,0,2,.000,.000,.000,.000,-100,0,0,0,0,0,0,1
1974,akerja01,Jack Aker,33,TOT,NL,41,3,3,1,1,1,0,0,0,0,0,0,0,.333,.333,.667,1.000,175,2,0,0,0,0,0,1
1974,akerja01,Jack Aker,33,ATL,NL,17,1,1,0,0,0,0,0,0,0,0,0,0,.000,.000,.000,.000,-100,0,0,0,0,0,0,1
1974,akerja01,Jack Aker,33,NYM,NL,24,2,2,1,1,1,0,0,0,0,0,0,0,.500,.500,1.000,1.500,315,2,0,0,0,0,0,1
1974,alexama01,Matt Alexander,27,CHC,NL,45,74,54,15,11,2,1,0,0,8,4,12,12,.204,.358,.278,.636,78,15,2,1,7,0,1,5/849
1974,allendi01,Dick Allen,32,CHW,AL,128,525,462,84,139,23,1,32,88,7,1,57,89,.301,.375,.563,.938,164,260,16,1,0,5,9,*3/4D
1974,almonbi01,Bill Almon,21,SDP,NL,16,40,38,4,12,1,0,0,3,1,0,2,9,.316,.350,.342,.692,99,13,0,0,0,0,0,6
1974,alomasa01,Sandy Alomar,30,TOT,AL,122,356,333,47,87,8,1,1,28,8,4,16,33,.261,.293,.300,.594,73,100,7,0,5,2,0,46/5D9
1974,alomasa01,Sandy Alomar,30,CAL,AL,46,57,54,12,12,0,1,0,1,2,0,2,8,.222,.250,.259,.509,51,14,1,0,1,0,0,64/5D9
1974,alomasa01,Sandy Alomar,30,NYY,AL,76,299,279,35,75,8,0,1,27,6,4,14,25,.269,.302,.308,.610,77,86,6,0,4,2,0,4
1974,aloufe01,Felipe Alou,39,MIL,AL,3,3,3,0,0,0,0,0,0,0,0,0,2,.000,.000,.000,.000,-100,0,0,0,0,0,0,/9
1974,alouje01,Jesus Alou,32,OAK,AL,96,232,220,13,59,8,0,2,15,0,0,5,9,.268,.288,.332,.620,83,73,9,2,3,2,1,D9/7
1974,alouma01,Matty Alou,35,SDP,NL,48,88,81,8,16,3,0,0,3,0,0,5,6,.198,.241,.235,.476,37,19,3,0,1,1,1,7/3
1974,alvarlu01,Luis Alvarado,25,TOT,MLB,86,175,160,16,31,4,0,0,13,1,1,8,21,.194,.229,.219,.448,29,35,4,0,5,2,0,46/D5
1974,alvarlu01,Luis Alvarado,25,TOT,AL,69,135,124,13,26,2,0,0,12,1,1,6,15,.210,.244,.226,.470,37,28,3,0,4,1,0,46/D5
1974,alvarlu01,Luis Alvarado,25,CHW,AL,8,10,10,1,1,0,0,0,0,0,0,0,1,.100,.100,.100,.200,-43,1,0,0,0,0,0,/645D
1974,alvarlu01,Luis Alvarado,25,STL,NL,17,40,36,3,5,2,0,0,1,0,0,2,6,.139,.179,.194,.374,5,7,1,0,1,1,0,6
1974,alvarlu01,Luis Alvarado,25,CLE,AL,61,125,114,12,25,2,0,0,12,1,1,6,14,.219,.256,.237,.493,44,27,3,0,4,1,0,4/6D
1974,alvaror01,Orlando Alvarez,22,LAD,NL,2,1,1,0,0,0,0,0,0,0,0,0,0,.000,.000,.000,.000,-100,0,0,0,0,0,0,/7
1974,anderdw01,Dwain Anderson,26,CLE,AL,2,3,3,0,1,0,0,0,0,0,0,0,1,.333,.333,.333,.667,94,1,0,0,0,0,0,/4
1974,andermi01,Mike Anderson,23,PHI,NL,145,435,395,35,99,22,2,5,34,2,1,37,75,.251,.313,.354,.667,84,140,14,0,0,3,13,*9/83
1974,apodabo01,Bob Apodaca,24,NYM,NL,35,30,25,2,3,2,0,0,2,0,0,3,6,.120,.207,.200,.407,15,5,0,0,1,1,0,1
1974,arlinst01,Steve Arlin,28,TOT,MLB,16,19,18,0,2,1,0,0,0,0,0,0,7,.111,.111,.167,.278,-21,3,1,0,1,0,0,1
1974,arlinst01,Steve Arlin,28,SDP,NL,16,19,18,0,2,1,0,0,0,0,0,0,7,.111,.111,.167,.278,-21,3,1,0,1,0,0,1
1974,armbred01,Ed Armbrister,25,CIN,NL,9,8,7,0,2,0,0,0,0,0,0,1,1,.286,.375,.286,.661,88,2,0,0,0,0,0,/79
1974,arnolch01,Chris Arnold,26,SFG,NL,78,192,174,22,42,7,3,1,26,1,1,15,27,.241,.302,.333,.635,75,58,1,1,0,2,1,4/56
1974,ashbyal01,Alan Ashby,22,CLE,AL,10,8,7,1,1,0,0,0,0,0,0,1,2,.143,.250,.143,.393,16,1,0,0,0,0,0,/2
1974,auerbri01,Rick Auerbach,24,LAD,NL,45,82,73,12,25,0,0,1,4,4,2,8,9,.342,.407,.384,.791,127,28,4,0,1,0,0,64/5
1974,augusda01,Dave Augustine,24,PIT,NL,18,22,22,3,4,0,0,0,0,0,1,0,5,.182,.182,.182,.364,4,4,1,0,0,0,0,/897
1974,ayalabe01,Benny Ayala,23,NYM,NL,23,78,68,9,16,1,0,2,8,0,0,7,17,.235,.308,.338,.646,82,23,3,1,0,2,0,7/9
1974,bailebo01,Bob Bailey,31,MON,NL,152,614,507,69,142,20,2,20,73,4,7,100,107,.280,.396,.446,.842,131,226,22,1,1,5,9,75
1974,bakerdu01,Dusty Baker,25,ATL,NL,149,656,574,80,147,35,0,20,69,18,7,71,87,.256,.335,.422,.757,108,242,12,1,3,7,9,*98
1974,bakerfr03,Frank Baker,27,BAL,AL,24,32,29,3,5,1,0,0,0,0,0,3,5,.172,.250,.207,.457,35,6,1,0,0,0,0,6/45
1974,balazjo01,John Balaz,23,CAL,AL,14,46,42,4,10,0,0,1,5,0,0,2,10,.238,.289,.310,.598,77,13,0,1,1,0,0,7/D
1974,bandosa01,Sal Bando,30,OAK,AL,146,603,498,84,121,21,2,22,103,2,3,86,79,.243,.352,.426,.778,130,212,10,5,1,13,4,*5/D
1974,baneydi01,Dick Baney,27,CIN,NL,22,6,5,0,0,0,0,0,0,0,0,0,1,.000,.000,.000,.000,-100,0,0,0,1,0,0,1
1974,bannial01,Alan Bannister,22,PHI,NL,26,29,25,4,3,0,0,0,1,0,0,3,7,.120,.241,.120,.361,2,3,0,1,0,0,0,/867
1974,barbest01,Steve Barber,36,SFG,NL,13,0,0,0,0,0,0,0,0,0,0,0,0,,,,,,0,0,0,0,0,0,1
1974,barera01,Ray Bare,25,STL,NL,10,5,5,1,1,0,0,0,1,0,0,0,4,.200,.200,.200,.400,13,1,0,0,0,0,0,1
1974,barrji01,Jim Barr,26,SFG,NL,56,82,71,7,18,3,0,1,3,0,0,5,17,.254,.303,.338,.641,76,24,0,0,6,0,0,1
1974,bartobo01,Bob Barton,32,SDP,NL,30,96,81,4,19,1,0,0,7,0,0,13,19,.235,.333,.247,.580,68,20,2,0,0,2,1,2
1974,baylodo01,Don Baylor,25,BAL,AL,137,549,489,66,133,22,1,10,59,29,12,43,56,.272,.341,.382,.723,111,187,10,10,3,4,6,*79/3D8
1974,beardmi01,Mike Beard,24,ATL,NL,6,0,0,0,0,0,0,0,0,0,0,0,0,,,,,,0,0,0,0,0,0,/1
1974,beckegl01,Glenn Beckert,33,SDP,NL,64,184,172,11,44,1,0,0,7,0,0,11,8,.256,.301,.262,.562,62,45,1,0,1,0,0,4/5
1974,beenefr01,Fred Beene,31,TOT,AL,1,0,0,0,0,0,0,0,0,0,0,0,0,,,,,,0,0,0,0,0,0,1
1974,beenefr01,Fred Beene,31,CLE,AL,1,0,0,0,0,0,0,0,0,0,0,0,0,,,,,,0,0,0,0,0,0,1
1974,belanma01,Mark Belanger,30,BAL,AL,155,570,493,54,111,14,4,5,36,17,7,51,69,.225,.298,.300,.598,75,148,4,2,20,4,0,*6
1974,bellbu01,Buddy Bell,22,CLE,AL,116,471,423,51,111,15,1,7,46,1,3,35,29,.262,.322,.352,.674,95,149,14,3,8,2,1,*5/D
1974,benchjo01,Johnny Bench,26,CIN,NL,160,708,621,108,174,38,2,33,129,5,4,80,90,.280,.363,.507,.870,143,315,13,3,0,4,15,*25/3
1974,beniqju01,Juan Beniquez,24,BOS,AL,106,423,389,60,104,14,3,5,33,19,11,25,61,.267,.313,.357,.670,87,139,9,1,7,1,2,8/7D
1974,berryke01,Ken Berry,33,MIL,AL,98,290,267,21,64,9,2,1,24,3,1,18,26,.240,.295,.300,.595,73,80,5,3,2,0,0,8D/97
1974,bevacku01,Kurt Bevacqua,27,TOT,MLB,57,137,125,11,23,1,0,0,3,1,1,11,30,.184,.255,.192,.447,28,24,6,1,0,0,1,53/4D67
1974,bevacku01,Kurt Bevacqua,27,PIT,NL,18,37,35,1,4,1,0,0,0,0,0,2,10,.114,.162,.143,.305,-12,5,3,0,0,0,1,/57
1974,bevacku01,Kurt Bevacqua,27,KCR,AL,39,100,90,10,19,0,0,0,3,1,1,9,20,.211,.290,.211,.501,44,19,3,1,0,0,0,35/4D6
1974,biittla01,Larry Biittner,27,MON,NL,18,27,26,2,7,1,0,0,3,0,0,0,2,.269,.269,.308,.577,58,8,0,0,1,0,0,/7
1974,billija01,Jack Billingham,31,CIN,NL,36,79,67,0,5,0,0,0,1,0,0,1,31,.075,.088,.075,.163,-54,5,1,0,11,0,0,1
1974,billidi01,Dick Billings,31,TOT,MLB,17,40,36,2,8,1,0,0,0,2,0,4,7,.222,.300,.250,.550,61,9,1,0,0,0,0,2/D7
1974,billidi01,Dick Billings,31,TEX,AL,16,35,31,2,7,1,0,0,0,2,0,4,6,.226,.314,.258,.572,69,8,1,0,0,0,0,2/D7
1974,billidi01,Dick Billings,31,STL,NL,1,5,5,0,1,0,0,0,0,0,0,0,1,.200,.200,.200,.400,13,1,0,0,0,0,0,/2
1974,birddo01,Doug Bird,24,KCR,AL,1,0,0,0,0,0,0,0,0,0,0,0,0,,,,,,0,0,0,0,0,0,1
1974,blackti01,Tim Blackwell,21,BOS,AL,44,135,122,9,30,1,1,0,8,1,1,10,21,.246,.308,.270,.579,63,33,3,1,2,0,1,2
1974,blairde01,Dennis Blair,20,MON,NL,22,61,51,5,6,1,0,0,2,0,0,3,25,.118,.164,.137,.301,-17,7,0,0,6,1,0,1
1974,blairpa01,Paul Blair,30,BAL,AL,151,615,552,77,144,27,4,17,62,27,9,43,59,.261,.313,.417,.730,112,230,11,2,11,7,0,*8
1974,blancda01,Damaso Blanco,32,SFG,NL,5,1,1,0,0,0,0,0,0,1,0,0,1,.000,.000,.000,.000,-100,0,0,0,0,0,0,
1974,blancos01,Ossie Blanco,28,CLE,AL,18,43,36,1,7,0,0,0,2,0,3,7,4,.194,.326,.194,.520,54,7,1,0,0,0,0,3/D
1974,blankla01,Larvell Blanks,24,ATL,NL,3,8,8,0,2,0,0,0,1,0,0,0,0,.250,.250,.250,.500,38,2,0,0,0,0,0,/6
1974,blassst01,Steve Blass,32,PIT,NL,1,2,2,0,0,0,0,0,0,0,0,0,0,.000,.000,.000,.000,-100,0,0,0,0,0,0,/1
1974,blombro01,Ron Blomberg,25,NYY,AL,90,301,264,39,82,11,2,10,48,2,1,29,33,.311,.375,.481,.856,147,127,5,2,0,6,2,D9/7
1974,bluevi01,Vida Blue,24,OAK,AL,3,0,0,0,0,0,0,0,0,0,0,0,0,,,,,,0,0,0,0,0,0,1
1974,boccajo01,John Boccabella,33,SFG,NL,29,85,80,6,11,3,0,0,5,0,0,4,6,.138,.176,.175,.351,-3,14,2,0,0,1,2,2
1974,bochtbr01,Bruce Bochte,23,CAL,AL,57,221,196,24,53,4,1,5,26,6,3,18,23,.270,.332,.378,.709,110,74,6,1,4,2,0,73/89
1974,boiscbr01,Bruce Boisclair,21,NYM,NL,7,13,12,0,3,1,0,0,1,0,0,1,4,.250,.308,.333,.641,81,4,1,0,0,0,0,/87
1974,bondsbo01,Bobby Bonds,28,SFG,NL,150,670,567,97,145,22,8,21,71,41,11,95,134,.256,.364,.434,.798,119,246,4,4,0,4,8,*9/8
1974,bonhabi01,Bill Bonham,25,CHC,NL,48,91,84,8,12,2,0,0,4,0,0,2,25,.143,.163,.167,.329,-9,14,4,0,5,0,0,1
1974,boonebo01,Bob Boone,26,PHI,NL,146,541,488,41,118,24,3,3,52,3,1,35,29,.242,.295,.322,.617,70,157,16,4,9,5,9,*2
1974,borbope01,Pedro Borbon,27,CIN,NL,73,27,26,4,5,0,0,0,2,0,0,0,7,.192,.192,.192,.385,9,5,0,0,1,0,0,1
1974,borgmgl01,Glenn Borgmann,24,MIN,AL,128,396,345,33,87,8,1,3,45,2,1,39,44,.252,.323,.307,.630,80,106,9,1,3,8,0,*2
1974,bosweke01,Ken Boswell,28,NYM,NL,96,244,222,19,48,6,1,2,15,0,1,18,19,.216,.277,.279,.556,57,62,8,1,2,1,1,45/97
1974,bourqpa01,Pat Bourque,27,TOT,AL,96,184,160,11,36,6,0,2,24,0,2,22,31,.225,.315,.300,.615,80,48,3,0,0,2,1,3/D
1974,bourqpa01,Pat Bourque,27,OAK,AL,73,113,96,6,22,4,0,1,16,0,2,15,20,.229,.327,.302,.630,88,29,1,0,0,2,1,3/D
1974,bourqpa01,Pat Bourque,27,MIN,AL,23,71,64,5,14,2,0,1,8,0,0,7,11,.219,.296,.297,.593,69,19,2,0,0,0,0,3
1974,bowala01,Larry Bowa,28,PHI,NL,162,720,669,97,184,19,10,1,36,39,11,23,52,.275,.298,.338,.636,75,226,11,1,20,4,0,*6
1974,bradfbu01,Buddy Bradford,29,CHW,AL,39,112,96,16,32,2,0,5,10,1,2,13,11,.333,.414,.510,.925,162,49,3,1,1,1,0,97/D
1974,bradlto01,Tom Bradley,27,SFG,NL,30,49,40,2,3,1,0,0,0,0,0,3,19,.075,.140,.100,.240,-33,4,0,0,6,0,0,1
1974,braunst01,Steve Braun,26,MIN,AL,129,516,453,53,127,12,1,8,40,4,4,56,51,.280,.361,.364,.726,107,165,6,2,4,1,4,75
1974,breedha01,Hal Breeden,30,MON,NL,79,215,190,14,47,13,0,2,20,0,1,24,35,.247,.330,.347,.678,87,66,7,0,0,1,0,3
1974,brettge01,George Brett,21,KCR,AL,133,486,457,49,129,21,5,2,47,8,5,21,38,.282,.313,.363,.676,91,166,9,0,6,2,3,*5/6
1974,brettke01,Ken Brett,25,PIT,NL,43,95,87,13,27,4,1,2,15,0,0,4,20,.310,.337,.448,.785,123,39,0,0,3,1,0,1
1974,breweji01,Jim Brewer,36,LAD,NL,24,2,2,0,0,0,0,0,0,0,0,0,1,.000,.000,.000,.000,-100,0,0,0,0,0,0,1
1974,briggjo02,John Briggs,30,MIL,AL,154,628,554,72,140,30,8,17,73,9,7,71,102,.253,.337,.428,.764,120,237,8,0,1,2,2,*7/D8
1974,brilene01,Nelson Briles,30,KCR,AL,1,0,0,0,0,0,0,0,0,0,0,0,0,,,,,,0,0,0,0,0,0,1
1974,brinkch01,Chuck Brinkman,29,TOT,MLB,13,23,21,2,3,0,0,0,1,0,0,1,3,.143,.174,.143,.317,-9,3,1,0,0,1,0,2
1974,brinkch01,Chuck Brinkman,29,CHW,AL,9,15,14,1,2,0,0,0,0,0,0,1,3,.143,.200,.143,.343,-1,2,1,0,0,0,0,/2
1974,brinkch01,Chuck Brinkman,29,PIT,NL,4,8,7,1,1,0,0,0,1,0,0,0,0,.143,.125,.143,.268,-24,1,0,0,0,1,0,/2
1974,brinked01,Ed Brinkman,32,DET,AL,153,546,502,55,111,15,3,14,54,2,0,29,71,.221,.266,.347,.613,74,174,12,3,9,3,0,*6/5
1974,brocklo01,Lou Brock,35,STL,NL,153,702,635,105,194,25,7,3,48,118,33,61,88,.306,.368,.381,.749,110,242,8,2,2,1,16,*7
1974,brohaja01,Jack Brohamer,24,CLE,AL,101,350,315,33,85,11,1,2,30,2,1,26,22,.270,.329,.330,.660,92,104,4,3,4,2,0,4
1974,brownga01,Gates Brown,35,DET,AL,73,109,99,7,24,2,0,4,17,0,0,10,15,.242,.312,.384,.696,98,38,1,0,0,0,2,D
1974,brownik01,Ike Brown,32,DET,AL,2,2,2,0,0,0,0,0,0,0,0,0,0,.000,.000,.000,.000,-100,0,0,0,0,0,0,/5
1974,brownla01,Larry Brown,34,TEX,AL,54,87,76,10,15,2,0,0,5,0,0,9,13,.197,.279,.224,.503,49,17,5,0,1,1,0,5/46
1974,brownol02,Ollie Brown,30,TOT,NL,70,178,168,19,39,6,2,7,19,0,1,10,35,.232,.275,.417,.692,92,70,7,0,0,0,1,97
1974,brownol02,Ollie Brown,30,HOU,NL,27,73,69,8,15,1,0,3,6,0,0,4,15,.217,.260,.362,.623,77,25,2,0,0,0,0,9
1974,brownol02,Ollie Brown,30,PHI,NL,43,105,99,11,24,5,2,4,13,0,1,6,20,.242,.286,.455,.740,102,45,5,0,0,0,1,79
1974,bryanro01,Ron Bryant,26,SFG,NL,41,36,31,1,4,0,0,0,2,0,0,1,8,.129,.156,.129,.285,-21,4,0,0,4,0,0,1
1974,bryest01,Steve Brye,25,MIN,AL,135,521,488,52,138,32,1,2,41,1,3,22,59,.283,.319,.365,.683,94,178,12,5,3,3,1,*8/9
1974,bucknbi01,Bill Buckner,24,LAD,NL,145,620,580,83,182,30,3,7,58,31,13,30,24,.314,.351,.412,.763,117,239,13,4,4,2,10,*7/39
1974,bumbral01,Al Bumbry,27,BAL,AL,94,298,270,35,63,10,3,1,19,12,4,21,46,.233,.288,.304,.592,73,82,3,1,3,3,2,7D
1974,burgmto01,Tom Burgmeier,30,MIN,AL,1,0,0,0,0,0,0,0,0,0,0,0,0,,,,,,0,0,0,0,0,0,1
1974,burleri01,Rick Burleson,23,BOS,AL,114,415,384,36,109,22,0,4,44,3,3,21,34,.284,.320,.372,.693,93,143,13,2,3,5,0,64/5
1974,burrira01,Ray Burris,23,CHC,NL,41,16,13,0,1,0,0,0,0,0,1,2,4,.077,.200,.077,.277,-21,1,0,0,1,0,0,1
1974,burroje01,Jeff Burroughs,23,TEX,AL,152,662,554,84,167,33,2,25,118,2,3,91,104,.301,.397,.504,.901,162,279,17,5,0,12,12,*9/3D
1974,bussera01,Ray Busse,25,HOU,NL,19,37,34,3,7,1,0,0,0,0,0,3,12,.206,.270,.235,.506,46,8,2,0,0,0,0,/5
1974,cabelen01,Enos Cabell,24,BAL,AL,80,183,174,24,42,4,2,3,17,5,3,7,20,.241,.269,.339,.608,77,59,6,0,1,1,1,395/D47
1974,caldwmi01,Mike Caldwell,25,SFG,NL,31,72,63,4,9,0,0,0,2,0,0,2,15,.143,.169,.143,.312,-13,9,1,0,7,0,0,1
1974,campabe01,Bert Campaneris,32,OAK,AL,134,587,527,77,153,18,8,2,41,34,15,47,81,.290,.347,.366,.713,112,193,6,0,11,2,2,*6/D
1974,campbda01,Dave Campbell,32,HOU,NL,35,25,23,4,2,1,0,0,2,1,0,1,8,.087,.125,.130,.255,-27,3,0,0,1,0,0,/4357
1974,cannich01,Chris Cannizzaro,36,SDP,NL,26,67,60,2,11,1,0,0,4,0,0,6,11,.183,.258,.200,.458,33,12,3,0,1,0,0,2
1974,caprabu01,Buzz Capra,26,ATL,NL,39,82,67,4,11,0,0,0,1,0,0,8,23,.164,.253,.164,.418,17,11,0,0,7,0,0,1
1974,carbobe01,Bernie Carbo,26,BOS,AL,117,402,338,40,84,20,0,12,61,4,3,58,90,.249,.364,.414,.778,117,140,9,4,1,1,7,97D
1974,cardejo02,Jose Cardenal,30,CHC,NL,143,604,542,75,159,35,3,13,72,23,9,56,67,.293,.359,.441,.800,121,239,18,1,2,3,3,*97/8
1974,cardele01,Leo Cardenas,35,TEX,AL,34,95,92,5,25,3,0,0,7,1,0,2,14,.272,.287,.304,.592,73,28,2,0,1,0,1,56/D
1974,carewro01,Rod Carew,28,MIN,AL,153,690,599,86,218,30,5,3,55,38,16,74,49,.364,.433,.446,.879,150,267,17,1,13,3,9,*4
1974,carltst01,Steve Carlton,29,PHI,NL,39,112,102,7,25,3,0,0,9,0,1,0,16,.245,.238,.275,.513,41,28,1,0,7,3,0,1
1974,carrido01,Don Carrithers,24,MON,NL,22,15,14,0,4,0,0,0,2,0,0,0,3,.286,.286,.286,.571,58,4,0,0,1,0,0,1
1974,carrocl02,Clay Carroll,33,CIN,NL,57,18,18,1,3,0,0,0,1,0,0,0,8,.167,.167,.167,.333,-6,3,0,0,0,0,0,1
1974,carroto02,Tom Carroll,21,CIN,NL,16,29,26,0,4,0,0,0,0,0,0,1,14,.154,.185,.154,.339,-4,4,0,0,2,0,0,1
1974,cartega01,Gary Carter,20,MON,NL,9,29,27,5,11,0,1,1,6,2,0,1,2,.407,.414,.593,1.006,174,16,0,0,0,1,0,/29
1974,cartyri01,Rico Carty,34,CLE,AL,33,96,91,6,33,5,0,1,16,0,0,5,9,.363,.396,.451,.846,145,41,4,0,0,0,0,D/3
1974,casanpa01,Paul Casanova,32,ATL,NL,42,113,104,5,21,0,0,0,8,0,0,5,17,.202,.232,.202,.434,21,21,2,0,1,3,2,2
1974,cashda01,Dave Cash,26,PHI,NL,162,745,687,89,206,26,11,2,58,20,8,46,33,.300,.351,.378,.729,101,260,11,9,1,2,4,*4
1974,cashno01,Norm Cash,39,DET,AL,53,172,149,17,34,3,2,7,12,1,1,19,30,.228,.327,.416,.744,112,62,1,3,1,0,2,3
1974,cashro01,Ron Cash,24,DET,AL,20,63,62,6,14,2,0,0,5,0,1,0,11,.226,.222,.258,.480,37,16,2,0,0,1,0,3/5
1974,caterda01,Danny Cater,34,BOS,AL,56,140,126,14,31,5,0,5,20,1,0,10,13,.246,.309,.405,.714,98,51,5,2,1,1,1,3D
1974,cedence01,Cesar Cedeno,23,HOU,NL,160,688,610,95,164,29,5,26,102,57,17,64,103,.269,.338,.461,.799,127,281,9,4,2,8,6,*8
1974,cepedor01,Orlando Cepeda,36,KCR,AL,33,117,107,3,23,5,0,1,18,1,0,9,16,.215,.282,.290,.572,62,31,5,1,0,0,0,D
1974,ceyro01,Ron Cey,26,LAD,NL,159,673,577,88,151,20,2,18,97,1,1,76,68,.262,.349,.397,.746,113,229,17,7,3,10,13,*5
1974,chalkda01,Dave Chalk,23,CAL,AL,133,515,465,44,117,9,3,5,31,10,10,30,57,.252,.304,.316,.620,84,147,18,7,9,4,1,65
1974,chambch01,Chris Chambliss,25,TOT,AL,127,499,467,46,119,20,3,6,50,0,1,28,48,.255,.296,.349,.645,86,163,10,0,2,2,2,*3/D
1974,chambch01,Chris Chambliss,25,CLE,AL,17,72,67,8,22,4,0,0,7,0,1,5,5,.328,.375,.388,.763,122,26,1,0,0,0,1,3
1974,chambch01,Chris Chambliss,25,NYY,AL,110,427,400,38,97,16,3,6,43,0,0,23,43,.243,.282,.343,.625,80,137,9,0,2,2,1,3/D
1974,chaneda01,Darrel Chaney,26,CIN,NL,117,164,135,27,27,6,1,2,16,1,2,26,33,.200,.327,.304,.631,79,41,2,0,2,1,6,546
1974,chrisla01,Larry Christenson,20,PHI,NL,10,5,4,0,0,0,0,0,0,0,0,0,4,.000,.000,.000,.000,-100,0,0,0,1,0,0,1
1974,clarkho01,Horace Clarke,34,TOT,MLB,66,152,137,8,28,2,0,0,5,1,0,12,11,.204,.268,.219,.487,42,30,1,0,3,0,0,4/D
1974,clarkho01,Horace Clarke,34,NYY,AL,24,53,47,3,11,1,0,0,1,1,0,4,5,.234,.294,.255,.549,61,12,1,0,2,0,0,4/D
1974,clarkho01,Horace Clarke,34,SDP,NL,42,99,90,5,17,1,0,0,4,0,0,8,6,.189,.255,.200,.455,32,18,0,0,1,0,0,4
1974,clinege01,Gene Clines,27,PIT,NL,107,317,276,29,62,5,1,0,14,14,2,30,40,.225,.307,.250,.557,60,69,11,4,4,3,2,879
1974,coggiri01,Rich Coggins,23,BAL,AL,113,455,411,53,100,13,3,4,32,26,6,29,31,.243,.299,.319,.618,81,131,6,5,7,3,3,98/7
1974,colbena01,Nate Colbert,28,SDP,NL,119,437,368,53,76,16,0,14,54,10,2,62,108,.207,.319,.364,.683,96,134,10,1,1,5,6,37
1974,colucbo01,Bob Coluccio,22,MIL,AL,138,450,394,42,88,13,4,6,31,15,9,43,61,.223,.305,.322,.627,82,127,7,3,10,0,2,*89/7D
1974,conceda01,Dave Concepcion,26,CIN,NL,160,653,594,70,167,25,1,14,82,41,6,44,79,.281,.335,.397,.732,106,236,20,6,5,4,10,*6/8
1974,coopece01,Cecil Cooper,24,BOS,AL,121,454,414,55,114,24,1,8,43,2,5,32,74,.275,.327,.396,.724,101,164,3,1,5,2,3,3D
1974,corkimi01,Mike Corkins,28,SDP,NL,30,12,8,0,0,0,0,0,0,0,0,3,4,.000,.273,.000,.273,-17,0,0,0,1,0,0,1
1974,correvi01,Vic Correll,28,ATL,NL,73,231,202,20,48,15,1,4,29,0,0,21,38,.238,.317,.381,.699,92,77,5,4,1,3,3,2
1974,cosgrmi01,Mike Cosgrove,23,HOU,NL,45,22,18,1,1,0,0,0,0,0,0,2,6,.056,.150,.056,.206,-39,1,0,0,2,0,0,1
1974,cowenal01,Al Cowens,22,KCR,AL,110,296,269,28,65,7,1,1,25,5,0,23,38,.242,.303,.286,.589,67,77,10,1,2,1,0,98/7D5
1974,coxji01,Jim Cox,24,MON,NL,77,270,236,29,52,9,1,2,26,2,3,23,36,.220,.288,.292,.580,60,69,7,1,6,4,2,4
1974,coxla01,Larry Cox,26,PHI,NL,30,58,53,5,9,2,0,0,4,0,0,4,9,.170,.241,.208,.449,25,11,1,1,0,0,0,2
1974,cramje01,Jerry Cram,26,NYM,NL,10,3,3,0,1,0,0,0,0,0,0,0,1,.333,.333,.333,.667,88,1,0,0,0,0,0,1
1974,crawfwi01,Willie Crawford,27,LAD,NL,139,540,468,73,138,23,4,11,61,7,8,64,88,.295,.376,.432,.808,130,202,9,0,3,5,9,*9/8
1974,cromawa01,Warren Cromartie,20,MON,NL,8,20,17,2,3,0,0,0,0,1,0,3,3,.176,.300,.176,.476,34,3,0,0,0,0,0,/7
1974,crosbed01,Ed Crosby,25,CLE,AL,37,95,86,11,18,3,0,0,6,0,1,6,12,.209,.258,.244,.502,46,21,1,0,2,1,0,56/4
1974,crowlte01,Terry Crowley,27,CIN,NL,84,140,125,11,30,12,0,1,20,1,0,10,16,.240,.293,.360,.653,83,45,4,1,0,4,0,9/37
1974,cruzjo01,Jose Cruz,26,STL,NL,107,182,161,24,42,4,3,5,20,4,2,20,27,.261,.341,.416,.757,112,67,3,0,0,1,5,97/83
1974,cubbami01,Mike Cubbage,23,TEX,AL,9,15,15,0,0,0,0,0,0,0,0,0,4,.000,.000,.000,.000,-100,0,0,0,0,0,0,/54D
1974,culvege01,George Culver,30,PHI,NL,14,3,3,0,0,0,0,0,0,0,0,0,1,.000,.000,.000,.000,-100,0,0,0,0,0,0,1
1974,curtijo01,John Curtis,26,STL,NL,34,73,63,7,10,1,0,0,2,0,0,4,30,.159,.209,.175,.384,9,11,2,0,6,0,0,1
1974,d'acqjo01,John D'Acquisto,22,SFG,NL,39,83,71,7,8,1,0,1,3,0,1,9,40,.113,.210,.169,.379,5,12,0,0,2,1,0,1
1974,darcypa01,Pat Darcy,24,CIN,NL,6,4,3,1,1,0,0,0,0,0,0,0,0,.333,.333,.333,.667,88,1,0,0,1,0,0,/1
1974,darwibo01,Bobby Darwin,31,MIN,AL,152,630,575,67,152,13,7,25,94,1,3,37,127,.264,.322,.442,.764,115,254,12,14,0,4,2,*9
1974,davalvi01,Vic Davalillo,37,OAK,AL,17,26,23,0,4,0,0,0,1,0,0,2,2,.174,.231,.174,.405,21,4,0,0,0,1,1,/D879
1974,davanje01,Jerry DaVanon,28,STL,NL,30,47,40,4,6,1,0,0,4,0,1,4,5,.150,.255,.175,.430,23,7,1,2,0,1,0,6/549
1974,davisto02,Tommy Davis,35,BAL,AL,158,673,626,67,181,20,1,11,84,6,2,34,49,.289,.325,.377,.702,105,236,20,3,3,7,9,*D
1974,daviswi02,Willie Davis,34,MON,NL,153,654,611,86,180,27,9,12,89,25,7,27,69,.295,.322,.427,.749,105,261,8,3,2,11,9,*8
1974,daybo01,Boots Day,26,MON,NL,52,72,65,8,12,0,0,0,2,0,0,5,8,.185,.239,.185,.424,18,12,2,0,1,1,0,7/9
1974,dejesiv01,Ivan de Jesus,21,LAD,NL,3,3,3,1,1,0,0,0,0,0,0,0,2,.333,.333,.333,.667,91,1,0,0,0,0,0,/6
1974,delosra01,Ramon de los Santos,25,HOU,NL,12,0,0,0,0,0,0,0,0,0,0,0,0,,,,,,0,0,0,0,0,0,1
1974,decindo01,Doug DeCinces,23,BAL,AL,1,2,1,0,0,0,0,0,0,0,0,1,0,.000,.500,.000,.500,57,0,0,0,0,0,0,/5
1974,deideji01,Jim Deidel,25,NYY,AL,2,2,2,0,0,0,0,0,0,0,0,0,0,.000,.000,.000,.000,-100,0,1,0,0,0,0,/2
1974,demerla01,Larry Demery,21,PIT,NL,21,38,33,4,5,1,1,0,3,0,0,2,15,.152,.200,.242,.442,26,8,1,0,3,0,0,1
1974,demoldo01,Don DeMola,21,MON,NL,25,4,4,0,0,0,0,0,0,0,0,0,0,.000,.000,.000,.000,-100,0,0,0,0,0,0,1
1974,dempsri01,Rick Dempsey,24,NYY,AL,43,119,109,12,26,3,0,2,12,1,0,8,7,.239,.288,.321,.609,76,35,5,0,1,1,0,2/D79
1974,dennyjo01,John Denny,21,STL,NL,2,0,0,0,0,0,0,0,0,0,0,0,0,,,,,,0,0,0,0,0,0,/1
1974,dentbu01,Bucky Dent,22,CHW,AL,154,552,496,55,136,15,3,5,45,3,4,28,48,.274,.316,.347,.662,89,172,9,3,23,2,0,*6
1974,dettoto01,Tom Dettore,26,CHC,NL,16,24,20,1,5,1,0,0,5,0,0,3,4,.250,.348,.300,.648,81,6,1,0,1,0,0,1
1974,didiebo01,Bob Didier,25,BOS,AL,5,17,14,0,1,0,0,0,1,0,0,2,1,.071,.176,.071,.248,-28,1,0,0,0,1,2,/2
1974,dierkla01,Larry Dierker,27,HOU,NL,33,83,71,2,14,3,0,0,7,0,0,1,27,.197,.208,.239,.448,28,17,0,0,11,0,0,1
1974,dilonmi01,Miguel Dilone,19,PIT,NL,12,3,2,3,0,0,0,0,0,2,0,1,0,.000,.333,.000,.333,1,0,0,0,0,0,0,/89
1974,dioriro01,Ron Diorio,27,PHI,NL,2,0,0,0,0,0,0,0,0,0,0,0,0,,,,,,0,0,0,0,0,0,/1
1974,doherjo01,John Doherty,22,CAL,AL,74,236,223,20,57,14,1,3,15,2,1,8,13,.256,.280,.368,.648,91,82,3,0,4,1,1,3/D
1974,donaljo01,John Donaldson,31,OAK,AL,10,15,15,1,2,0,0,0,0,0,0,0,0,.133,.133,.133,.267,-21,2,0,0,0,0,0,/45
1974,downial01,Al Downing,33,LAD,NL,21,34,29,3,5,0,0,0,2,0,0,1,11,.172,.194,.172,.366,5,5,1,0,3,1,0,1
1974,downibr01,Brian Downing,23,CHW,AL,108,350,293,41,66,12,1,10,39,0,1,51,72,.225,.344,.375,.719,105,110,11,2,4,0,3,29/D7
1974,doylede01,Denny Doyle,30,CAL,AL,147,548,511,47,133,19,2,1,34,6,7,25,49,.260,.295,.311,.606,80,159,7,1,9,2,2,*4/6
1974,driesda01,Dan Driessen,22,CIN,NL,150,523,470,63,132,23,6,7,56,10,5,48,62,.281,.347,.400,.747,110,188,9,1,1,3,5,*53/9
1974,duffyfr01,Frank Duffy,27,CLE,AL,158,596,549,62,128,18,0,8,48,7,8,30,64,.233,.272,.310,.582,68,170,10,0,16,1,0,*6
1974,duncada01,Dave Duncan,28,CLE,AL,136,474,425,45,85,10,1,16,46,0,4,42,91,.200,.274,.341,.615,77,145,12,2,3,2,3,*2/3D
1974,dunnro01,Ron Dunn,24,CHC,NL,23,80,68,6,20,7,0,2,15,0,0,12,8,.294,.400,.485,.885,145,33,5,0,0,0,3,4/5
1974,dwyerji01,Jim Dwyer,24,STL,NL,74,100,86,13,24,1,0,2,11,0,0,11,16,.279,.360,.360,.720,103,31,1,1,0,2,2,9/738
1974,dyerdu01,Duffy Dyer,28,NYM,NL,63,162,142,14,30,1,1,0,10,0,0,18,15,.211,.302,.232,.535,52,33,6,1,0,1,2,2
1974,easlemi01,Mike Easler,23,HOU,NL,15,15,15,0,1,0,0,0,0,0,0,0,5,.067,.067,.067,.133,-62,1,1,0,0,0,0,
1974,easteja01,Jamie Easterly,21,ATL,NL,3,0,0,0,0,0,0,0,0,0,0,0,0,,,,,,0,0,0,0,0,0,/1
1974,eastwra01,Rawly Eastwick,23,CIN,NL,8,1,1,0,0,0,0,0,0,0,0,0,1,.000,.000,.000,.000,-100,0,0,0,0,0,0,/1
1974,edwarjo01,Johnny Edwards,36,HOU,NL,50,130,117,8,26,7,1,1,10,1,1,11,12,.222,.292,.325,.617,77,38,1,1,0,1,3,2
1974,eganto01,Tom Egan,28,CAL,AL,43,109,94,4,11,0,0,0,4,1,0,8,40,.117,.194,.117,.311,-6,11,3,1,6,0,0,2
1974,elliora01,Randy Elliott,23,SDP,NL,13,41,33,5,7,1,0,1,2,0,1,7,9,.212,.350,.333,.683,97,11,0,0,1,0,1,/793
1974,ellisdo01,Dock Ellis,29,PIT,NL,30,69,56,6,12,1,0,0,4,0,0,8,15,.214,.313,.232,.545,57,13,1,0,5,0,0,1
1974,ellisjo01,John Ellis,25,CLE,AL,128,513,477,58,136,23,6,10,64,1,2,32,53,.285,.330,.421,.751,117,201,16,1,1,2,3,32D
1974,ellisro01,Rob Ellis,23,MIL,AL,22,52,48,4,14,2,0,0,4,0,0,4,11,.292,.346,.333,.679,98,16,0,0,0,0,0,/D975
1974,enyarte01,Terry Enyart,23,MON,NL,2,0,0,0,0,0,0,0,0,0,0,0,0,,,,,,0,0,0,0,0,0,/1
1974,epstemi01,Mike Epstein,31,CAL,AL,18,73,62,10,10,2,0,4,6,0,0,10,13,.161,.288,.387,.675,98,24,0,1,0,0,0,3
1974,espinni01,Nino Espinosa,20,NYM,NL,2,2,2,0,1,0,0,0,0,0,0,0,0,.500,.500,.500,1.000,183,1,0,0,0,0,0,/1
1974,essiaji01,Jim Essian,23,PHI,NL,17,22,20,1,2,0,0,0,0,0,0,2,1,.100,.182,.100,.282,-21,2,1,0,0,0,0,2/35
1974,etchean01,Andy Etchebarren,31,BAL,AL,62,190,180,13,40,8,0,2,15,1,0,6,26,.222,.249,.300,.549,60,54,3,1,1,2,0,2
1974,evansda01,Darrell Evans,27,ATL,NL,160,710,571,99,137,21,3,25,79,4,2,126,88,.240,.381,.419,.800,121,239,11,6,4,3,9,*5
1974,evansdw01,Dwight Evans,22,BOS,AL,133,514,463,60,130,19,8,10,70,4,4,38,77,.281,.335,.421,.756,110,195,9,2,6,5,2,*9/D87
1974,faheybi01,Bill Fahey,24,TEX,AL,6,17,16,1,4,0,0,0,0,0,0,0,1,.250,.250,.250,.500,47,4,0,0,1,0,0,/2
1974,fairlro01,Ron Fairly,35,MON,NL,101,342,282,35,69,9,1,12,43,2,1,57,28,.245,.372,.411,.784,115,116,7,1,1,1,6,37/9
1974,fanzoca01,Carmen Fanzone,32,CHC,NL,65,180,158,13,30,6,0,4,22,0,1,15,27,.190,.264,.304,.568,57,48,2,2,2,3,1,54/37
1974,farmeed01,Ed Farmer,24,PHI,NL,14,9,9,0,1,0,0,0,1,0,0,0,5,.111,.111,.111,.222,-38,1,0,0,0,0,0,1
1974,fergujo01,Joe Ferguson,27,LAD,NL,111,430,349,54,88,14,1,16,57,2,2,75,73,.252,.380,.436,.815,132,152,11,0,1,5,10,29
1974,ferrese01,Sergio Ferrer,23,MIN,AL,24,68,57,12,16,0,2,0,0,3,2,8,6,.281,.379,.351,.730,108,20,0,1,2,0,0,6/4D
1974,fingero01,Rollie Fingers,27,OAK,AL,6,0,0,0,0,0,0,0,0,0,0,0,0,,,,,,0,0,0,0,0,0,1
1974,fiskca01,Carlton Fisk,26,BOS,AL,52,216,187,36,56,12,1,11,26,5,1,24,23,.299,.383,.551,.934,158,103,5,2,2,1,2,2/D
1974,floydbo01,Bobby Floyd,30,KCR,AL,10,11,9,1,1,0,0,0,0,0,0,2,4,.111,.273,.111,.384,12,1,0,0,0,0,0,/45D6
1974,foliti01,Tim Foli,23,MON,NL,121,493,441,41,112,10,3,0,39,8,2,28,27,.254,.300,.290,.591,63,128,10,3,17,4,0,*6/5
1974,folkeri01,Rich Folkers,27,STL,NL,55,11,10,0,1,0,0,0,0,0,0,0,3,.100,.100,.100,.200,-44,1,0,0,1,0,0,1
1974,footeba01,Barry Foote,22,MON,NL,125,472,420,44,110,23,4,11,60,2,1,35,74,.262,.315,.414,.729,99,174,18,3,2,12,11,*2
1974,forscbo01,Bob Forsch,24,STL,NL,20,37,29,1,7,1,0,0,1,1,0,2,11,.241,.290,.276,.566,60,8,0,0,6,0,0,1
1974,forscke01,Ken Forsch,27,HOU,NL,70,9,7,0,0,0,0,0,0,0,0,1,3,.000,.125,.000,.125,-62,0,0,0,1,0,0,1
1974,forstte01,Terry Forster,22,CHW,AL,5,0,0,0,0,0,0,0,0,0,0,0,0,,,,,,0,0,0,0,0,0,1
1974,fossera01,Ray Fosse,27,OAK,AL,69,222,204,20,40,8,3,4,23,1,1,11,31,.196,.241,.324,.564,66,66,6,2,2,3,1,2/D
1974,fosteal01,Alan Foster,27,STL,NL,33,57,48,4,8,0,0,0,2,0,0,2,7,.167,.200,.167,.367,4,8,0,0,7,0,0,1
1974,fostege01,George Foster,25,CIN,NL,106,314,276,31,73,18,0,7,41,3,2,30,52,.264,.343,.406,.749,110,112,8,4,2,2,5,98/7
1974,fostele01,Leo Foster,23,ATL,NL,72,124,112,16,22,2,0,1,5,1,2,9,22,.196,.254,.241,.495,37,27,3,0,2,1,0,64/59
1974,foucast01,Steve Foucault,24,TEX,AL,1,0,0,0,0,0,0,0,0,0,0,0,0,,,,,,0,0,0,0,0,0,1
1974,frailke01,Ken Frailing,26,CHC,NL,58,36,31,4,8,0,0,0,6,0,0,1,10,.258,.281,.258,.539,50,8,0,0,4,0,0,1
1974,freedro01,Roger Freed,28,CIN,NL,6,7,6,1,2,0,0,1,3,0,0,1,1,.333,.429,.833,1.262,249,5,1,0,0,0,0,/3
1974,freehbi01,Bill Freehan,32,DET,AL,130,502,445,58,132,17,5,18,60,2,0,42,44,.297,.361,.479,.840,139,213,12,5,6,4,2,32/D
1974,fregoji01,Jim Fregosi,32,TEX,AL,78,253,230,31,60,5,0,12,34,0,1,22,41,.261,.324,.439,.763,121,101,11,0,0,1,4,35
1974,freisda01,Dave Freisleben,22,SDP,NL,33,80,64,4,11,2,1,0,3,0,0,7,20,.172,.254,.234,.488,41,15,2,0,9,0,0,1
1974,friaspe01,Pepe Frias,25,MON,NL,76,120,112,12,24,4,1,0,7,1,0,7,10,.214,.258,.268,.526,45,30,0,0,0,1,3,654/97
1974,friseda01,Danny Frisella,28,ATL,NL,36,2,1,0,0,0,0,0,0,0,0,1,0,.000,.500,.000,.500,47,0,0,0,0,0,0,1
1974,fuentti01,Tito Fuentes,30,SFG,NL,108,428,390,33,97,15,2,0,22,7,3,22,32,.249,.293,.297,.591,63,116,12,3,12,1,0,4
1974,fulleji01,Jim Fuller,23,BAL,AL,64,202,189,17,42,11,0,7,28,1,0,8,68,.222,.265,.392,.657,90,74,4,3,2,0,2,9/37D
1974,fullejo01,John Fuller,24,ATL,NL,3,3,3,1,1,0,0,0,0,0,0,0,0,.333,.333,.333,.667,84,1,0,0,0,0,0,/8
1974,gagliph01,Phil Gagliano,32,CIN,NL,46,46,31,2,2,0,0,0,0,0,0,15,7,.065,.370,.065,.434,28,2,0,0,0,0,1,/435
1974,gallabo01,Bob Gallagher,26,HOU,NL,102,102,87,13,15,2,0,0,3,1,0,12,23,.172,.280,.195,.475,38,17,1,1,2,0,1,9/738
1974,gamblos01,Oscar Gamble,24,CLE,AL,135,509,454,74,132,16,4,19,59,5,6,48,51,.291,.363,.469,.833,140,213,7,5,0,2,10,*D7/9
1974,garbege01,Gene Garber,26,TOT,MLB,35,3,3,0,0,0,0,0,0,0,0,0,1,.000,.000,.000,.000,-100,0,0,0,0,0,0,1
1974,garbege01,Gene Garber,26,KCR,AL,1,0,0,0,0,0,0,0,0,0,0,0,0,,,,,,0,0,0,0,0,0,1
1974,garbege01,Gene Garber,26,PHI,NL,34,3,3,0,0,0,0,0,0,0,0,0,1,.000,.000,.000,.000,-100,0,0,0,0,0,0,1
1974,garcipe01,Pedro Garcia,24,MIL,AL,141,494,452,46,90,15,4,12,54,8,5,26,67,.199,.248,.330,.578,66,149,5,5,7,4,4,*4
1974,garcira02,Ralph Garcia,25,SDP,NL,8,0,0,0,0,0,0,0,0,0,0,0,0,,,,,,0,0,0,0,0,0,/1
1974,garmami01,Mike Garman,24,STL,NL,64,11,10,1,1,0,0,0,0,0,0,0,2,.100,.100,.100,.200,-44,1,1,0,1,0,0,1
1974,garneph01,Phil Garner,25,OAK,AL,30,30,28,4,5,1,0,0,1,1,1,1,5,.179,.207,.214,.421,25,6,0,0,1,0,0,5/64D
1974,garrra01,Ralph Garr,28,ATL,NL,143,645,606,87,214,24,17,11,54,26,16,28,52,.353,.383,.503,.886,143,305,6,2,8,1,10,*79
1974,garread01,Adrian Garrett,31,CHC,NL,10,9,8,0,0,0,0,0,0,0,0,1,1,.000,.111,.000,.111,-67,0,1,0,0,0,0,/237
1974,garrewa01,Wayne Garrett,26,NYM,NL,151,619,522,55,117,14,3,13,53,4,6,89,96,.224,.337,.337,.674,91,176,6,2,2,4,7,*5/6
1974,garvest01,Steve Garvey,25,LAD,NL,156,685,642,95,200,32,3,21,111,5,4,31,66,.312,.342,.469,.811,130,301,8,3,1,8,4,*3
1974,gasparo01,Rod Gaspar,28,SDP,NL,33,18,14,4,3,0,0,0,1,0,0,4,3,.214,.389,.214,.603,77,3,0,0,0,0,0,/8379
1974,gastoci01,Cito Gaston,30,SDP,NL,106,289,267,19,57,11,0,6,33,0,0,16,51,.213,.259,.322,.581,66,86,6,1,3,2,2,97
1974,gebhabo01,Bob Gebhard,31,MON,NL,1,0,0,0,0,0,0,0,0,0,0,0,0,,,,,,0,0,0,0,0,0,/1
1974,gentrga01,Gary Gentry,27,ATL,NL,3,1,1,0,0,0,0,0,0,0,0,0,0,.000,.000,.000,.000,-100,0,0,0,0,0,0,/1
1974,gerharu01,Rusty Gerhardt,23,SDP,NL,23,6,6,0,1,0,0,0,0,0,0,0,3,.167,.167,.167,.333,-4,1,0,0,0,0,0,1
1974,geronce01,Cesar Geronimo,26,CIN,NL,150,530,474,73,133,17,8,7,54,9,5,46,96,.281,.345,.395,.739,108,187,8,2,5,3,11,*8
1974,gibsobo01,Bob Gibson,38,STL,NL,33,87,81,6,17,4,1,0,6,0,1,3,19,.210,.233,.284,.517,44,23,1,0,1,2,0,1
1974,gilbrro01,Rod Gilbreath,21,ATL,NL,3,9,6,2,2,0,0,0,0,0,0,2,0,.333,.500,.333,.833,134,2,0,0,1,0,0,/4
1974,giustda01,Dave Giusti,34,PIT,NL,64,11,9,0,1,0,0,0,2,0,0,1,1,.111,.200,.111,.311,-9,1,1,0,1,0,0,1
1974,godbyda01,Danny Godby,27,STL,NL,13,17,13,2,2,0,0,0,1,0,0,3,4,.154,.294,.154,.448,29,2,0,0,0,1,1,/79
1974,goggich01,Chuck Goggin,28,BOS,AL,2,1,1,0,0,0,0,0,0,0,0,0,1,.000,.000,.000,.000,-100,0,0,0,0,0,0,/4
1974,goltzda01,Dave Goltz,25,MIN,AL,1,0,0,0,0,0,0,0,0,0,0,0,0,,,,,,0,0,0,0,0,0,1
1974,gomezlu01,Luis Gomez,22,MIN,AL,82,186,168,18,35,1,0,0,3,2,3,12,16,.208,.261,.214,.475,36,36,2,0,6,0,0,6/D4
1974,gonzafe01,Fernando Gonzalez,24,TOT,AL,60,151,142,12,29,6,1,1,9,1,0,7,11,.204,.242,.282,.523,51,40,3,0,2,0,0,45/6D
1974,gonzafe01,Fernando Gonzalez,24,KCR,AL,9,21,21,1,3,1,0,0,2,1,0,0,4,.143,.143,.190,.333,-6,4,0,0,0,0,0,/5D
1974,gonzafe01,Fernando Gonzalez,24,NYY,AL,51,130,121,11,26,5,1,1,7,0,0,7,7,.215,.258,.298,.555,61,36,3,0,2,0,0,4/56
1974,goodsed01,Ed Goodson,26,SFG,NL,98,320,298,25,81,15,0,6,48,1,0,18,22,.272,.320,.383,.702,93,114,7,3,1,0,6,3/5
1974,gosgeji01,Jim Gosger,31,NYM,NL,26,37,33,3,3,0,0,0,0,0,0,3,2,.091,.167,.091,.258,-26,3,2,0,1,0,1,8/79
1974,grababi01,Billy Grabarkewitz,28,TOT,NL,87,184,155,28,35,3,2,2,14,4,3,26,38,.226,.339,.310,.648,81,48,0,1,1,1,2,4/567
1974,grababi01,Billy Grabarkewitz,28,PHI,NL,34,35,30,7,4,0,0,1,2,3,1,5,10,.133,.257,.233,.490,36,7,0,0,0,0,0,/75
1974,grababi01,Billy Grabarkewitz,28,CHC,NL,53,149,125,21,31,3,2,1,12,1,2,21,28,.248,.358,.328,.686,91,41,0,1,1,1,2,4/65
1974,greendi01,Dick Green,33,OAK,AL,100,315,287,20,61,8,2,2,22,2,3,22,50,.213,.269,.275,.544,61,79,8,0,6,0,0,4
1974,greifbi01,Bill Greif,24,SDP,NL,46,75,56,3,4,0,0,0,0,0,0,10,23,.071,.212,.071,.284,-16,4,1,0,9,0,0,1
1974,grichbo01,Bobby Grich,25,BAL,AL,160,707,582,92,153,29,6,19,82,17,11,90,117,.263,.376,.431,.807,135,251,15,20,7,8,6,*4
1974,grievto01,Tom Grieve,26,TEX,AL,84,288,259,30,66,10,4,9,32,0,0,20,48,.255,.311,.429,.740,114,111,9,2,5,2,1,D7/93
1974,griffke01,Ken Griffey,24,CIN,NL,88,256,227,24,57,9,5,2,19,9,4,27,43,.251,.333,.361,.695,96,82,2,1,1,0,2,9/7
1974,griffdo01,Doug Griffin,27,BOS,AL,93,349,312,35,83,12,4,0,33,2,8,28,21,.266,.329,.330,.660,85,103,7,2,6,1,3,4/6
1974,griffto02,Tom Griffin,26,HOU,NL,37,80,68,11,20,5,0,2,8,0,0,2,24,.294,.324,.456,.780,122,31,1,1,9,0,0,1
1974,grossgr01,Greg Gross,21,HOU,NL,156,676,589,78,185,21,8,0,36,12,20,76,39,.314,.393,.377,.770,122,222,13,1,9,1,4,*97
1974,groteje01,Jerry Grote,31,NYM,NL,97,363,319,25,82,8,1,5,36,0,1,33,33,.257,.326,.335,.661,87,107,11,2,4,5,4,2
1974,grubbjo01,Johnny Grubb,25,SDP,NL,140,503,444,53,127,20,4,8,42,4,0,46,47,.286,.355,.403,.758,117,179,4,4,4,5,2,*8/75
1974,guerrma01,Mario Guerrero,24,BOS,AL,93,304,284,18,70,6,2,0,23,3,1,13,22,.246,.282,.282,.564,58,80,12,2,3,2,0,6
1974,gulledo01,Don Gullett,23,CIN,NL,39,97,80,8,19,2,0,0,10,0,1,6,19,.238,.287,.263,.550,56,21,0,0,10,1,0,1
1974,hahndo01,Don Hahn,25,NYM,NL,110,366,323,34,81,14,1,4,28,2,0,37,34,.251,.328,.337,.665,88,109,10,1,3,2,5,8/9
1974,hairsje01,Jerry Hairston,22,CHW,AL,45,125,109,8,25,7,0,0,8,0,2,13,18,.229,.311,.294,.605,73,32,2,0,3,0,0,7D/9
1974,halejo01,John Hale,20,LAD,NL,4,4,4,2,4,1,0,0,2,0,0,0,0,1.000,1.000,1.250,2.250,540,5,0,0,0,0,0,/9
1974,haliced01,Ed Halicki,23,SFG,NL,16,27,25,3,6,1,0,1,2,0,0,0,10,.240,.240,.400,.640,74,10,0,0,2,0,0,1
1974,hallto01,Tom Hall,26,CIN,NL,40,8,5,0,0,0,0,0,0,0,0,0,2,.000,.000,.000,.000,-100,0,1,0,3,0,0,1
1974,hamilda01,Dave Hamilton,26,OAK,AL,2,0,0,0,0,0,0,0,0,0,0,0,0,,,,,,0,0,0,0,0,0,1
1974,hamptik01,Ike Hampton,22,NYM,NL,4,5,4,0,0,0,0,0,1,0,0,0,1,.000,.000,.000,.000,-100,0,0,0,0,1,0,/2
1974,haneyla01,Larry Haney,31,OAK,AL,76,128,121,12,20,4,0,2,3,1,0,3,18,.165,.185,.248,.433,28,30,2,0,4,0,0,2/53
1974,hansebo01,Bob Hansen,26,MIL,AL,58,91,88,8,26,4,1,2,9,2,1,3,16,.295,.319,.432,.750,116,38,0,0,0,0,0,D/3
1974,hardyla01,Larry Hardy,26,SDP,NL,76,11,10,1,0,0,0,0,0,0,0,1,7,.000,.091,.000,.091,-72,0,0,0,0,0,0,1
1974,hargrmi01,Mike Hargrove,24,TEX,AL,131,477,415,57,134,18,6,4,66,0,0,49,42,.323,.395,.424,.819,140,176,11,4,4,5,4,3D/7
1974,harmote01,Terry Harmon,30,PHI,NL,27,20,15,5,2,0,0,0,0,0,0,3,3,.133,.278,.133,.411,16,2,0,0,2,0,0,/64
1974,harpeto01,Tommy Harper,33,BOS,AL,118,504,443,66,105,15,3,5,24,28,12,46,65,.237,.312,.318,.630,76,141,6,3,10,2,2,7D
1974,harrato01,Toby Harrah,25,TEX,AL,161,639,573,79,149,23,2,21,74,15,14,50,65,.260,.319,.417,.736,114,239,14,2,8,6,2,*6/5
1974,harrebu01,Bud Harrelson,30,NYM,NL,106,412,331,48,75,10,0,1,13,9,4,71,39,.227,.366,.266,.632,80,88,5,2,8,0,1,6
1974,harrivi01,Vic Harris,24,CHC,NL,62,236,200,18,39,6,3,0,11,9,3,29,26,.195,.294,.255,.549,53,51,2,0,4,2,3,4
1974,harriro01,Roric Harrison,27,ATL,NL,20,46,38,5,7,0,0,3,5,0,1,2,12,.184,.225,.421,.646,75,16,0,0,6,0,0,1
1974,hartji01,Jim Ray Hart,32,NYY,AL,10,22,19,1,1,0,0,0,0,0,0,3,7,.053,.182,.053,.234,-29,1,0,0,0,0,0,/D
1974,healyfr02,Fran Healy,27,KCR,AL,139,514,445,59,112,24,2,9,53,16,8,62,73,.252,.343,.375,.718,103,167,12,1,4,2,1,*2
1974,hebneri01,Richie Hebner,26,PIT,NL,146,632,550,97,160,21,6,18,68,0,3,60,53,.291,.363,.449,.812,131,247,13,6,5,7,5,*5
1974,heganmi01,Mike Hegan,31,TOT,AL,107,288,243,24,57,9,1,9,41,1,5,38,43,.235,.340,.391,.731,112,95,3,2,3,2,4,D39/7
1974,heganmi01,Mike Hegan,31,NYY,AL,18,62,53,3,12,2,0,2,9,1,1,5,9,.226,.317,.377,.694,101,20,2,2,2,0,0,3
1974,heganmi01,Mike Hegan,31,MIL,AL,89,226,190,21,45,7,1,7,32,0,4,33,34,.237,.347,.395,.741,115,75,1,0,1,2,4,D39/7
1974,heideja01,Jack Heidemann,24,TOT,MLB,59,88,81,10,20,1,0,0,3,0,0,5,12,.247,.291,.259,.550,56,21,2,0,2,0,0,6/534
1974,heideja01,Jack Heidemann,24,CLE,AL,12,11,11,2,1,0,0,0,0,0,0,0,2,.091,.091,.091,.182,-47,1,1,0,0,0,0,/5634
1974,heideja01,Jack Heidemann,24,STL,NL,47,77,70,8,19,1,0,0,3,0,0,5,10,.271,.320,.286,.606,71,20,1,0,2,0,0,6/5
1974,heintto01,Tom Heintzelman,27,STL,NL,38,83,74,10,17,4,0,1,6,0,0,9,14,.230,.313,.324,.638,79,24,0,0,0,0,0,4/56
1974,heisebo01,Bob Heise,27,TOT,MLB,32,90,82,7,21,7,0,0,6,0,1,5,10,.256,.299,.341,.640,89,28,2,0,3,0,0,4/56
1974,heisebo01,Bob Heise,27,STL,NL,3,7,7,0,1,0,0,0,0,0,0,0,0,.143,.143,.143,.286,-20,1,1,0,0,0,0,/4
1974,heisebo01,Bob Heise,27,CAL,AL,29,83,75,7,20,7,0,0,6,0,1,5,10,.267,.313,.360,.673,99,27,1,0,3,0,0,4/56
1974,helmsto01,Tommy Helms,33,HOU,NL,137,481,452,32,126,21,1,5,50,5,4,23,27,.279,.313,.363,.675,93,164,13,1,1,4,7,*4
1974,hendejo01,Joe Henderson,27,CHW,AL,1,1,1,0,0,0,0,0,0,0,0,0,0,.000,.000,.000,.000,-100,0,0,0,0,0,0,/1
1974,hendeke01,Ken Henderson,28,CHW,AL,162,680,602,76,176,35,5,20,95,12,7,66,112,.292,.360,.467,.827,134,281,16,2,2,8,9,*8
1974,hendrge01,George Hendrick,24,CLE,AL,139,534,495,65,138,23,1,19,67,6,4,33,73,.279,.322,.444,.767,120,220,17,1,0,5,4,*8/D7
1974,hendrel01,Elrod Hendricks,33,BAL,AL,66,180,159,18,33,8,2,3,8,0,0,17,25,.208,.283,.340,.623,82,54,2,1,0,3,4,2/3D
1974,hermore01,Remy Hermoso,26,CLE,AL,48,135,122,15,27,3,1,0,5,2,2,7,7,.221,.262,.262,.524,52,32,1,0,5,1,0,4
1974,hernaje01,Jesus Hernaiz,29,PHI,NL,27,3,2,0,0,0,0,0,0,0,0,0,1,.000,.000,.000,.000,-100,0,0,0,0,0,0,1
1974,hernaen01,Enzo Hernandez,25,SDP,NL,147,563,512,55,119,19,2,0,34,37,10,38,36,.232,.285,.277,.562,62,142,4,0,12,1,2,*6
1974,hernake01,Keith Hernandez,20,STL,NL,14,41,34,3,10,1,2,0,2,0,0,7,8,.294,.415,.441,.856,140,15,1,0,0,0,0,/3
1974,hernara01,Ramon Hernandez,33,PIT,NL,58,5,4,1,1,1,0,0,1,0,0,1,3,.250,.400,.500,.900,156,2,0,0,0,0,0,1
1974,herndla01,Larry Herndon,20,STL,NL,12,1,1,3,1,0,0,0,0,0,0,0,0,1.000,1.000,1.000,2.000,463,1,0,0,0,0,0,/8
1974,herrmed01,Ed Herrmann,27,CHW,AL,107,388,367,32,95,13,1,10,39,1,0,16,49,.259,.288,.381,.669,89,140,13,0,2,3,6,2
1974,hickmji02,Jim Hickman,37,STL,NL,50,68,60,5,16,0,0,2,4,0,0,8,10,.267,.353,.367,.720,102,22,3,0,0,0,0,3/5
1974,hillma01,Marc Hill,22,STL,NL,10,25,21,2,5,1,0,0,2,0,0,4,5,.238,.360,.286,.646,83,6,1,0,0,0,1,/2
1974,hiltoda01,Dave Hilton,23,SDP,NL,74,234,217,17,52,8,2,1,12,3,5,13,28,.240,.281,.309,.590,69,67,5,0,3,1,1,54
1974,hiserge01,Gene Hiser,25,CHC,NL,12,17,17,2,4,1,0,0,1,0,0,0,3,.235,.235,.294,.529,46,5,0,0,0,0,0,/789
1974,hislela01,Larry Hisle,27,MIN,AL,143,576,510,68,146,20,7,19,79,12,6,48,112,.286,.353,.465,.818,131,237,14,8,4,6,5,*789
1974,hodgero01,Ron Hodges,25,NYM,NL,59,158,136,16,30,4,0,4,14,0,0,19,11,.221,.310,.338,.648,83,46,2,0,0,3,3,2
1974,hoernjo01,Joe Hoerner,37,KCR,AL,1,0,0,0,0,0,0,0,0,0,0,0,0,,,,,,0,0,0,0,0,0,1
1974,holtji01,Jim Holt,30,TOT,AL,109,260,239,25,56,11,0,0,16,0,0,15,25,.234,.282,.280,.562,61,67,6,2,1,3,2,3/D97
1974,holtji01,Jim Holt,30,MIN,AL,79,215,197,24,50,11,0,0,16,0,0,14,16,.254,.302,.310,.612,74,61,6,1,0,3,2,3/97
1974,holtji01,Jim Holt,30,OAK,AL,30,45,42,1,6,0,0,0,0,0,0,1,9,.143,.182,.143,.325,-3,6,0,1,1,0,0,3/D
1974,holtzke01,Ken Holtzman,28,OAK,AL,1,0,0,0,0,0,0,0,0,0,0,0,0,,,,,,0,0,0,0,0,0,1
1974,hooddo01,Don Hood,24,BAL,AL,5,0,0,1,0,0,0,0,0,0,0,0,0,,,,,,0,0,0,0,0,0,1
1974,hootobu01,Burt Hooton,24,CHC,NL,48,60,50,1,3,1,0,0,1,0,0,2,22,.060,.113,.080,.193,-46,4,1,1,7,0,0,1
1974,hopkiga01,Gail Hopkins,31,LAD,NL,15,21,18,1,4,0,0,0,0,0,0,3,1,.222,.333,.222,.556,61,4,0,0,0,0,2,/32
1974,hortowi01,Willie Horton,31,DET,AL,72,263,238,32,71,8,1,15,47,0,1,21,36,.298,.361,.529,.891,152,126,6,3,0,1,3,7/D
1974,hosleti01,Tim Hosley,27,OAK,AL,11,10,7,3,2,0,0,0,1,0,0,1,2,.286,.333,.286,.619,85,2,0,0,1,1,0,/23
1974,houghch01,Charlie Hough,26,LAD,NL,49,16,12,0,0,0,0,0,0,0,0,1,2,.000,.077,.000,.077,-77,0,0,0,3,0,0,1
1974,houseto01,Tom House,27,ATL,NL,56,13,10,1,4,0,0,0,2,0,0,0,2,.400,.400,.400,.800,121,4,0,0,3,0,0,1
1974,howardo01,Doug Howard,26,CAL,AL,22,42,39,5,9,0,1,0,5,1,0,2,1,.231,.268,.282,.550,63,11,3,0,1,0,0,/83D7
1974,howarwi01,Wilbur Howard,25,HOU,NL,64,116,111,19,24,4,0,2,5,4,5,5,18,.216,.250,.306,.556,59,34,3,0,0,0,0,7/89
1974,howarji01,Jim Howarth,27,SFG,NL,6,4,4,0,0,0,0,0,0,0,0,0,0,.000,.000,.000,.000,-100,0,0,0,0,0,0,/7
1974,howear01,Art Howe,27,PIT,NL,29,85,74,10,18,4,1,1,5,0,0,9,13,.243,.321,.365,.686,96,27,1,0,0,1,0,5/6
1974,howelro02,Roy Howell,20,TEX,AL,13,47,44,2,11,1,0,1,3,0,0,2,10,.250,.283,.341,.624,82,15,0,0,1,0,0,5
1974,hraboal01,Al Hrabosky,24,STL,NL,66,14,13,2,4,0,1,0,2,0,0,0,2,.308,.308,.462,.769,114,6,0,0,1,0,0,1
1974,hudsore01,Rex Hudson,20,LAD,NL,1,0,0,0,0,0,0,0,0,0,0,0,0,,,,,,0,0,0,0,0,0,/1
1974,hughete01,Terry Hughes,25,BOS,AL,41,79,69,5,14,2,0,1,6,0,0,6,18,.203,.282,.275,.557,56,19,0,2,1,1,0,5/D
1974,humphte01,Terry Humphrey,24,MON,NL,20,58,52,3,10,3,0,0,3,0,0,4,9,.192,.246,.250,.496,37,13,0,0,1,1,0,2
1974,hundlra01,Randy Hundley,32,MIN,AL,32,93,88,2,17,2,0,0,3,0,0,4,12,.193,.228,.216,.444,27,19,4,0,1,0,0,2/D
1974,huntro01,Ron Hunt,33,TOT,NL,127,513,426,67,112,15,0,0,26,2,5,58,19,.263,.372,.298,.670,86,127,5,16,13,0,0,54/6
1974,huntro01,Ron Hunt,33,MON,NL,115,485,403,66,108,15,0,0,26,2,5,55,17,.268,.375,.305,.680,89,123,5,14,13,0,0,54/6
1974,huntro01,Ron Hunt,33,STL,NL,12,28,23,1,4,0,0,0,0,0,0,3,2,.174,.321,.174,.495,42,4,0,2,0,0,0,/4
1974,hunteca01,Catfish Hunter,28,OAK,AL,2,0,0,0,0,0,0,0,0,0,0,0,0,,,,,,0,0,0,0,0,0,1
1974,hutsohe01,Herb Hutson,24,CHC,NL,20,2,2,0,0,0,0,0,0,0,0,0,1,.000,.000,.000,.000,-100,0,0,0,0,0,0,1
1974,huttoto01,Tom Hutton,28,PHI,NL,96,242,208,32,50,6,3,4,33,2,2,30,13,.240,.331,.356,.686,90,74,5,0,0,4,8,37
1974,iviemi01,Mike Ivie,21,SDP,NL,12,36,34,1,3,0,0,1,3,0,0,2,8,.088,.139,.176,.315,-10,6,0,0,0,0,0,3
1974,jacksre01,Reggie Jackson,28,OAK,AL,148,604,506,90,146,25,1,29,93,25,5,86,105,.289,.391,.514,.905,166,260,8,4,0,8,20,*9D/8
1974,jacksso01,Sonny Jackson,29,ATL,NL,5,7,7,0,3,0,0,0,0,0,1,0,0,.429,.429,.429,.857,137,3,0,0,0,0,0,/9
1974,jenkife01,Fergie Jenkins,31,TEX,AL,1,2,2,1,1,0,0,0,0,0,0,0,1,.500,.500,.500,1.000,193,1,0,0,0,0,0,1
1974,jeterjo01,Johnny Jeter,29,CLE,AL,6,18,17,3,6,1,0,0,1,1,2,1,6,.353,.389,.412,.801,132,7,1,0,0,0,0,/78
1974,jimenju01,Juan Jimenez,25,PIT,NL,4,0,0,0,0,0,0,0,0,0,0,0,0,,,,,,0,0,0,0,0,0,/1
1974,johnto01,Tommy John,31,LAD,NL,22,62,51,0,6,2,0,0,2,0,0,2,10,.118,.151,.157,.308,-12,8,1,0,9,0,0,1
1974,johnsal01,Alex Johnson,31,TOT,AL,124,514,481,60,138,15,3,5,43,20,9,28,62,.287,.331,.362,.693,103,174,17,4,1,0,4,7D
1974,johnsal01,Alex Johnson,31,TEX,AL,114,486,453,57,132,14,3,4,41,20,9,28,59,.291,.338,.362,.700,105,164,17,4,1,0,4,7D
1974,johnsal01,Alex Johnson,31,NYY,AL,10,28,28,3,6,1,0,1,2,0,0,0,3,.214,.214,.357,.571,63,10,0,0,0,0,0,/D7
1974,johnscl01,Cliff Johnson,26,HOU,NL,83,210,171,26,39,4,1,10,29,0,1,33,45,.228,.357,.439,.796,127,75,5,3,0,3,1,23
1974,johnsda02,Davey Johnson,31,ATL,NL,136,540,454,56,114,18,0,15,62,1,2,75,59,.251,.358,.390,.748,107,177,17,3,4,4,6,34
1974,johnsde01,Deron Johnson,35,TOT,AL,110,389,351,30,60,4,2,13,43,2,0,32,84,.171,.237,.305,.542,57,107,11,0,1,5,4,D3
1974,johnsde01,Deron Johnson,35,OAK,AL,50,188,174,16,34,1,2,7,23,1,0,11,37,.195,.239,.345,.584,71,60,7,0,0,3,2,3D
1974,johnsde01,Deron Johnson,35,MIL,AL,49,174,152,14,23,3,0,6,18,1,0,21,41,.151,.253,.289,.542,57,44,4,0,0,1,2,D/3
1974,johnsde01,Deron Johnson,35,BOS,AL,11,27,25,0,3,0,0,0,2,0,0,0,6,.120,.115,.120,.235,-34,3,0,0,1,1,0,/D
1974,johnsje01,Jerry Johnson,30,HOU,NL,34,1,1,0,0,0,0,0,0,0,0,0,1,.000,.000,.000,.000,-100,0,0,0,0,0,0,1
1974,johnsla02,Lamar Johnson,23,CHW,AL,10,30,29,1,10,0,0,0,2,0,0,0,3,.345,.333,.345,.678,94,10,3,0,0,1,0,/3D
1974,johnsla01,Larry Johnson,23,CLE,AL,1,0,0,1,0,0,0,0,0,0,0,0,0,,,,,,0,0,0,0,0,0,
1974,johnsmi01,Mike Johnson,23,SDP,NL,18,0,0,0,0,0,0,0,0,0,0,0,0,,,,,,0,0,0,0,0,0,1
1974,johnsti01,Tim Johnson,24,MIL,AL,93,265,245,25,60,7,7,0,25,4,3,11,48,.245,.278,.331,.609,76,81,2,1,6,2,1,64/5D7
1974,johnsto02,Tom Johnson,23,MIN,AL,1,0,0,0,0,0,0,0,0,0,0,0,0,,,,,,0,0,0,0,0,0,/1
1974,johnsja01,Jay Johnstone,28,PHI,NL,64,224,200,30,59,10,4,6,30,5,5,24,28,.295,.371,.475,.846,132,95,2,0,0,0,4,97/8
1974,jonesbo02,Bob Jones,24,TEX,AL,2,5,5,0,0,0,0,0,0,0,0,0,1,.000,.000,.000,.000,-100,0,0,0,0,0,0,/7
1974,jonescl01,Cleon Jones,31,NYM,NL,124,510,461,62,130,23,1,13,60,3,3,38,79,.282,.343,.421,.763,114,194,11,6,2,3,3,*7/89
1974,jonesra01,Randy Jones,24,SDP,NL,46,70,65,4,10,1,0,0,2,0,0,2,29,.154,.179,.169,.348,0,11,0,0,3,0,0,1
1974,jorgemi01,Mike Jorgensen,25,MON,NL,131,366,287,45,89,16,1,11,59,3,5,70,39,.310,.444,.488,.931,156,140,4,2,3,4,5,37/9
1974,joshuvo01,Von Joshua,26,LAD,NL,81,134,124,11,29,5,1,1,16,3,2,7,17,.234,.276,.315,.591,68,39,3,1,0,2,5,87/9
1974,jutzesk01,Skip Jutze,28,HOU,NL,8,16,13,0,3,0,0,0,1,0,0,1,1,.231,.267,.231,.497,44,3,2,0,1,1,0,/2
1974,kaatji01,Jim Kaat,35,CHW,AL,1,1,1,0,0,0,0,0,0,0,0,0,0,.000,.000,.000,.000,-100,0,0,0,0,0,0,1
1974,kalinal01,Al Kaline,39,DET,AL,147,630,558,71,146,28,2,13,64,2,2,65,75,.262,.337,.389,.726,107,217,12,1,1,5,2,*D
1974,kellemi02,Mick Kelleher,26,HOU,NL,19,62,57,4,9,0,0,0,2,1,1,5,10,.158,.226,.158,.384,12,9,1,0,0,0,0,6
1974,kellypa01,Pat Kelly,29,CHW,AL,122,476,424,60,119,16,3,4,21,18,11,46,58,.281,.354,.361,.715,104,153,10,2,4,0,0,D9/7
1974,kendafr01,Fred Kendall,25,SDP,NL,141,479,424,32,98,15,2,8,45,0,1,49,33,.231,.308,.333,.641,84,141,13,0,2,4,7,*2
1974,kennejo03,John Kennedy,33,BOS,AL,10,16,15,3,2,0,0,1,1,0,0,1,6,.133,.188,.333,.521,43,5,2,0,0,0,0,/45
1974,kenneju01,Junior Kennedy,23,CIN,NL,22,25,19,2,3,0,0,0,0,0,0,6,4,.158,.360,.158,.518,50,3,1,0,0,0,1,4/5
1974,kessido01,Don Kessinger,31,CHC,NL,153,673,599,83,155,20,7,1,42,7,7,62,54,.259,.332,.321,.652,82,192,14,4,7,1,7,*6
1974,killeha01,Harmon Killebrew,38,MIN,AL,122,382,333,28,74,7,0,13,54,0,0,45,61,.222,.312,.360,.672,90,120,12,0,0,4,6,D3
1974,kingha01,Hal King,30,CIN,NL,20,20,17,1,3,1,0,0,3,0,0,3,4,.176,.300,.235,.535,52,4,0,0,0,0,0,/2
1974,kingmda01,Dave Kingman,25,SFG,NL,121,393,350,41,78,18,2,18,55,8,8,37,125,.223,.302,.440,.742,102,154,8,3,2,1,2,35/97
1974,kirbycl01,Clay Kirby,26,CIN,NL,36,88,74,4,7,0,0,0,3,0,0,6,36,.095,.163,.095,.257,-26,7,4,0,8,0,0,1
1974,kirkped01,Ed Kirkpatrick,29,PIT,NL,116,331,271,32,67,9,0,6,38,1,2,51,30,.247,.367,.347,.714,105,94,4,2,4,3,13,39/287
1974,kisonbr01,Bruce Kison,24,PIT,NL,40,44,37,1,4,1,0,0,0,0,0,3,17,.108,.214,.135,.349,1,5,0,2,2,0,0,1
1974,knighra01,Ray Knight,21,CIN,NL,14,12,11,1,2,1,0,0,2,0,0,1,2,.182,.250,.273,.523,47,3,1,0,0,0,0,5
1974,knowlda01,Darold Knowles,32,OAK,AL,5,0,0,0,0,0,0,0,0,0,0,0,0,,,,,,0,0,0,0,0,0,1
1974,knoxjo01,John Knox,25,DET,AL,55,95,88,11,27,1,1,0,6,5,4,6,13,.307,.351,.341,.692,99,30,4,0,1,0,0,4/D5
1974,koniedo01,Doug Konieczny,22,HOU,NL,6,4,4,0,0,0,0,0,0,0,0,0,1,.000,.000,.000,.000,-100,0,0,0,0,0,0,/1
1974,koosmje01,Jerry Koosman,31,NYM,NL,35,103,86,5,16,2,1,0,5,0,0,7,29,.186,.247,.233,.480,36,20,2,0,10,0,0,1
1974,koscoan01,Andy Kosco,32,CIN,NL,33,45,37,3,7,2,0,0,5,0,0,7,8,.189,.311,.243,.554,58,9,1,0,0,1,1,/579
1974,kraneed01,Ed Kranepool,29,NYM,NL,94,237,217,20,65,11,1,4,24,1,0,18,14,.300,.350,.415,.765,115,90,5,0,0,2,0,73/9
1974,krausle02,Lew Krausse,31,ATL,NL,29,10,6,1,2,0,0,1,2,0,0,2,2,.333,.500,.833,1.333,263,5,0,0,2,0,0,1
1974,kremmji01,Jim Kremmel,25,CHC,NL,23,4,3,1,0,0,0,0,0,0,0,1,3,.000,.250,.000,.250,-26,0,0,0,0,0,0,1
1974,kubiate01,Ted Kubiak,32,OAK,AL,99,243,220,22,46,3,0,0,18,1,1,18,15,.209,.268,.223,.491,47,49,10,0,4,1,0,465/D
1974,kuipedu01,Duane Kuiper,24,CLE,AL,10,24,22,7,11,2,0,0,4,1,1,2,2,.500,.542,.591,1.133,228,13,1,0,0,0,0,/4
1974,kusiccr01,Craig Kusick,25,MIN,AL,76,238,201,36,48,7,1,8,26,0,0,35,36,.239,.353,.403,.756,114,81,5,1,0,1,1,3
1974,lacocpe01,Pete LaCock,22,CHC,NL,35,125,110,9,20,4,1,1,8,0,0,12,16,.182,.268,.264,.532,48,29,2,1,2,0,2,93
1974,lacyle01,Lee Lacy,26,LAD,NL,48,83,78,13,22,6,0,0,8,2,0,2,14,.282,.293,.359,.652,85,28,0,0,1,2,0,4/5
1974,lahoujo01,Joe Lahoud,27,CAL,AL,127,377,325,46,88,16,3,13,44,4,5,47,57,.271,.367,.458,.825,143,149,6,3,1,1,3,79D
1974,lamonge01,Gene Lamont,27,DET,AL,60,100,92,9,20,4,0,3,8,0,0,7,19,.217,.273,.359,.631,80,33,1,0,1,0,0,2
1974,lanema01,Marv Lane,24,DET,AL,50,124,103,16,24,4,1,2,9,2,0,19,24,.233,.352,.350,.702,102,36,2,0,2,0,1,7/98D
1974,langedi01,Dick Lange,25,CAL,AL,8,0,0,0,0,0,0,0,0,0,0,0,0,,,,,,0,0,0,0,0,0,1/D
1974,larocda01,Dave LaRoche,26,CHC,NL,50,28,27,4,9,2,0,0,2,0,0,1,4,.333,.357,.407,.765,112,11,0,0,0,0,0,1
1974,lavelga01,Gary Lavelle,25,SFG,NL,10,4,2,0,0,0,0,0,0,0,0,0,2,.000,.000,.000,.000,-100,0,0,0,2,0,0,1
1974,laxtobi01,Bill Laxton,26,SDP,NL,30,6,5,0,1,0,0,0,0,0,0,1,3,.200,.333,.200,.533,56,1,0,0,0,0,0,1
1974,leele02,Leron Lee,26,CLE,AL,79,248,232,18,54,13,0,5,25,3,2,15,42,.233,.279,.353,.633,82,82,8,0,1,0,2,7/D9
1974,lefloro01,Ron LeFlore,26,DET,AL,59,272,254,37,66,8,1,2,13,23,9,13,58,.260,.301,.323,.624,79,82,3,3,0,2,0,8
1974,leoned01,Eddie Leon,27,CHW,AL,31,53,46,1,5,1,0,0,3,0,0,2,12,.109,.143,.130,.273,-22,6,4,0,4,1,0,6/45D
1974,leonma01,Max Leon,24,ATL,NL,34,17,15,0,2,0,0,0,2,0,0,0,3,.133,.125,.133,.258,-29,2,0,0,1,1,0,1
1974,lerscba01,Barry Lersch,29,STL,NL,1,0,0,0,0,0,0,0,0,0,0,0,0,,,,,,0,0,0,0,0,0,/1
1974,lezcasi01,Sixto Lezcano,20,MIL,AL,15,61,54,5,13,2,0,2,9,1,1,4,9,.241,.283,.389,.672,93,21,2,0,1,2,0,9
1974,lindja01,Jack Lind,28,MIL,AL,9,20,17,4,4,2,0,0,1,0,0,3,2,.235,.350,.353,.703,104,6,1,0,0,0,0,/64
1974,lindbpa01,Paul Lindblad,32,OAK,AL,3,0,0,0,0,0,0,0,0,0,0,0,0,,,,,,0,0,0,0,0,0,1
1974,lintzla01,Larry Lintz,24,MON,NL,113,388,319,60,76,10,1,0,20,50,7,44,50,.238,.334,.276,.610,69,88,2,2,23,0,0,46/5
1974,linzyfr01,Frank Linzy,33,PHI,NL,22,0,0,0,0,0,0,0,0,0,0,0,0,,,,,,0,0,0,0,0,0,1
1974,lisjo01,Joe Lis,27,TOT,AL,81,171,150,20,30,3,0,6,19,1,0,19,42,.200,.294,.340,.634,82,51,7,1,1,0,1,3/5D7
1974,lisjo01,Joe Lis,27,MIN,AL,24,48,41,5,8,0,0,0,3,0,0,5,12,.195,.298,.195,.493,42,8,2,1,1,0,0,3
1974,lisjo01,Joe Lis,27,CLE,AL,57,123,109,15,22,3,0,6,16,1,0,14,30,.202,.293,.394,.687,98,43,5,0,0,0,1,3/5D7
1974,llenawi01,Winston Llenas,30,CAL,AL,72,157,138,16,36,6,0,2,17,0,0,11,19,.261,.301,.348,.649,92,48,4,0,1,7,1,74D/95
1974,locklge01,Gene Locklear,24,SDP,NL,39,79,74,7,20,3,2,1,3,0,1,4,12,.270,.308,.405,.713,103,30,0,0,1,0,0,/79
1974,lonboji01,Jim Lonborg,32,PHI,NL,39,111,94,3,9,2,0,1,8,0,0,5,44,.096,.140,.149,.289,-20,14,0,0,11,1,0,1
1974,lopesda01,Davey Lopes,29,LAD,NL,145,613,530,95,141,26,3,10,35,59,18,66,71,.266,.350,.383,.733,109,203,10,4,10,3,3,*4
1974,lovitjo01,Joe Lovitto,23,TEX,AL,113,313,283,27,63,9,3,2,26,6,8,25,36,.223,.285,.297,.582,70,84,10,0,4,1,4,8/39
1974,lowenjo01,John Lowenstein,27,CLE,AL,140,574,508,65,123,14,2,8,48,36,17,53,85,.242,.313,.325,.638,85,165,6,2,6,5,2,753/894D
1974,lummi01,Mike Lum,28,ATL,NL,106,411,361,50,84,11,2,11,50,0,2,45,49,.233,.319,.366,.684,89,132,9,2,0,3,12,397/8
1974,lundsto01,Tom Lundstedt,25,CHC,NL,22,37,32,1,3,0,0,0,0,0,0,5,7,.094,.216,.094,.310,-12,3,0,0,0,0,0,2
1974,luzingr01,Greg Luzinski,23,PHI,NL,85,336,302,29,82,14,1,7,48,3,0,29,76,.272,.330,.394,.724,99,119,8,0,0,5,3,7
1974,lylesp01,Sparky Lyle,29,NYY,AL,4,1,1,0,0,0,0,0,0,0,0,0,0,.000,.000,.000,.000,-100,0,0,0,0,0,0,1
1974,lynnfr01,Fred Lynn,22,BOS,AL,15,51,43,5,18,2,2,2,10,0,0,6,6,.419,.490,.698,1.188,229,30,0,1,0,1,2,/789D
1974,lyttlji01,Jim Lyttle,28,MON,NL,25,11,9,1,3,0,0,0,2,0,0,1,3,.333,.364,.333,.697,93,3,0,0,0,1,1,7/8
1974,machake01,Ken Macha,23,PIT,NL,5,5,5,1,3,1,0,0,1,0,0,0,0,.600,.600,.800,1.400,297,4,0,0,0,0,0,/2
1974,mackape01,Pete Mackanin,22,TEX,AL,2,6,6,0,1,0,1,0,0,0,0,0,2,.167,.167,.500,.667,89,3,0,0,0,0,0,/6
1974,maddoel01,Elliott Maddox,26,NYY,AL,137,550,466,75,141,26,2,3,45,6,5,69,48,.303,.395,.386,.781,127,180,11,4,8,3,4,*89/45
1974,maddoga01,Garry Maddox,24,SFG,NL,135,574,538,74,153,31,3,8,50,21,9,29,64,.284,.322,.398,.720,97,214,9,3,0,4,3,*8
1974,madlobi01,Bill Madlock,23,CHC,NL,128,509,453,65,142,21,5,9,54,11,7,42,39,.313,.374,.442,.815,125,200,15,5,3,6,8,*5
1974,manguan01,Angel Mangual,27,OAK,AL,115,387,365,37,85,14,4,9,43,3,0,17,59,.233,.265,.367,.632,86,134,4,0,2,3,2,D987/5
1974,mangupe01,Pepe Mangual,22,MON,NL,23,69,61,10,19,3,0,0,4,5,0,5,15,.311,.353,.361,.714,97,22,0,0,1,2,0,7/98
1974,manuech01,Charlie Manuel,30,LAD,NL,4,4,3,0,1,0,0,0,1,0,0,1,0,.333,.500,.333,.833,142,1,0,0,0,0,0,
1974,marqugo01,Gonzalo Marquez,34,CHC,NL,11,12,11,1,0,0,0,0,0,0,0,1,2,.000,.083,.000,.083,-75,0,0,0,0,0,1,/3
1974,marshmi01,Mike Marshall,31,LAD,NL,106,36,34,2,8,0,0,0,2,0,0,0,3,.235,.235,.235,.471,35,8,0,0,2,0,0,1
1974,martije01,Jerry Martin,25,PHI,NL,13,15,14,2,3,1,0,0,1,0,0,1,5,.214,.267,.286,.552,53,4,2,0,0,0,0,/789
1974,martibu01,Buck Martinez,25,KCR,AL,43,123,107,10,23,3,1,1,8,0,1,14,19,.215,.317,.290,.607,73,31,1,2,0,0,0,2
1974,martite01,Ted Martinez,26,NYM,NL,116,355,334,32,73,15,7,2,43,3,2,14,40,.219,.247,.323,.571,60,108,13,0,3,4,4,6548
1974,masonji01,Jim Mason,23,NYY,AL,152,487,440,41,110,18,6,5,37,1,2,35,87,.250,.302,.352,.654,89,155,6,0,7,5,1,*6
1974,matlajo01,Jon Matlack,24,NYM,NL,34,96,79,3,8,0,0,0,8,0,0,5,34,.101,.153,.101,.254,-27,8,1,0,11,1,0,1
1974,matthga01,Gary Matthews,23,SFG,NL,154,638,561,87,161,27,6,16,82,11,9,70,69,.287,.368,.442,.810,122,248,15,3,2,2,5,*7
1974,maxvida01,Dal Maxvill,35,TOT,MLB,68,90,74,6,14,0,0,0,2,0,0,10,14,.189,.286,.189,.475,41,14,2,0,6,0,0,64/5
1974,maxvida01,Dal Maxvill,35,PIT,NL,8,24,22,3,4,0,0,0,0,0,0,2,4,.182,.250,.182,.432,25,4,1,0,0,0,0,/6
1974,maxvida01,Dal Maxvill,35,OAK,AL,60,66,52,3,10,0,0,0,2,0,0,8,10,.192,.300,.192,.492,49,10,1,0,6,0,0,46/5
1974,mayca01,Carlos May,26,CHW,AL,149,604,551,66,137,19,2,8,58,8,9,46,76,.249,.306,.334,.640,82,184,9,1,2,4,3,*7D
1974,mayda01,Dave May,30,MIL,AL,135,515,477,56,108,15,1,10,42,4,3,28,73,.226,.273,.325,.598,73,155,10,3,6,1,4,*98/D7
1974,mayle01,Lee May,31,HOU,NL,152,590,556,59,149,26,0,24,85,1,0,17,97,.268,.294,.444,.738,109,247,12,7,1,9,2,*3
1974,maymi01,Milt May,23,HOU,NL,127,453,405,47,117,17,4,7,54,0,1,39,33,.289,.349,.402,.751,115,163,9,1,3,5,8,*2
1974,maybejo01,John Mayberry,25,KCR,AL,126,513,427,63,100,13,1,22,69,4,2,77,72,.234,.358,.424,.782,120,181,4,6,1,1,11,3D
1974,mcanaer01,Ernie McAnally,27,MON,NL,25,45,42,2,5,0,0,0,0,0,0,1,16,.119,.140,.119,.259,-28,5,0,0,2,0,0,1
1974,mcandji01,Jim McAndrew,30,SDP,NL,15,10,7,0,1,0,0,0,0,0,0,1,1,.143,.250,.143,.393,15,1,0,0,2,0,0,1
1974,mcauldi01,Dick McAuliffe,34,BOS,AL,100,316,272,32,57,13,1,5,24,2,0,39,40,.210,.310,.320,.630,76,87,7,1,3,1,5,45/D6
1974,mcbriba01,Bake McBride,25,STL,NL,150,625,559,81,173,19,5,6,56,30,11,43,57,.309,.369,.394,.763,114,220,7,13,5,5,9,*8
1974,mccarti01,Tim McCarver,32,TOT,MLB,85,170,134,16,30,1,1,0,12,1,1,26,7,.224,.351,.246,.597,70,33,2,3,2,5,2,2/3D
1974,mccarti01,Tim McCarver,32,STL,NL,74,136,106,13,23,0,1,0,11,0,1,22,6,.217,.353,.236,.589,68,25,2,3,0,5,0,2/3
1974,mccarti01,Tim McCarver,32,BOS,AL,11,34,28,3,7,1,0,0,1,1,0,4,1,.250,.344,.286,.629,78,8,0,0,2,0,2,/2D
1974,mccovwi01,Willie McCovey,36,SDP,NL,128,443,344,53,87,19,1,22,63,1,0,96,76,.253,.416,.506,.922,164,174,8,1,0,1,9,3
1974,mccrato01,Tommy McCraw,33,TOT,AL,101,252,231,38,68,16,0,6,34,2,2,17,24,.294,.343,.442,.784,129,102,7,1,1,2,2,3/79D8
1974,mccrato01,Tommy McCraw,33,CAL,AL,56,132,119,21,34,8,0,3,17,2,1,12,13,.286,.348,.429,.777,129,51,3,0,0,1,2,3/79D
1974,mccrato01,Tommy McCraw,33,CLE,AL,45,120,112,17,34,8,0,3,17,0,1,5,11,.304,.336,.455,.791,128,51,4,1,1,1,0,3/8
1974,mcenawi01,Will McEnaney,22,CIN,NL,24,0,0,0,0,0,0,0,0,0,0,0,0,,,,,,0,0,0,0,0,0,1
1974,mcgloly01,Lynn McGlothen,24,STL,NL,31,88,83,3,15,1,0,0,4,0,0,2,19,.181,.200,.193,.393,11,16,1,0,3,0,0,1
1974,mcgratu01,Tug McGraw,29,NYM,NL,41,17,14,2,1,1,0,0,3,0,0,2,5,.071,.188,.143,.330,-6,2,0,0,1,0,0,1
1974,mcintjo01,Joe McIntosh,22,SDP,NL,10,11,10,0,0,0,0,0,0,0,0,0,2,.000,.000,.000,.000,-100,0,1,0,1,0,0,1
1974,mckinri01,Rich McKinney,27,OAK,AL,5,7,7,0,1,0,0,0,0,0,0,0,0,.143,.143,.143,.286,-15,1,0,0,0,0,0,/4
1974,mcmahdo02,Don McMahon,44,SFG,NL,9,0,0,0,0,0,0,0,0,0,0,0,0,,,,,,0,0,0,0,0,0,/1
1974,mcmulke01,Ken McMullen,32,LAD,NL,44,63,60,5,15,1,0,3,12,0,0,2,12,.250,.274,.417,.691,95,25,1,0,1,0,0,/54
1974,mcquemi01,Mike McQueen,23,CIN,NL,10,1,1,0,1,0,0,0,0,0,0,0,0,1.000,1.000,1.000,2.000,465,1,0,0,0,0,0,1
1974,mcraeha01,Hal McRae,28,KCR,AL,148,607,539,71,167,36,4,15,88,11,8,54,68,.310,.375,.475,.850,139,256,12,5,5,4,6,D79/5
1974,medicdo01,Doc Medich,25,NYY,AL,1,0,0,0,0,0,0,0,0,0,0,0,0,,,,,,0,0,0,0,0,0,1
1974,melenlu01,Luis Melendez,24,STL,NL,83,140,124,15,27,4,3,0,8,2,2,11,9,.218,.283,.298,.581,63,37,1,1,2,2,0,879/6
1974,meltobi01,Bill Melton,28,CHW,AL,136,570,495,63,120,17,0,21,63,3,2,59,60,.242,.326,.404,.730,107,200,16,5,5,6,3,*5D
1974,mendoma01,Mario Mendoza,23,PIT,NL,91,177,163,10,36,1,2,0,15,1,1,8,35,.221,.259,.252,.510,46,41,6,1,3,2,2,6
1974,menkede01,Denis Menke,33,HOU,NL,30,34,29,2,3,1,0,0,1,0,0,4,10,.103,.206,.138,.344,0,4,1,0,0,1,0,3/546
1974,meoliru01,Rudy Meoli,23,CAL,AL,36,100,90,9,22,2,0,0,3,2,4,8,10,.244,.306,.267,.573,71,24,3,0,2,0,0,5/6D34
1974,messean01,Andy Messersmith,28,LAD,NL,39,113,96,12,23,8,0,1,11,0,0,11,28,.240,.312,.354,.666,90,34,1,0,4,2,0,1
1974,metzgbu01,Butch Metzger,22,SFG,NL,10,0,0,0,0,0,0,0,0,0,0,0,0,,,,,,0,0,0,0,0,0,1
1974,metzgro01,Roger Metzger,26,HOU,NL,143,633,572,66,145,18,10,0,30,9,7,37,73,.253,.297,.320,.617,77,183,13,0,21,3,1,*6
1974,meyerda01,Dan Meyer,21,DET,AL,13,52,50,5,10,1,1,3,7,1,0,1,1,.200,.231,.440,.671,88,22,2,1,0,0,1,7
1974,michage01,Gene Michael,36,NYY,AL,81,193,177,19,46,9,0,0,13,0,0,14,24,.260,.313,.311,.623,81,55,6,0,1,1,0,46/5
1974,milbola01,Larry Milbourne,23,HOU,NL,112,148,136,31,38,2,1,0,9,6,2,10,14,.279,.329,.309,.638,84,42,1,0,2,0,0,4/67
1974,millafe01,Felix Millan,30,NYM,NL,136,585,518,50,139,15,2,1,33,5,1,31,14,.268,.317,.311,.628,78,161,12,8,24,4,2,*4
1974,millebo04,Bob Miller,35,NYM,NL,58,9,9,0,1,1,0,0,0,0,0,0,4,.111,.111,.222,.333,-8,2,0,0,0,0,0,1
1974,millebr01,Bruce Miller,27,SFG,NL,73,215,198,19,55,7,1,0,16,1,1,11,15,.278,.316,.323,.639,76,64,7,1,3,2,2,56/4
1974,milleno01,Norm Miller,28,ATL,NL,42,48,41,1,7,1,0,1,5,0,0,7,9,.171,.292,.268,.560,55,11,0,0,0,0,1,/97
1974,milleri01,Rick Miller,26,BOS,AL,114,323,280,41,73,8,1,5,22,13,2,37,47,.261,.347,.350,.697,95,98,4,0,6,0,2,87/9
1974,milnejo01,John Milner,24,NYM,NL,137,576,507,70,128,19,0,20,63,10,2,66,77,.252,.337,.408,.745,109,207,18,0,0,3,9,*3
1974,mingost01,Steve Mingori,30,KCR,AL,1,0,0,0,0,0,0,0,0,0,0,0,0,,,,,,0,0,0,0,0,0,1
1974,minshji01,Jim Minshall,26,PIT,NL,5,0,0,0,0,0,0,0,0,0,0,0,0,,,,,,0,0,0,0,0,0,/1
1974,mitchbo02,Bobby Mitchell,30,MIL,AL,88,194,173,27,42,6,2,5,20,7,6,18,46,.243,.314,.387,.702,103,67,3,1,0,2,1,D97/8
1974,mittege01,George Mitterwald,29,CHC,NL,78,240,215,17,54,7,0,7,28,1,3,18,42,.251,.310,.381,.691,91,82,4,2,1,4,4,2
1974,moateda01,Dave Moates,26,TEX,AL,1,0,0,0,0,0,0,0,0,0,0,0,0,,,,,,0,0,0,0,0,0,/D
1974,moffira01,Randy Moffitt,25,SFG,NL,61,19,16,1,5,0,1,0,3,0,0,1,3,.313,.353,.438,.790,116,7,0,0,2,0,0,1
1974,mondari01,Rick Monday,28,CHC,NL,142,617,538,84,158,19,7,20,58,7,9,70,94,.294,.375,.467,.842,132,251,4,2,4,3,6,*8
1974,moneydo01,Don Money,27,MIL,AL,159,709,629,85,178,32,3,15,65,19,6,62,80,.283,.346,.415,.761,120,261,11,2,10,6,5,*5/D4
1974,montajo01,John Montague,26,MON,NL,46,12,10,0,1,0,0,0,0,0,0,2,4,.100,.250,.100,.350,-1,1,0,0,0,0,0,1
1974,montawi01,Willie Montanez,26,PHI,NL,143,571,527,55,160,33,1,7,79,3,6,32,57,.304,.343,.410,.753,107,216,9,3,2,7,6,*3/9
1974,montejo01,John Montefusco,24,SFG,NL,7,15,14,5,4,0,0,2,3,0,0,1,4,.286,.333,.714,1.048,182,10,0,0,0,0,0,/1
1974,montgbo01,Bob Montgomery,30,BOS,AL,88,277,254,26,64,10,0,4,38,3,0,13,50,.252,.287,.339,.625,74,86,9,1,5,4,1,2/D
1974,mooreba02,Balor Moore,23,MON,NL,8,2,2,0,0,0,0,0,0,0,0,0,1,.000,.000,.000,.000,-100,0,0,0,0,0,0,/1
1974,moorech02,Charlie Moore,21,MIL,AL,72,225,204,17,50,10,4,0,19,3,4,21,34,.245,.316,.333,.649,88,68,4,0,0,0,0,2/D
1974,moosebo01,Bob Moose,26,PIT,NL,7,13,11,2,2,0,0,0,0,0,0,2,3,.182,.308,.182,.490,42,2,0,0,0,0,0,/1
1974,moralje01,Jerry Morales,25,CHC,NL,151,590,534,70,146,21,7,15,82,2,12,46,63,.273,.330,.423,.754,108,226,15,2,3,5,3,*798
1974,moraljo01,Jose Morales,29,MON,NL,25,27,26,3,7,4,0,1,5,0,0,1,7,.269,.296,.538,.835,126,14,2,0,0,0,0,/2
1974,moralri01,Rich Morales,30,SDP,NL,54,73,61,8,12,3,0,1,5,1,0,8,6,.197,.290,.295,.585,68,18,2,0,4,0,1,64/53
1974,moretro01,Roger Moret,24,BOS,AL,1,0,0,0,0,0,0,0,0,0,0,0,0,,,,,,0,0,0,0,0,0,1
1974,morgajo02,Joe Morgan,30,CIN,NL,149,641,512,107,150,31,3,22,67,58,12,120,69,.293,.427,.494,.921,159,253,7,3,1,5,8,*4
1974,morlajo01,John Morlan,26,PIT,NL,39,8,7,0,0,0,0,0,0,0,0,1,2,.000,.125,.000,.125,-62,0,1,0,0,0,0,1
1974,morrijo06,John Morris,32,SFG,NL,17,1,1,0,1,0,0,0,0,0,0,0,0,1.000,1.000,1.000,2.000,451,1,0,0,0,0,0,1
1974,mortoca01,Carl Morton,30,ATL,NL,38,107,89,8,10,1,0,0,1,0,0,6,33,.112,.168,.124,.292,-18,11,2,0,12,0,0,1
1974,mosesje01,Jerry Moses,27,DET,AL,74,215,198,19,47,6,3,4,19,0,1,11,38,.237,.282,.359,.640,82,71,5,2,2,2,2,2
1974,motama01,Manny Mota,36,LAD,NL,66,72,57,5,16,2,0,0,16,0,0,5,4,.281,.328,.316,.644,85,18,0,1,5,4,4,/7
1974,mottocu01,Curt Motton,33,BAL,AL,7,10,8,0,0,0,0,0,0,0,0,2,2,.000,.200,.000,.200,-37,0,0,0,0,0,0,/9D
1974,mumphje01,Jerry Mumphrey,21,STL,NL,5,2,2,2,0,0,0,0,0,0,0,0,0,.000,.000,.000,.000,-100,0,0,0,0,0,0,/7
1974,munsoth01,Thurman Munson,27,NYY,AL,144,571,517,64,135,19,2,13,60,2,0,44,66,.261,.316,.381,.697,101,197,14,1,1,8,12,*2/D
1974,murcebo01,Bobby Murcer,28,NYY,AL,156,679,606,69,166,25,4,10,88,14,5,57,59,.274,.332,.378,.710,106,229,11,2,2,12,10,*98
1974,murphto02,Tom Murphy,28,MIL,AL,1,2,2,0,1,0,0,0,0,0,0,0,0,.500,.500,.500,1.000,191,1,0,0,0,0,0,1
1974,murrada01,Dale Murray,24,MON,NL,32,11,10,0,0,0,0,0,0,0,0,1,3,.000,.091,.000,.091,-73,0,0,0,0,0,0,1
1974,murrala01,Larry Murray,21,NYY,AL,6,1,1,1,0,0,0,0,0,0,1,0,0,.000,.000,.000,.000,-100,0,0,0,0,0,0,/987
1974,murreiv01,Ivan Murrell,31,ATL,NL,73,139,133,11,33,1,1,2,12,0,0,5,35,.248,.273,.316,.589,62,42,2,0,0,1,1,937/8
1974,muserto01,Tony Muser,26,CHW,AL,103,218,206,16,60,5,1,1,18,1,4,6,22,.291,.313,.340,.653,86,70,6,1,4,1,0,3D
1974,nagymi01,Mike Nagy,26,HOU,NL,9,1,1,0,0,0,0,0,0,0,0,0,0,.000,.000,.000,.000,-100,0,0,0,0,0,0,/1
1974,nelsoda01,Dave Nelson,30,TEX,AL,121,526,474,71,112,13,1,3,42,25,13,34,72,.236,.291,.287,.578,70,136,17,4,11,3,0,*4/D
1974,nelsoro02,Roger Nelson,30,CIN,NL,14,32,28,3,5,0,0,0,4,0,0,2,7,.179,.233,.179,.412,17,5,0,0,2,0,0,1
1974,nettlgr01,Graig Nettles,29,NYY,AL,155,638,566,74,139,21,1,22,75,1,0,59,75,.246,.316,.403,.718,107,228,9,3,1,9,8,*5/6
1974,nettlji01,Jim Nettles,27,DET,AL,43,159,141,20,32,5,1,6,17,3,4,15,26,.227,.306,.404,.710,102,57,1,1,2,0,1,9/78
1974,nettlmo01,Morris Nettles,22,CAL,AL,56,193,175,27,48,4,0,0,8,20,11,16,38,.274,.335,.297,.632,89,52,3,0,2,0,0,89/7
1974,niekrjo01,Joe Niekro,29,ATL,NL,27,6,5,0,0,0,0,0,0,0,0,0,1,.000,.000,.000,.000,-100,0,0,0,1,0,0,1
1974,niekrph01,Phil Niekro,35,ATL,NL,41,118,104,5,20,2,0,0,11,0,0,3,18,.192,.220,.212,.432,20,22,1,1,9,1,0,1
1974,nordbti01,Tim Nordbrook,24,BAL,AL,6,17,15,4,4,0,0,0,1,1,0,2,2,.267,.353,.267,.620,83,4,0,0,0,0,0,/64
1974,normafr01,Fred Norman,31,CIN,NL,35,70,61,3,8,0,0,0,6,0,0,2,20,.131,.159,.131,.290,-18,8,1,0,7,0,0,1
1974,northbi01,Bill North,26,OAK,AL,149,630,543,79,141,20,5,4,33,54,26,69,86,.260,.347,.337,.684,104,183,9,5,11,2,1,*8/D
1974,northji01,Jim Northrup,34,TOT,MLB,126,485,437,46,106,13,1,14,53,0,0,43,56,.243,.308,.373,.681,93,163,10,0,1,4,6,*97/8D
1974,northji01,Jim Northrup,34,TOT,AL,105,426,383,43,93,12,1,12,45,0,0,38,47,.243,.308,.373,.682,94,143,7,0,1,4,5,9/78D
1974,northji01,Jim Northrup,34,DET,AL,97,417,376,41,89,12,1,11,42,0,0,36,46,.237,.300,.362,.662,89,136,7,0,1,4,4,9/8
1974,northji01,Jim Northrup,34,MON,NL,21,59,54,3,13,1,0,2,8,0,0,5,9,.241,.305,.370,.675,85,20,3,0,0,0,1,/79
1974,northji01,Jim Northrup,34,BAL,AL,8,9,7,2,4,0,0,1,3,0,0,2,1,.571,.667,1.000,1.667,382,7,0,0,0,0,1,/79D
1974,nymanny01,Nyls Nyman,20,CHW,AL,5,15,14,5,9,2,1,0,4,1,0,0,1,.643,.667,.929,1.595,351,13,1,1,0,0,0,/7D
1974,oatesjo01,Johnny Oates,28,ATL,NL,100,327,291,22,65,10,0,1,21,2,3,23,24,.223,.278,.268,.547,51,78,4,0,11,2,10,2
1974,odombl01,Blue Moon Odom,29,OAK,AL,12,0,0,3,0,0,0,0,0,0,0,0,0,,,,,,0,0,0,0,0,0,1/D
1974,officro01,Rowland Office,21,ATL,NL,131,268,248,20,61,16,1,3,31,5,3,16,30,.246,.288,.355,.643,77,88,9,0,1,3,2,*8
1974,oglivbe01,Ben Oglivie,25,DET,AL,92,289,252,28,68,11,3,4,29,12,3,34,38,.270,.353,.385,.738,111,97,5,0,0,3,6,73/D9
1974,olivato01,Tony Oliva,35,MIN,AL,127,494,459,43,131,16,2,13,57,0,1,27,31,.285,.325,.414,.739,109,190,14,2,2,4,11,*D
1974,oliveal01,Al Oliver,27,PIT,NL,147,661,617,96,198,38,12,11,85,10,1,33,58,.321,.358,.475,.832,136,293,20,5,1,5,1,83
1974,olivebo01,Bob Oliver,31,TOT,AL,119,402,379,23,92,11,1,8,59,3,2,16,56,.243,.271,.340,.612,80,129,21,1,0,6,2,35/9D7
1974,olivebo01,Bob Oliver,31,CAL,AL,110,382,359,22,89,9,1,8,55,2,1,16,51,.248,.277,.345,.623,84,124,21,1,0,6,2,35/9D7
1974,olivebo01,Bob Oliver,31,BAL,AL,9,20,20,1,3,2,0,0,4,1,1,0,5,.150,.150,.250,.400,15,5,0,0,0,0,0,/3D
1974,ontivst01,Steve Ontiveros,22,SFG,NL,120,403,343,45,91,15,1,4,33,0,0,57,41,.265,.375,.350,.725,100,120,12,3,0,0,4,53/97
1974,ortajo01,Jorge Orta,23,CHW,AL,139,578,525,73,166,31,2,10,67,9,5,40,88,.316,.365,.440,.805,129,231,8,3,6,4,1,*4D/6
1974,osburpa01,Pat Osburn,25,CIN,NL,6,2,2,0,0,0,0,0,0,0,0,0,1,.000,.000,.000,.000,-100,0,0,0,0,0,0,/1
1974,osteecl01,Claude Osteen,34,TOT,NL,31,55,53,4,13,4,0,0,3,0,0,0,11,.245,.245,.321,.566,61,17,0,0,2,0,0,1
1974,osteecl01,Claude Osteen,34,HOU,NL,23,48,46,4,13,4,0,0,3,0,0,0,10,.283,.283,.370,.652,86,17,0,0,2,0,0,1
1974,osteecl01,Claude Osteen,34,STL,NL,8,7,7,0,0,0,0,0,0,0,0,0,1,.000,.000,.000,.000,-100,0,0,0,0,0,0,/1
1974,otisam01,Amos Otis,27,KCR,AL,146,632,552,87,157,31,9,12,73,18,5,58,67,.284,.348,.438,.786,121,242,16,2,8,12,4,*8/D
1974,otted01,Ed Ott,22,PIT,NL,7,5,5,1,0,0,0,0,0,0,0,0,1,.000,.000,.000,.000,-100,0,0,0,0,0,0,/9
1974,pacioto01,Tom Paciorek,27,LAD,NL,85,189,175,23,42,8,6,1,24,1,3,10,32,.240,.282,.371,.653,85,65,3,1,1,2,1,789/3
1974,paepkde01,Dennis Paepke,29,KCR,AL,6,13,12,0,2,0,0,0,0,0,1,1,2,.167,.231,.167,.397,14,2,1,0,0,0,0,/29
1974,palmelo01,Lowell Palmer,26,SDP,NL,23,23,23,2,2,0,1,0,0,0,0,0,15,.087,.087,.174,.261,-27,4,0,0,0,0,0,1
1974,papist01,Stan Papi,23,STL,NL,8,4,4,0,1,0,0,0,1,0,0,0,0,.250,.250,.250,.500,41,1,0,0,0,0,0,/64
1974,parkeda01,Dave Parker,23,PIT,NL,73,233,220,27,62,10,3,4,29,3,3,10,53,.282,.322,.409,.731,108,90,3,3,0,0,1,987/3
1974,parkeha01,Harry Parker,26,NYM,NL,40,41,36,1,0,0,0,0,1,0,0,2,20,.000,.053,.000,.053,-84,0,0,0,3,0,0,1
1974,parrila01,Larry Parrish,20,MON,NL,25,79,69,9,14,5,0,0,4,0,0,6,19,.203,.286,.275,.561,55,19,1,2,2,0,2,5
1974,pasleke01,Kevin Pasley,20,LAD,NL,1,0,0,0,0,0,0,0,0,0,0,0,0,,,,,,0,0,0,0,0,0,/2
1974,patekfr01,Freddie Patek,29,KCR,AL,149,630,537,72,121,18,6,3,38,33,15,77,69,.225,.324,.298,.622,77,160,7,3,9,4,1,*6
1974,patteda02,Daryl Patterson,30,PIT,NL,14,4,4,0,0,0,0,0,0,0,0,0,2,.000,.000,.000,.000,-100,0,0,0,0,0,0,1
1974,pattima01,Marty Pattin,31,KCR,AL,1,0,0,0,0,0,0,0,0,0,0,0,0,,,,,,0,0,0,0,0,0,1
1974,paulmi01,Mike Paul,29,CHC,NL,2,0,0,0,0,0,0,0,0,0,0,0,0,,,,,,0,0,0,0,0,0,/1
1974,pembebr01,Brock Pemberton,20,NYM,NL,11,22,22,0,4,0,0,0,1,0,1,0,3,.182,.182,.182,.364,3,4,0,0,0,0,0,/3
1974,penaor01,Orlando Pena,40,TOT,MLB,42,2,2,0,1,0,0,0,0,0,0,0,1,.500,.500,.500,1.000,181,1,0,0,0,0,0,1
1974,penaor01,Orlando Pena,40,STL,NL,42,2,2,0,1,0,0,0,0,0,0,0,1,.500,.500,.500,1.000,181,1,0,0,0,0,0,1
1974,perezma01,Marty Perez,28,ATL,NL,127,491,447,51,116,20,5,2,34,2,0,35,51,.260,.314,.340,.654,81,152,13,1,7,1,1,46/5
1974,perezto01,Tony Perez,32,CIN,NL,158,667,596,81,158,28,2,28,101,1,3,61,112,.265,.331,.460,.791,121,274,17,2,0,8,7,*3
1974,petrori01,Rico Petrocelli,31,BOS,AL,129,509,454,53,121,23,1,15,76,1,0,48,74,.267,.336,.421,.757,110,191,11,2,0,5,4,*5/D
1974,phillmi01,Mike Phillips,23,SFG,NL,100,301,283,19,62,6,1,2,20,4,5,14,37,.219,.258,.269,.526,45,76,4,1,2,1,0,546
1974,piercja01,Jack Pierce,25,ATL,NL,6,10,9,1,1,0,0,0,0,0,0,1,0,.111,.200,.111,.311,-12,1,0,0,0,0,0,/3
1974,pinaho01,Horacio Pina,29,TOT,MLB,34,5,5,0,1,0,0,0,0,0,0,0,0,.200,.200,.200,.400,11,1,0,0,0,0,0,1
1974,pinaho01,Horacio Pina,29,CHC,NL,34,5,5,0,1,0,0,0,0,0,0,0,0,.200,.200,.200,.400,11,1,0,0,0,0,0,1
1974,pinielo01,Lou Piniella,30,NYY,AL,140,567,518,71,158,26,0,9,70,1,8,32,58,.305,.341,.407,.748,116,211,18,2,4,11,7,*79/D3
1974,pinsova01,Vada Pinson,35,KCR,AL,115,436,406,46,112,18,2,6,41,21,5,21,45,.276,.312,.374,.686,93,152,6,2,3,4,4,*97/8D3
1974,pitlosk01,Skip Pitlock,26,CHW,AL,2,0,0,0,0,0,0,0,0,0,0,0,0,,,,,,0,0,0,0,0,0,1
1974,pittsga01,Gaylen Pitts,28,OAK,AL,18,47,41,4,10,3,0,0,3,0,0,5,4,.244,.326,.317,.643,91,13,1,0,1,0,0,5/43
1974,pizarju01,Juan Pizarro,37,PIT,NL,7,6,6,0,2,0,0,0,0,0,0,0,1,.333,.333,.333,.667,91,2,0,0,0,0,0,/1
1974,plummbi01,Bill Plummer,27,CIN,NL,50,129,120,7,27,7,0,2,10,1,0,6,21,.225,.258,.333,.591,66,40,4,0,1,2,0,2/5
1974,popovpa01,Paul Popovich,33,PIT,NL,59,90,83,9,18,2,1,0,5,0,0,5,10,.217,.256,.265,.521,49,22,0,0,0,2,1,46
1974,porteda02,Darrell Porter,22,MIL,AL,131,490,432,59,104,15,4,12,56,8,7,50,88,.241,.326,.377,.703,103,163,6,5,2,1,7,*2D
1974,powelbo01,Boog Powell,32,BAL,AL,110,402,344,37,91,13,1,12,45,0,1,52,58,.265,.358,.413,.771,125,142,15,0,3,3,10,3/D
1974,puigri01,Rich Puig,21,NYM,NL,4,11,10,0,0,0,0,0,0,0,0,1,2,.000,.091,.000,.091,-73,0,0,0,0,0,0,/45
1974,raderda01,Dave Rader,25,SFG,NL,113,361,323,26,94,16,2,1,26,1,0,31,21,.291,.351,.362,.713,96,117,9,0,5,2,9,*2
1974,raderdo02,Doug Rader,29,HOU,NL,152,601,533,61,137,27,3,17,78,7,2,60,131,.257,.334,.415,.749,114,221,14,4,0,4,7,*5
1974,ramiror01,Orlando Ramirez,22,CAL,AL,31,97,86,4,14,0,0,0,7,2,1,6,23,.163,.215,.163,.378,13,14,1,0,4,1,0,6
1974,randlle01,Lenny Randle,25,TEX,AL,151,573,520,65,157,17,4,1,49,26,17,29,43,.302,.338,.356,.693,103,185,10,2,16,6,2,547/89D6
1974,raudo01,Doug Rau,25,LAD,NL,36,78,64,3,9,0,0,0,4,0,0,6,22,.141,.214,.141,.355,3,9,0,0,8,0,0,1
1974,redmogl01,Glenn Redmon,26,SFG,NL,7,19,17,0,4,3,0,0,4,0,0,1,3,.235,.278,.412,.690,88,7,0,0,1,0,0,/4
1974,reedro01,Ron Reed,31,ATL,NL,28,66,57,5,6,0,0,0,1,0,1,2,18,.105,.136,.105,.241,-33,6,0,0,7,0,0,1
1974,reichri01,Rick Reichardt,31,KCR,AL,1,1,1,0,1,0,0,0,0,0,0,0,0,1.000,1.000,1.000,2.000,467,1,0,0,0,0,0,
1974,reinbmi01,Mike Reinbach,24,BAL,AL,12,23,20,2,5,1,0,0,2,0,0,2,5,.250,.304,.300,.604,77,6,0,0,0,1,1,/D97
1974,reitzke01,Ken Reitz,23,STL,NL,154,612,579,48,157,28,2,7,54,0,0,23,63,.271,.299,.363,.662,85,210,25,2,3,5,7,*5/64
1974,renkost01,Steve Renko,29,MON,NL,37,88,81,8,17,1,2,1,4,0,0,5,21,.210,.256,.309,.564,55,25,2,0,2,0,0,1
1974,retteme01,Merv Rettenmund,31,CIN,NL,80,252,208,30,45,6,0,6,28,5,1,37,39,.216,.337,.332,.669,89,69,7,2,3,2,1,9/8
1974,reuscri01,Rick Reuschel,25,CHC,NL,41,96,86,4,19,4,1,0,2,0,0,0,27,.221,.218,.291,.509,40,25,0,0,9,1,0,1
1974,reussje01,Jerry Reuss,25,PIT,NL,35,98,86,7,13,1,0,0,4,0,0,8,25,.151,.223,.163,.386,12,14,1,0,4,0,0,1
1974,rhoderi01,Rick Rhoden,21,LAD,NL,4,2,2,0,1,0,0,0,0,0,0,0,1,.500,.500,.500,1.000,186,1,0,0,0,0,0,/1
1974,riceji01,Jim Rice,21,BOS,AL,24,75,67,6,18,2,1,1,13,0,0,4,12,.269,.307,.373,.680,89,25,2,1,0,3,0,D/7
1974,richaj.01,J.R. Richard,24,HOU,NL,15,22,21,1,3,0,0,1,1,0,0,0,9,.143,.143,.286,.429,21,6,2,0,1,0,0,1
1974,richale01,Lee Richard,25,CHW,AL,32,72,67,5,11,1,0,0,1,0,0,5,8,.164,.222,.179,.401,16,12,0,0,0,0,1,5/6D49
1974,richepe01,Pete Richert,34,TOT,NL,34,0,0,0,0,0,0,0,0,0,0,0,0,,,,,,0,0,0,0,0,0,1
1974,richepe01,Pete Richert,34,STL,NL,13,0,0,0,0,0,0,0,0,0,0,0,0,,,,,,0,0,0,0,0,0,1
1974,richepe01,Pete Richert,34,PHI,NL,21,0,0,0,0,0,0,0,0,0,0,0,0,,,,,,0,0,0,0,0,0,1
1974,rivermi01,Mickey Rivers,25,CAL,AL,118,518,466,69,133,19,11,3,31,30,13,39,47,.285,.341,.393,.734,117,183,6,1,11,1,0,*8
1974,roberda05,Dave Roberts,29,HOU,NL,35,77,73,3,16,4,3,1,9,0,0,0,19,.219,.213,.397,.611,72,29,2,0,2,2,0,1
1974,roberda06,Dave Roberts,23,SDP,NL,113,360,318,26,53,10,1,5,18,2,0,32,69,.167,.246,.252,.497,43,80,9,2,4,2,6,5/67
1974,roberle01,Leon Roberts,23,DET,AL,17,66,63,5,17,3,2,0,7,0,2,3,10,.270,.303,.381,.684,95,24,3,0,0,0,1,9/8
1974,roberbo01,Bob Robertson,27,PIT,NL,91,272,236,25,54,11,0,16,48,0,0,33,48,.229,.320,.479,.799,126,113,8,0,0,3,1,3
1974,robinbi02,Bill Robinson,31,PHI,NL,100,304,280,32,66,14,1,5,29,5,3,17,61,.236,.280,.346,.626,72,97,13,1,4,2,4,879
1974,robinbr01,Brooks Robinson,37,BAL,AL,153,622,553,46,159,27,0,7,59,2,0,56,47,.288,.353,.374,.728,113,207,14,3,5,5,13,*5
1974,robincr01,Craig Robinson,25,ATL,NL,145,506,452,52,104,4,6,0,29,11,2,30,57,.230,.280,.265,.545,51,120,16,3,16,5,4,*6
1974,robinfr02,Frank Robinson,38,TOT,AL,144,579,477,81,117,27,3,22,68,5,2,85,95,.245,.367,.453,.820,141,216,11,10,1,6,14,*D/37
1974,robinfr02,Frank Robinson,38,CAL,AL,129,518,427,75,107,26,2,20,63,5,1,75,85,.251,.371,.461,.833,146,197,10,10,1,5,14,*D/7
1974,robinfr02,Frank Robinson,38,CLE,AL,15,61,50,6,10,1,1,2,5,0,1,10,10,.200,.328,.380,.708,105,19,1,0,0,1,0,D/3
1974,robsoto01,Tom Robson,28,TEX,AL,6,17,13,2,3,1,0,0,2,0,0,4,3,.231,.412,.308,.719,113,4,1,0,0,0,0,/D3
1974,rodriau01,Aurelio Rodriguez,26,DET,AL,159,609,571,54,127,23,5,5,49,2,0,26,70,.222,.255,.306,.562,60,175,16,1,5,5,2,*5
1974,rodried01,Eduardo Rodriguez,22,MIL,AL,2,0,0,0,0,0,0,0,0,0,0,0,0,,,,,,0,0,0,0,0,0,1
1974,rodriel01,Ellie Rodriguez,28,CAL,AL,140,485,395,48,100,20,0,7,36,4,5,69,56,.253,.373,.357,.730,117,141,10,9,8,4,6,*2/D
1974,rogerst01,Steve Rogers,24,MON,NL,38,95,79,5,11,0,0,0,3,0,0,9,17,.139,.227,.139,.367,3,11,3,0,7,0,0,1
1974,rogodmi01,Mike Rogodzinski,26,PHI,NL,17,17,15,1,1,0,0,0,1,0,0,2,3,.067,.176,.067,.243,-31,1,0,0,0,0,0,/9
1974,rojasco01,Cookie Rojas,35,KCR,AL,144,590,542,52,147,17,1,6,60,8,4,30,43,.271,.309,.339,.649,83,184,24,3,8,7,4,*4
1974,romovi01,Vicente Romo,31,SDP,NL,54,7,6,0,0,0,0,0,0,0,0,0,1,.000,.000,.000,.000,-100,0,0,0,1,0,0,1
1974,roofph01,Phil Roof,33,MIN,AL,44,110,97,10,19,1,0,2,13,0,0,6,24,.196,.257,.268,.525,49,26,7,2,5,0,0,2
1974,rookeji01,Jim Rooker,31,PIT,NL,33,106,95,8,29,5,2,0,8,0,0,5,31,.305,.337,.400,.737,110,38,1,0,5,1,0,1
1974,rosedo01,Don Rose,27,SFG,NL,2,0,0,0,0,0,0,0,0,0,0,0,0,,,,,,0,0,0,0,0,0,/1
1974,rosepe01,Pete Rose,33,CIN,NL,163,771,652,110,185,45,7,3,51,2,4,106,54,.284,.385,.388,.773,118,253,9,5,1,6,14,*7
1974,roselda01,Dave Rosello,24,CHC,NL,62,161,148,9,30,7,0,0,10,1,1,10,28,.203,.252,.250,.502,39,37,0,0,2,1,1,46
1974,rossga01,Gary Ross,26,SDP,NL,9,1,1,0,0,0,0,0,0,0,0,0,1,.000,.000,.000,.000,-100,0,0,0,0,0,0,/1
1974,roystje01,Jerry Royster,21,LAD,NL,6,0,0,2,0,0,0,0,0,0,0,0,0,,,,,,0,0,0,0,0,0,/459
1974,rudijo01,Joe Rudi,27,OAK,AL,158,639,593,73,174,39,4,22,99,2,3,34,92,.293,.334,.484,.818,140,287,10,5,2,5,6,*73/D
1974,rudolke01,Ken Rudolph,27,SFG,NL,57,181,158,11,41,3,0,0,10,0,0,21,15,.259,.350,.278,.628,75,44,6,1,1,0,5,2
1974,russebi01,Bill Russell,25,LAD,NL,160,625,553,61,149,18,6,5,65,14,5,53,53,.269,.336,.351,.686,96,194,18,4,11,4,25,*6/9
1974,ruthvdi01,Dick Ruthven,23,PHI,NL,35,73,68,1,13,1,0,0,5,1,1,0,19,.191,.191,.206,.397,10,14,0,0,5,0,0,1
1974,ryanmi02,Mike Ryan,32,PIT,NL,15,34,30,2,3,0,0,0,0,0,0,4,16,.100,.206,.100,.306,-11,3,2,0,0,0,0,2
1974,sadecra01,Ray Sadecki,33,NYM,NL,34,28,27,1,7,0,0,0,2,0,0,1,1,.259,.286,.259,.545,54,7,0,0,0,0,0,1
1974,sadowji01,Jim Sadowski,22,PIT,NL,4,2,1,0,0,0,0,0,0,0,0,1,1,.000,.500,.000,.500,52,0,0,0,0,0,0,/1
1974,sandere01,Reggie Sanders,24,DET,AL,26,105,99,12,27,7,0,3,10,1,0,5,20,.273,.308,.434,.742,110,43,2,0,1,0,2,3/D
1974,sandsch01,Charlie Sands,26,CAL,AL,43,108,83,6,16,2,0,4,13,0,0,23,17,.193,.370,.361,.732,118,30,3,1,0,1,2,D/2
1974,sanguma01,Manny Sanguillen,30,PIT,NL,151,632,596,77,171,21,4,7,68,2,2,21,27,.287,.313,.371,.684,95,221,18,5,3,7,9,*2
1974,santoro01,Ron Santo,34,CHW,AL,117,418,375,29,83,12,1,5,41,0,2,37,72,.221,.293,.299,.591,69,112,16,2,0,3,1,D45/36
1974,scanlpa02,Pat Scanlon,21,MON,NL,2,4,4,1,1,0,0,0,0,0,0,0,1,.250,.250,.250,.500,38,1,0,0,0,0,0,/5
1974,scarcma01,Mac Scarce,25,PHI,NL,58,6,6,0,0,0,0,0,0,0,0,0,4,.000,.000,.000,.000,-100,0,0,0,0,0,0,1
1974,schaapa01,Paul Schaal,31,TOT,AL,65,226,199,13,47,7,0,3,24,2,2,23,32,.236,.316,.317,.632,86,63,8,1,1,2,1,5
1974,schaapa01,Paul Schaal,31,KCR,AL,12,43,34,3,6,2,0,1,4,0,0,5,5,.176,.286,.324,.609,72,11,3,1,1,2,0,5
1974,schaapa01,Paul Schaal,31,CAL,AL,53,183,165,10,41,5,0,2,20,2,2,18,27,.248,.322,.315,.638,90,52,5,0,0,0,1,5
1974,scheiri01,Richie Scheinblum,31,TOT,MLB,52,124,115,8,21,2,0,0,4,0,1,9,11,.183,.242,.200,.442,27,23,6,0,0,0,0,D/79
1974,scheiri01,Richie Scheinblum,31,TOT,AL,46,118,109,8,19,2,0,0,4,0,1,9,10,.174,.237,.193,.430,24,21,6,0,0,0,0,D/79
1974,scheiri01,Richie Scheinblum,31,CAL,AL,10,27,26,1,4,0,0,0,2,0,0,1,2,.154,.185,.154,.339,1,4,2,0,0,0,0,/97D
1974,scheiri01,Richie Scheinblum,31,KCR,AL,36,91,83,7,15,2,0,0,2,0,1,8,8,.181,.253,.205,.458,31,17,4,0,0,0,0,D/7
1974,scheiri01,Richie Scheinblum,31,STL,NL,6,6,6,0,2,0,0,0,0,0,0,0,1,.333,.333,.333,.667,88,2,0,0,0,0,0,
1974,scherfr01,Fred Scherman,29,HOU,NL,53,3,3,0,0,0,0,0,0,0,0,0,2,.000,.000,.000,.000,-100,0,0,0,0,0,0,1
1974,schmimi01,Mike Schmidt,24,PHI,NL,162,686,568,108,160,28,7,36,116,23,12,106,138,.282,.395,.546,.941,158,310,4,4,3,5,14,*5
1974,schneda02,Dave Schneck,25,NYM,NL,93,272,254,23,52,11,1,5,25,4,1,16,43,.205,.254,.315,.569,60,80,1,1,0,1,2,879
1974,schuero01,Ron Schueler,26,PHI,NL,44,61,51,1,6,0,0,0,1,0,1,3,15,.118,.167,.118,.284,-20,6,0,0,7,0,0,1
1974,scottge02,George Scott,30,MIL,AL,158,672,604,74,170,36,2,17,82,9,9,59,90,.281,.345,.432,.777,124,261,25,3,0,6,5,*3/D
1974,scottjo01,John Scott,22,SDP,NL,14,15,15,3,1,0,0,0,0,1,0,0,4,.067,.067,.067,.133,-62,1,0,0,0,0,0,/789
1974,scottto01,Tony Scott,22,MON,NL,19,8,7,2,2,0,0,0,1,1,1,1,3,.286,.375,.286,.661,84,2,0,0,0,0,0,9/78
1974,seaveto01,Tom Seaver,29,NYM,NL,32,87,71,3,7,0,0,0,4,0,0,9,28,.099,.200,.099,.299,-14,7,3,0,7,0,0,1
1974,shanagr01,Greg Shanahan,26,LAD,NL,4,0,0,0,0,0,0,0,0,0,0,0,0,,,,,,0,0,0,0,0,0,/1
1974,sharodi01,Dick Sharon,24,DET,AL,60,145,129,12,28,4,0,2,10,4,4,14,29,.217,.292,.295,.586,68,38,3,0,1,1,0,798
1974,sharpbi01,Bill Sharp,24,CHW,AL,100,357,320,45,81,13,2,4,24,0,3,25,37,.253,.309,.344,.652,86,110,9,2,8,3,2,97/8
1974,sheldbo01,Bob Sheldon,23,MIL,AL,10,23,17,4,2,1,1,0,0,0,1,4,2,.118,.286,.294,.580,68,5,0,0,2,0,0,/D4
1974,siebepa01,Paul Siebert,21,HOU,NL,5,8,6,0,0,0,0,0,0,0,0,0,3,.000,.000,.000,.000,-100,0,0,0,2,0,0,/1
1974,siebeso01,Sonny Siebert,37,STL,NL,28,49,44,3,5,0,0,0,3,0,0,3,17,.114,.170,.114,.284,-19,5,2,0,2,0,0,1
1974,simmote01,Ted Simmons,24,STL,NL,152,662,599,66,163,33,6,20,103,0,0,47,35,.272,.327,.447,.774,116,268,22,6,1,9,8,*23
1974,simsdu01,Duke Sims,33,TOT,AL,44,134,121,8,24,1,0,3,8,0,0,9,29,.198,.269,.281,.550,61,34,3,3,0,1,1,2/D9
1974,simsdu01,Duke Sims,33,NYY,AL,5,16,15,1,2,1,0,0,2,0,0,1,5,.133,.188,.200,.388,12,3,0,0,0,0,0,/D2
1974,simsdu01,Duke Sims,33,TEX,AL,39,118,106,7,22,0,0,3,6,0,0,8,24,.208,.280,.292,.572,67,31,3,3,0,1,1,2/D9
1974,singlke01,Ken Singleton,27,MON,NL,148,610,511,68,141,20,2,9,74,5,2,93,84,.276,.385,.376,.761,110,192,18,0,2,4,12,*9
1974,sizemte01,Ted Sizemore,29,STL,NL,129,597,504,68,126,17,0,2,47,8,4,70,37,.250,.339,.296,.634,79,149,11,0,18,5,2,*4/96
1974,smithre06,Reggie Smith,29,STL,NL,143,598,517,79,160,26,9,23,100,4,3,71,70,.309,.389,.528,.917,155,273,16,1,1,8,10,*9/3
1974,smithto04,Tommy Smith,25,CLE,AL,23,35,31,4,3,1,0,0,0,0,0,2,7,.097,.176,.129,.306,-10,4,0,1,1,0,1,/789D
1974,soderer01,Eric Soderholm,25,MIN,AL,141,526,464,63,128,18,3,10,51,7,3,48,68,.276,.349,.392,.741,110,182,14,5,5,2,1,*5/D6
1974,solaito01,Tony Solaita,27,KCR,AL,96,279,239,31,64,12,0,7,30,0,3,35,70,.268,.361,.406,.767,117,97,2,1,0,2,5,3D/
1974,solomed01,Eddie Solomon,23,LAD,NL,4,0,0,0,0,0,0,0,0,0,0,0,0,,,,,,0,0,0,0,0,0,/1
1974,sosael01,Elias Sosa,24,SFG,NL,68,17,15,0,1,0,0,0,0,0,0,0,10,.067,.067,.067,.133,-63,1,0,0,2,0,0,1
1974,speiech01,Chris Speier,24,SFG,NL,141,577,501,55,125,19,5,9,53,3,2,62,64,.250,.336,.361,.697,92,181,7,4,8,2,8,*6/4
1974,spencji01,Jim Spencer,26,TEX,AL,118,384,352,36,98,11,4,7,44,1,2,22,27,.278,.323,.392,.715,108,138,8,3,3,4,3,3D
1974,sperrro01,Rob Sperring,24,CHC,NL,42,117,107,9,22,3,0,1,5,1,2,9,28,.206,.267,.262,.529,47,28,0,0,1,0,1,4/6
1974,spikech01,Charlie Spikes,23,CLE,AL,155,612,568,63,154,23,1,22,80,10,7,34,100,.271,.319,.431,.750,116,245,15,7,0,3,2,*9
1974,spillda01,Dan Spillner,22,SDP,NL,30,50,43,1,1,0,0,0,0,0,0,2,28,.023,.067,.023,.090,-73,1,1,0,5,0,0,1
1974,splitpa01,Paul Splittorff,27,KCR,AL,1,0,0,0,0,0,0,0,0,0,0,0,0,,,,,,0,0,0,0,0,0,1
1974,spraged01,Ed Sprague,28,MIL,AL,1,0,0,0,0,0,0,0,0,0,0,0,0,,,,,,0,0,0,0,0,0,1
1974,stanlfr01,Fred Stanley,26,NYY,AL,33,42,38,2,7,0,0,0,3,1,2,3,2,.184,.244,.184,.428,26,7,2,0,1,0,0,64
1974,stanlmi01,Mickey Stanley,31,DET,AL,99,427,394,40,87,13,2,8,34,5,3,26,63,.221,.270,.325,.594,70,128,15,1,4,2,1,83/47
1974,stantle01,Leroy Stanton,28,CAL,AL,118,464,415,48,111,21,2,11,62,10,8,33,107,.267,.325,.407,.733,116,169,9,5,6,5,3,*98
1974,stargwi01,Willie Stargell,34,PIT,NL,140,605,508,90,153,37,4,25,96,0,2,87,106,.301,.407,.537,.944,168,273,8,6,0,4,21,*7/3
1974,staubru01,Rusty Staub,30,NYM,NL,151,649,561,65,145,22,2,19,78,2,1,77,39,.258,.347,.406,.754,112,228,21,3,1,7,12,*9
1974,stearjo01,John Stearns,22,PHI,NL,1,2,2,0,1,0,0,0,0,0,0,0,0,.500,.500,.500,1.000,177,1,0,0,0,0,0,/2
1974,steinbi02,Bill Stein,27,CHW,AL,13,51,43,5,12,1,0,0,5,0,0,7,8,.279,.380,.302,.682,97,13,3,0,1,0,2,5/D
1974,stelmri01,Rick Stelmaszek,25,CHC,NL,25,56,44,2,10,2,0,1,7,0,0,10,6,.227,.364,.341,.705,96,15,2,0,1,1,0,2
1974,stennre01,Rennie Stennett,23,PIT,NL,157,721,673,84,196,29,3,7,56,8,9,32,51,.291,.322,.374,.697,98,252,16,2,7,7,8,*4/9
1974,sterlra01,Randy Sterling,23,NYM,NL,3,3,2,0,0,0,0,0,0,0,0,1,2,.000,.333,.000,.333,0,0,0,0,0,0,0,/1
1974,stinsbo01,Bob Stinson,28,MON,NL,38,102,87,4,15,2,0,1,6,1,1,15,16,.172,.294,.230,.524,46,20,3,0,0,0,3,2
1974,stonege02,George Stone,27,NYM,NL,15,27,26,0,3,0,0,0,4,0,0,1,5,.115,.148,.115,.264,-25,3,0,0,0,0,0,1
1974,stonest01,Steve Stone,26,CHC,NL,42,65,58,2,7,0,0,0,2,0,0,2,20,.121,.150,.121,.271,-24,7,0,0,5,0,0,1
1974,stottme01,Mel Stottlemyre,32,NYY,AL,3,0,0,1,0,0,0,0,0,0,0,0,0,,,,,,0,0,0,0,0,0,1
1974,strohjo01,John Strohmayer,27,NYM,NL,1,0,0,0,0,0,0,0,0,0,0,0,0,,,,,,0,0,0,0,0,0,/1
1974,sudakbi01,Bill Sudakis,28,NYY,AL,89,293,259,26,60,8,0,7,39,0,0,25,48,.232,.296,.344,.639,85,89,2,1,2,6,1,D3/52
1974,summech01,Champ Summers,28,OAK,AL,20,25,24,2,3,1,0,0,3,0,0,1,5,.125,.160,.167,.327,-3,4,0,0,0,0,0,/79D
1974,sundbji01,Jim Sundberg,23,TEX,AL,132,449,368,45,91,13,3,3,36,2,4,62,61,.247,.354,.323,.678,99,119,16,0,17,2,0,*2
1974,suthega01,Gary Sutherland,29,DET,AL,149,652,619,60,157,20,1,5,49,1,3,26,37,.254,.282,.313,.596,70,194,17,0,4,3,1,*46/5
1974,suttodo01,Don Sutton,29,LAD,NL,40,111,98,7,18,2,0,0,7,0,0,3,22,.184,.216,.204,.420,20,20,3,1,9,0,0,1
1974,swancr01,Craig Swan,23,NYM,NL,7,12,11,2,4,0,0,0,1,0,0,1,2,.364,.417,.364,.780,121,4,0,0,0,0,0,/1
1974,swishst01,Steve Swisher,22,CHC,NL,90,325,280,21,60,5,0,5,27,0,3,37,63,.214,.307,.286,.593,65,80,7,2,3,3,1,2
1974,tatumke01,Ken Tatum,30,CHW,AL,1,1,1,0,0,0,0,0,0,0,0,0,0,.000,.000,.000,.000,-100,0,0,0,0,0,0,1
1974,taverfr01,Frank Taveras,24,PIT,NL,126,367,333,33,82,4,2,0,26,13,4,25,41,.246,.300,.270,.571,64,90,7,2,4,3,2,*6
1974,tayloch02,Chuck Taylor,32,MON,NL,61,15,10,1,3,1,0,0,2,0,0,1,3,.300,.364,.400,.764,110,4,0,0,4,0,0,1
1974,tayloto02,Tony Taylor,38,PHI,NL,62,73,64,5,21,4,0,2,13,0,0,6,6,.328,.389,.484,.873,140,31,2,1,1,1,0,/354
1974,tekulke01,Kent Tekulve,27,PIT,NL,8,0,0,0,0,0,0,0,0,0,0,0,0,,,,,,0,0,0,0,0,0,/1
1974,tenacge01,Gene Tenace,27,OAK,AL,158,612,484,71,102,17,1,26,73,2,9,110,105,.211,.367,.411,.778,130,199,10,12,2,4,6,32/4
1974,tepedfr01,Frank Tepedino,26,ATL,NL,78,181,169,11,39,5,1,0,16,1,2,9,13,.231,.272,.272,.544,51,46,6,1,1,1,2,3
1974,terreje01,Jerry Terrell,27,MIN,AL,116,248,229,43,56,4,6,0,19,3,2,11,27,.245,.279,.314,.594,68,72,6,0,8,0,1,645D/73
1974,theodge01,George Theodore,27,NYM,NL,60,89,76,7,12,1,0,1,1,0,0,8,14,.158,.247,.211,.458,30,16,7,1,4,0,0,3/79
1974,thomade01,Derrel Thomas,23,SDP,NL,141,585,523,48,129,24,6,3,41,7,8,51,58,.247,.313,.333,.645,85,174,10,1,6,4,7,458/67
1974,thomago01,Gorman Thomas,23,MIL,AL,17,57,46,10,12,4,0,2,11,4,0,8,15,.261,.357,.478,.835,140,22,2,0,1,2,0,/97D8
1974,thomaer01,Erskine Thomason,25,PHI,NL,1,0,0,0,0,0,0,0,0,0,0,0,0,,,,,,0,0,0,0,0,0,/1
1974,thomaga01,Gary Thomasson,22,SFG,NL,120,357,315,41,77,14,3,2,29,7,1,38,56,.244,.325,.327,.652,80,103,9,0,3,1,2,8973
1974,thompda01,Danny Thompson,27,MIN,AL,97,296,264,25,66,6,1,4,25,1,1,22,29,.250,.311,.326,.637,81,86,15,2,7,1,0,6/5D
1974,thompmi01,Mike Thompson,24,TOT,NL,20,9,9,0,1,0,0,0,0,0,0,0,4,.111,.111,.111,.222,-38,1,0,0,0,0,0,1
1974,thompmi01,Mike Thompson,24,STL,NL,19,8,8,0,0,0,0,0,0,0,0,0,4,.000,.000,.000,.000,-100,0,0,0,0,0,0,1
1974,thompmi01,Mike Thompson,24,ATL,NL,1,1,1,0,1,0,0,0,0,0,0,0,0,1.000,1.000,1.000,2.000,453,1,0,0,0,0,0,/1
1974,thornan01,Andre Thornton,24,CHC,NL,107,357,303,41,79,16,4,10,46,2,1,48,50,.261,.368,.439,.807,123,133,6,4,1,1,4,3/5
1974,tiantlu01,Luis Tiant,33,BOS,AL,1,0,0,0,0,0,0,0,0,0,0,0,0,,,,,,0,0,0,0,0,0,1
1974,toddji01,Jim Todd,26,CHC,NL,43,17,16,0,1,0,0,0,1,0,0,0,7,.063,.059,.063,.121,-66,1,1,0,0,1,0,1
1974,tolanbo01,Bobby Tolan,28,SDP,NL,95,394,357,45,95,16,1,8,40,7,9,20,41,.266,.320,.384,.703,101,137,5,9,6,2,4,98
1974,tomlida01,Dave Tomlin,25,SDP,NL,47,5,4,1,0,0,0,0,0,0,0,1,0,.000,.200,.000,.200,-39,0,0,0,0,0,0,1
1974,torrejo01,Joe Torre,33,STL,NL,147,611,529,59,149,28,1,11,70,1,2,69,88,.282,.371,.401,.772,117,212,15,8,1,3,9,*35
1974,torreru01,Rusty Torres,25,CLE,AL,109,169,150,19,28,2,0,3,12,2,1,13,24,.187,.248,.260,.508,48,39,2,0,4,2,1,879/D
1974,torremi01,Mike Torrez,27,MON,NL,36,69,64,4,8,1,0,0,3,1,1,2,25,.125,.152,.141,.292,-19,9,0,0,3,0,0,1
1974,tovarce01,Cesar Tovar,33,TEX,AL,138,629,562,78,164,24,6,4,58,13,9,47,33,.292,.354,.377,.731,114,212,3,9,8,3,0,*879/D
1974,trillma01,Manny Trillo,23,OAK,AL,21,37,33,3,5,0,0,0,2,0,0,2,8,.152,.222,.152,.374,13,5,0,1,1,0,0,4
1974,troedri01,Rich Troedson,24,SDP,NL,15,1,1,0,0,0,0,0,0,0,0,0,1,.000,.000,.000,.000,-100,0,0,0,0,0,0,1
1974,turneje01,Jerry Turner,20,SDP,NL,17,51,48,4,14,1,0,0,2,2,1,3,5,.292,.333,.313,.646,86,15,0,0,0,0,0,7
1974,twitcwa01,Wayne Twitchell,26,PHI,NL,25,37,35,3,6,1,0,0,1,0,0,0,23,.171,.171,.200,.371,2,7,0,0,2,0,0,1
1974,tyronji01,Jim Tyrone,25,CHC,NL,57,87,81,19,15,0,1,3,3,1,1,6,8,.185,.241,.321,.562,55,26,2,0,0,0,0,79/58
1974,tysonmi01,Mike Tyson,24,STL,NL,151,455,422,35,94,14,5,1,37,4,2,22,70,.223,.264,.287,.551,55,121,15,3,4,4,9,*64
1974,underto01,Tom Underwood,20,PHI,NL,7,1,1,0,0,0,0,0,0,0,0,0,1,.000,.000,.000,.000,-100,0,0,0,0,0,0,/1
1974,unserde01,Del Unser,29,PHI,NL,142,516,454,72,120,18,5,11,61,6,4,50,62,.264,.337,.399,.736,103,181,7,1,9,2,9,*8
1974,upshace01,Cecil Upshaw,31,TOT,AL,1,0,0,0,0,0,0,0,0,0,0,0,0,,,,,,0,0,0,0,0,0,1
1974,upshace01,Cecil Upshaw,31,NYY,AL,1,0,0,0,0,0,0,0,0,0,0,0,0,,,,,,0,0,0,0,0,0,1
1974,valenbo02,Bobby Valentine,24,CAL,AL,117,414,371,39,97,10,3,3,39,8,5,25,25,.261,.308,.329,.637,89,122,7,3,8,7,0,765/D4
1974,varnepe01,Pete Varney,25,CHW,AL,9,30,28,1,7,0,0,0,2,0,0,1,8,.250,.267,.250,.517,48,7,0,0,0,1,0,/2
1974,velezot01,Otto Velez,23,NYY,AL,27,84,67,9,14,1,1,2,10,0,0,15,24,.209,.345,.343,.689,100,23,1,0,0,2,1,3/95
1974,veryzto01,Tom Veryzer,21,DET,AL,22,60,55,4,13,2,0,2,9,1,0,5,8,.236,.300,.382,.682,94,21,0,0,0,0,0,6
1974,vukovjo01,John Vukovich,26,MIL,AL,38,85,80,5,15,1,0,3,11,2,1,1,16,.188,.193,.313,.505,44,25,2,0,2,2,0,564/3
1974,walketo02,Tom Walker,25,MON,NL,33,18,16,0,3,1,0,0,0,0,0,1,4,.188,.235,.250,.485,34,4,0,0,1,0,0,1
1974,wallada01,Dave Wallace,26,PHI,NL,3,0,0,0,0,0,0,0,0,0,0,0,0,,,,,,0,0,0,0,0,0,/1
1974,wallami01,Mike Wallace,23,TOT,MLB,8,0,0,0,0,0,0,0,0,0,0,0,0,,,,,,0,0,0,0,0,0,1
1974,wallami01,Mike Wallace,23,PHI,NL,8,0,0,0,0,0,0,0,0,0,0,0,0,,,,,,0,0,0,0,0,0,/1
1974,wardch02,Chris Ward,25,CHC,NL,92,158,137,8,28,4,0,1,15,0,2,18,13,.204,.293,.255,.548,53,35,3,0,1,2,3,7/39
1974,washicl01,Claudell Washington,19,OAK,AL,73,237,221,16,63,10,5,0,19,6,8,13,44,.285,.326,.376,.702,108,83,6,1,1,1,1,D789
1974,washihe01,Herb Washington,22,OAK,AL,92,0,0,29,0,0,0,0,0,29,16,0,0,,,,,,0,0,0,0,0,0,D
1974,watsobo01,Bob Watson,28,HOU,NL,150,593,524,69,156,19,4,11,67,3,4,60,61,.298,.370,.412,.782,124,216,14,3,1,5,9,*73
1974,watted01,Eddie Watt,33,PHI,NL,42,1,1,0,0,0,0,0,0,0,0,0,0,.000,.000,.000,.000,-100,0,0,0,0,0,0,1
1974,webbha01,Hank Webb,24,NYM,NL,3,3,3,0,0,0,0,0,1,0,0,0,2,.000,.000,.000,.000,-100,0,0,0,0,0,0,/1
1974,whitefr01,Frank White,23,KCR,AL,99,215,204,19,45,6,3,1,18,3,4,5,33,.221,.239,.294,.533,50,60,4,0,5,0,0,465/D
1974,whiteje01,Jerry White,21,MON,NL,9,10,10,0,4,1,1,0,2,3,0,0,0,.400,.400,.700,1.100,198,7,0,0,0,0,0,/78
1974,whitero01,Roy White,30,NYY,AL,136,556,473,68,130,19,8,7,43,15,6,67,44,.275,.367,.393,.761,121,186,7,4,8,3,5,7D
1974,whitfte01,Terry Whitfield,21,NYY,AL,2,5,5,0,1,0,0,0,0,0,0,0,1,.200,.200,.200,.400,16,1,0,0,0,0,0,/8
1974,willibe01,Bernie Williams,25,SDP,NL,14,15,15,1,2,0,0,0,0,0,0,0,6,.133,.133,.133,.267,-23,2,0,0,0,0,0,/87
1974,willibi01,Billy Williams,36,CHC,NL,117,474,404,55,113,22,0,16,68,4,5,67,44,.280,.382,.453,.835,131,183,9,1,0,2,12,37
1974,willich01,Charlie Williams,26,SFG,NL,39,25,22,1,3,0,0,0,0,0,0,1,5,.136,.174,.136,.310,-14,3,0,0,2,0,0,1
1974,williea02,Earl Williams,25,BAL,AL,118,471,413,47,105,16,0,14,52,0,2,40,79,.254,.327,.395,.722,110,163,10,7,6,5,3,23/D
1974,williwa02,Walt Williams,30,NYY,AL,43,56,53,5,6,0,0,0,3,1,0,1,10,.113,.127,.113,.240,-30,6,3,0,1,1,0,79/D
1974,willoji01,Jim Willoughby,25,SFG,NL,20,10,10,2,1,1,0,0,0,0,0,0,4,.100,.100,.200,.300,-19,2,0,0,0,0,0,1
1974,wilsodo01,Don Wilson,29,HOU,NL,33,75,63,6,13,5,0,0,5,0,0,0,19,.206,.227,.286,.513,46,18,2,2,9,1,0,1
1974,winfida01,Dave Winfield,22,SDP,NL,145,544,498,57,132,18,4,20,75,9,7,40,96,.265,.318,.438,.756,115,218,14,1,0,5,2,*798
1974,wockejo01,John Wockenfuss,25,DET,AL,13,33,29,1,4,1,0,0,2,0,0,3,2,.138,.212,.172,.385,11,5,0,0,0,1,0,2
1974,wohlfji01,Jim Wohlford,23,KCR,AL,143,549,501,55,136,16,7,2,44,16,13,39,74,.271,.327,.343,.670,90,172,10,3,4,2,3,*79/D
1974,woodwi01,Wilbur Wood,32,CHW,AL,1,0,0,0,0,0,0,0,0,0,0,0,0,,,,,,0,0,0,0,0,0,1
1974,woodsro01,Ron Woods,31,MON,NL,90,151,127,15,26,0,0,1,12,6,5,17,17,.205,.299,.228,.528,47,29,3,1,4,2,1,78/9
1974,wynnji01,Jim Wynn,32,LAD,NL,150,656,535,104,145,17,4,32,108,18,15,108,104,.271,.387,.497,.884,151,266,7,0,2,11,4,*8
1974,yancyhu01,Hugh Yancy,23,CHW,AL,1,1,0,0,0,0,0,0,0,0,0,0,0,,,,,,0,0,0,1,0,0,/D
1974,yastrca01,Carl Yastrzemski,34,BOS,AL,148,633,515,93,155,25,2,15,79,12,7,104,48,.301,.414,.445,.859,140,229,12,3,0,11,16,37/D
1974,yeagest01,Steve Yeager,25,LAD,NL,94,354,316,41,84,16,1,12,41,2,2,32,77,.266,.334,.437,.771,119,138,7,2,1,3,5,2
1974,yorkji01,Jim York,26,HOU,NL,28,4,4,0,0,0,0,0,0,0,0,0,3,.000,.000,.000,.000,-100,0,0,0,0,0,0,1
1974,yountro01,Robin Yount,18,MIL,AL,107,364,344,48,86,14,5,3,26,7,7,12,46,.250,.276,.346,.622,79,119,4,1,5,2,0,6
1974,zahnge01,Geoff Zahn,28,LAD,NL,21,26,23,2,4,0,0,0,0,0,0,0,5,.174,.174,.174,.348,0,4,0,0,3,0,0,1
1974,zamoros01,Oscar Zamora,29,CHC,NL,56,14,11,0,2,0,0,0,1,0,0,0,1,.182,.182,.182,.364,1,2,1,0,3,0,0,1
1974,ziskri01,Richie Zisk,25,PIT,NL,149,604,536,75,168,30,3,17,100,1,1,65,91,.313,.386,.476,.862,145,255,12,0,0,3,7,*97
