year_ID,player_ID,name_common,age,team_ID,lg_ID,G,PA,AB,R,H,2B,3B,HR,RBI,SB,CS,BB,SO,batting_avg,onbase_perc,slugging_perc,onbase_plus_slugging,onbase_plus_slugging_plus,TB,GIDP,HBP,SH,SF,IBB,pos_summary
1986,ackerji01,Jim Acker,27,TOT,MLB,21,28,28,1,3,1,0,0,0,0,0,0,21,.107,.107,.143,.250,-33,4,0,0,0,0,0,1
1986,ackerji01,Jim Acker,27,ATL,NL,21,28,28,1,3,1,0,0,0,0,0,0,21,.107,.107,.143,.250,-33,4,0,0,0,0,0,1
1986,adducji01,Jim Adduci,26,MIL,AL,3,13,11,2,1,1,0,0,0,0,0,1,2,.091,.167,.182,.348,-6,2,0,0,1,0,0,/3
1986,aguaylu01,Luis Aguayo,27,PHI,NL,62,146,133,17,28,6,1,4,13,1,1,8,26,.211,.267,.361,.628,70,48,3,3,0,2,0,46/5
1986,aguilri01,Rick Aguilera,24,NYM,NL,32,57,51,4,8,0,0,2,6,0,0,3,12,.157,.204,.275,.478,32,14,0,0,3,0,0,1
1986,akerfda01,Darrel Akerfelds,24,OAK,AL,1,0,0,0,0,0,0,0,0,0,0,0,0,,,,,,0,0,0,0,0,0,/1
1986,aldremi01,Mike Aldrete,25,SFG,NL,84,256,216,27,54,18,3,2,25,1,3,33,34,.250,.353,.389,.742,110,84,3,2,4,1,4,37/9
1986,alexado01,Doyle Alexander,35,TOT,MLB,18,45,38,2,8,1,0,0,5,0,0,0,8,.211,.205,.237,.442,19,9,2,0,6,1,0,1
1986,alexado01,Doyle Alexander,35,ATL,NL,18,45,38,2,8,1,0,0,5,0,0,0,8,.211,.205,.237,.442,19,9,2,0,6,1,0,1
1986,allanan01,Andy Allanson,24,CLE,AL,101,324,293,30,66,7,3,1,29,10,1,14,36,.225,.260,.280,.539,49,82,7,1,11,4,0,2
1986,almonbi01,Bill Almon,33,PIT,NL,102,230,196,29,43,7,2,7,27,11,4,30,38,.219,.319,.383,.701,92,75,5,0,1,3,2,756/39
1986,amelued01,Ed Amelung,27,LAD,NL,8,11,11,0,1,0,0,0,0,0,0,0,4,.091,.091,.091,.182,-48,1,1,0,0,0,0,/89
1986,anderla02,Larry Andersen,33,TOT,NL,48,7,6,0,0,0,0,0,0,0,0,0,3,.000,.000,.000,.000,-100,0,0,0,1,0,0,1
1986,anderla02,Larry Andersen,33,PHI,NL,10,1,0,0,0,0,0,0,0,0,0,0,0,,,,,,0,0,0,1,0,0,1
1986,anderla02,Larry Andersen,33,HOU,NL,38,6,6,0,0,0,0,0,0,0,0,0,3,.000,.000,.000,.000,-100,0,0,0,0,0,0,1
1986,anderal02,Allan Anderson,22,MIN,AL,1,0,0,0,0,0,0,0,0,0,0,0,0,,,,,,0,0,0,0,0,0,1
1986,anderda02,Dave Anderson,25,LAD,NL,92,241,216,31,53,9,0,1,15,5,1,22,39,.245,.314,.301,.615,76,65,11,0,2,1,1,56/4
1986,anderri02,Rick Anderson,29,NYM,NL,15,12,11,1,1,0,0,0,0,0,0,0,4,.091,.091,.091,.182,-49,1,0,0,1,0,0,1
1986,armasto01,Tony Armas,32,BOS,AL,121,453,425,40,112,21,4,11,58,0,3,24,77,.264,.305,.409,.714,93,174,12,2,0,2,1,*89/7D
1986,asadora01,Randy Asadoor,23,SDP,NL,15,60,55,9,20,5,0,0,7,1,2,3,13,.364,.397,.455,.851,137,25,0,0,2,0,1,5/4
1986,ashbyal01,Alan Ashby,34,HOU,NL,120,361,315,24,81,15,0,7,38,1,0,39,56,.257,.333,.371,.705,97,117,7,0,1,6,9,2
1986,assenpa01,Paul Assenmacher,25,ATL,NL,61,8,6,0,0,0,0,0,0,0,0,2,3,.000,.250,.000,.250,-26,0,0,0,0,0,0,1
1986,atherke01,Keith Atherton,27,TOT,AL,3,0,0,0,0,0,0,0,0,0,0,0,0,,,,,,0,0,0,0,0,0,1
1986,atherke01,Keith Atherton,27,MIN,AL,3,0,0,0,0,0,0,0,0,0,0,0,0,,,,,,0,0,0,0,0,0,1
1986,backmwa01,Wally Backman,26,NYM,NL,124,440,387,67,124,18,2,1,27,13,7,36,32,.320,.376,.385,.761,113,149,3,0,14,3,1,*4
1986,bailesc01,Scott Bailes,24,CLE,AL,1,0,0,0,0,0,0,0,0,0,0,0,0,,,,,,0,0,0,0,0,0,1
1986,bailema01,Mark Bailey,24,HOU,NL,57,182,153,9,27,5,0,4,15,1,1,28,45,.176,.302,.288,.590,66,44,7,0,0,1,6,2/3
1986,baineha01,Harold Baines,27,CHW,AL,145,618,570,72,169,29,2,21,88,2,1,38,89,.296,.338,.465,.803,113,265,14,2,0,8,9,*9/D
1986,bairdo01,Doug Bair,36,OAK,AL,1,0,0,0,0,0,0,0,0,0,0,0,0,,,,,,0,0,0,0,0,0,1
1986,bakerdo01,Doug Baker,25,DET,AL,13,30,24,1,3,1,0,0,0,0,0,2,7,.125,.192,.167,.359,-1,4,0,0,4,0,0,6/4D
1986,bakerdu01,Dusty Baker,37,OAK,AL,83,271,242,25,58,8,0,4,19,0,1,27,37,.240,.314,.322,.636,80,78,8,0,0,2,1,79D/3
1986,balbost01,Steve Balboni,29,KCR,AL,138,562,512,54,117,25,1,29,88,0,0,43,146,.229,.286,.451,.738,97,231,8,1,0,6,2,*3
1986,balleja01,Jay Baller,25,CHC,NL,36,6,5,0,0,0,0,0,0,0,0,0,1,.000,.000,.000,.000,-100,0,0,0,1,0,0,1
1986,bandoch01,Chris Bando,30,CLE,AL,92,290,254,28,68,9,0,2,26,0,1,22,49,.268,.325,.327,.652,80,83,8,1,10,3,0,2
1986,barfije01,Jesse Barfield,26,TOR,AL,158,671,589,107,170,35,2,40,108,8,8,69,146,.289,.368,.559,.927,146,329,9,8,0,5,5,*98
1986,bargagr01,Greg Bargar,27,STL,NL,22,2,2,0,0,0,0,0,0,0,0,0,2,.000,.000,.000,.000,-100,0,0,0,0,0,0,1
1986,barrema02,Marty Barrett,28,BOS,AL,158,713,625,94,179,39,4,4,60,15,7,65,31,.286,.353,.381,.733,100,238,13,1,18,4,0,*4
1986,basske01,Kevin Bass,27,HOU,NL,157,640,591,83,184,33,5,20,79,22,13,38,72,.311,.357,.486,.842,134,287,15,6,1,4,11,*98/7
1986,bathebi01,Bill Bathe,25,OAK,AL,39,112,103,9,19,3,0,5,11,0,0,2,20,.184,.208,.359,.567,57,37,2,1,6,0,0,2
1986,baylodo01,Don Baylor,37,BOS,AL,160,687,585,93,139,23,1,31,94,3,5,62,111,.238,.344,.439,.783,112,257,12,35,0,5,8,*D3/7
1986,beanebi01,Billy Beane,24,MIN,AL,80,194,183,20,39,6,0,3,15,2,3,11,54,.213,.258,.295,.553,50,54,6,0,0,0,0,7/8D9
1986,beckwjo01,Joe Beckwith,31,LAD,NL,15,0,0,0,0,0,0,0,0,0,0,0,0,,,,,,0,0,0,0,0,0,1
1986,bedrost01,Steve Bedrosian,28,PHI,NL,68,6,5,0,1,0,0,0,0,0,0,1,1,.200,.333,.200,.533,49,1,0,0,0,0,0,1
1986,bellbu01,Buddy Bell,34,CIN,NL,155,655,568,89,158,29,3,20,75,2,8,73,49,.278,.362,.445,.807,119,253,14,5,3,6,4,*5/4
1986,bellge02,George Bell,26,TOR,AL,159,690,641,101,198,38,6,31,108,7,8,41,62,.309,.349,.532,.881,133,341,15,2,0,6,3,*7D/5
1986,bellja01,Jay Bell,20,CLE,AL,5,16,14,3,5,2,0,1,4,0,0,2,3,.357,.438,.714,1.152,211,10,0,0,0,0,0,/4D
1986,bellte01,Terry Bell,23,KCR,AL,8,5,3,0,0,0,0,0,0,0,0,2,1,.000,.400,.000,.400,21,0,0,0,0,0,0,/2
1986,bellira01,Rafael Belliard,24,PIT,NL,117,350,309,33,72,5,2,0,31,12,2,26,54,.233,.298,.262,.560,55,81,8,3,11,1,6,64
1986,benedbr01,Bruce Benedict,30,ATL,NL,64,183,160,11,36,10,1,0,13,1,0,15,10,.225,.298,.300,.598,63,48,9,2,4,1,1,2
1986,beniqju01,Juan Beniquez,36,BAL,AL,113,395,343,48,103,15,0,6,36,2,3,40,49,.300,.372,.397,.769,112,136,12,3,2,6,1,75D3/98
1986,berenju01,Juan Berenguer,31,SFG,NL,46,10,7,0,1,0,0,0,0,0,0,0,1,.143,.143,.143,.286,-19,1,0,0,3,0,0,1
1986,berenbr01,Bruce Berenyi,31,NYM,NL,14,12,11,0,0,0,0,0,0,0,0,0,3,.000,.000,.000,.000,-100,0,0,0,1,0,0,1
1986,bergmda01,Dave Bergman,33,DET,AL,65,151,130,14,30,6,1,1,9,0,0,21,16,.231,.338,.315,.653,80,41,3,0,0,0,0,3/D79
1986,bernato01,Tony Bernazard,29,CLE,AL,146,636,562,88,169,28,4,17,73,17,8,53,77,.301,.362,.456,.818,124,256,6,6,7,8,5,*4
1986,berrada01,Dale Berra,29,NYY,AL,42,121,108,10,25,7,0,2,13,0,0,9,14,.231,.294,.352,.646,76,38,0,1,2,1,0,65/D
1986,biancbu01,Buddy Biancalana,26,KCR,AL,100,209,190,24,46,4,4,2,8,5,1,15,50,.242,.298,.337,.634,72,64,3,0,4,0,0,64
1986,bielemi01,Mike Bielecki,26,PIT,NL,31,54,48,3,3,0,0,0,1,0,0,2,26,.063,.100,.063,.163,-54,3,0,0,4,0,0,1
1986,bilarda01,Dann Bilardello,27,MON,NL,79,212,191,12,37,5,0,4,17,1,0,14,32,.194,.249,.283,.532,47,54,5,0,7,0,3,2
1986,bittije01,Jeff Bittiger,24,PHI,NL,3,4,3,1,1,0,0,1,1,0,0,0,1,.333,.333,1.333,1.667,333,4,0,0,1,0,0,/1
1986,bluevi01,Vida Blue,36,SFG,NL,28,53,43,3,4,1,0,1,3,0,0,6,20,.093,.204,.186,.390,11,8,0,0,4,0,0,1
1986,bochtbr01,Bruce Bochte,35,OAK,AL,125,473,407,57,104,13,1,6,43,3,2,65,68,.256,.357,.337,.694,98,137,9,0,0,1,3,*3/D
1986,bochybr01,Bruce Bochy,31,SDP,NL,63,142,127,16,32,9,0,8,22,1,0,14,23,.252,.326,.512,.838,130,65,3,0,1,0,3,2
1986,bockura01,Randy Bockus,25,SFG,NL,6,1,1,0,0,0,0,0,0,0,0,0,1,.000,.000,.000,.000,-100,0,0,0,0,0,0,/179
1986,boevejo01,Joe Boever,25,STL,NL,11,2,2,0,1,0,0,0,0,0,0,0,0,.500,.500,.500,1.000,178,1,0,0,0,0,0,1
1986,boggswa01,Wade Boggs,28,BOS,AL,149,693,580,107,207,47,2,8,71,0,4,105,44,.357,.453,.486,.939,157,282,11,0,4,4,14,*5
1986,bondsba01,Barry Bonds,21,PIT,NL,113,484,413,72,92,26,3,16,48,36,7,65,102,.223,.330,.416,.746,103,172,4,2,2,2,2,*8
1986,bonilbo01,Bobby Bonilla,23,TOT,MLB,138,496,426,55,109,16,4,3,43,8,5,62,88,.256,.352,.333,.686,87,142,9,2,5,1,3,7398/5
1986,bonilbo01,Bobby Bonilla,23,CHW,AL,75,271,234,27,63,10,2,2,26,4,1,33,49,.269,.361,.355,.715,93,83,4,1,2,1,2,73/89
1986,bonilbo01,Bobby Bonilla,23,PIT,NL,63,225,192,28,46,6,2,1,17,4,4,29,39,.240,.342,.307,.650,80,59,5,1,3,0,1,79/835
1986,bonilju01,Juan Bonilla,30,BAL,AL,102,316,284,33,69,10,1,1,18,0,0,25,21,.243,.311,.296,.607,68,84,14,3,4,0,0,45/D
1986,bonneba01,Barry Bonnell,32,SEA,AL,17,53,51,4,10,2,0,0,4,0,1,1,13,.196,.208,.235,.443,21,12,2,0,0,1,0,/73D
1986,bookegr01,Greg Booker,26,SDP,NL,9,0,0,0,0,0,0,0,0,0,0,0,0,,,,,,0,0,0,0,0,0,/1
1986,boonebo01,Bob Boone,38,CAL,AL,144,503,442,48,98,12,2,7,49,1,0,43,30,.222,.287,.305,.593,63,135,15,0,12,6,1,*2
1986,bosleth01,Thad Bosley,29,CHC,NL,87,139,120,15,33,4,1,1,9,3,0,18,24,.275,.370,.350,.720,95,42,3,0,1,0,3,7/98
1986,bostoda01,Daryl Boston,23,CHW,AL,56,224,199,29,53,11,3,5,22,9,5,21,33,.266,.335,.427,.762,103,85,4,0,3,1,3,8/D
1986,bradlph01,Phil Bradley,27,SEA,AL,143,615,526,88,163,27,4,12,50,21,12,77,134,.310,.405,.445,.849,132,234,9,8,1,2,1,*7/8
1986,bradlsc01,Scott Bradley,26,TOT,AL,77,241,220,20,66,8,3,5,28,1,2,13,7,.300,.347,.432,.779,111,95,13,4,2,2,4,2/D7
1986,bradlsc01,Scott Bradley,26,CHW,AL,9,24,21,3,6,0,0,0,0,0,2,1,0,.286,.375,.286,.661,81,6,1,2,0,0,0,/D7
1986,bradlsc01,Scott Bradley,26,SEA,AL,68,217,199,17,60,8,3,5,28,1,0,12,7,.302,.344,.447,.791,114,89,12,2,2,2,4,2/D
1986,bragggl01,Glenn Braggs,23,MIL,AL,58,232,215,19,51,8,2,4,18,1,1,11,47,.237,.274,.349,.623,67,75,6,1,2,3,0,7/98D
1986,brantmi01,Mickey Brantley,25,SEA,AL,27,113,102,12,20,3,2,3,7,1,1,10,21,.196,.268,.353,.621,68,36,3,0,1,0,0,8/7
1986,breamsi01,Sid Bream,25,PIT,NL,154,591,522,73,140,37,5,16,77,13,7,60,73,.268,.341,.450,.791,115,235,14,1,1,7,5,*3/7
1986,brenlbo01,Bob Brenly,32,SFG,NL,149,560,472,60,116,26,0,16,62,10,6,74,97,.246,.350,.403,.752,112,190,4,3,5,3,10,253
1986,brettge01,George Brett,33,KCR,AL,124,529,441,70,128,28,4,16,73,1,2,80,45,.290,.401,.481,.881,138,212,6,4,0,4,18,*5/D6
1986,brewemi01,Mike Brewer,26,KCR,AL,12,20,18,0,3,1,0,0,0,0,1,2,6,.167,.250,.222,.472,30,4,0,0,0,0,0,/9D
1986,brockgr01,Greg Brock,29,LAD,NL,115,367,325,33,76,13,0,16,52,2,5,37,60,.234,.309,.422,.730,106,137,5,0,1,4,5,3
1986,brookto01,Tom Brookens,32,DET,AL,98,310,281,42,76,11,2,3,25,11,8,20,42,.270,.319,.356,.675,84,100,4,1,6,2,0,54D6/98
1986,brookhu01,Hubie Brooks,29,MON,NL,80,338,306,50,104,18,5,14,58,4,2,25,60,.340,.388,.569,.956,161,174,11,2,0,5,3,6
1986,browebo01,Bob Brower,26,TEX,AL,21,9,9,3,1,1,0,0,0,1,2,0,3,.111,.111,.222,.333,-13,2,0,0,0,0,0,7/8D9
1986,brownch02,Chris Brown,24,SFG,NL,116,463,416,57,132,16,3,7,49,13,9,33,43,.317,.376,.421,.796,125,175,9,9,0,5,4,*5/6
1986,browncu03,Curt Brown,26,MON,NL,6,1,1,0,0,0,0,0,0,0,0,0,0,.000,.000,.000,.000,-100,0,0,0,0,0,0,/1
1986,brownmi02,Mike Brown,26,PIT,NL,87,273,243,18,53,7,0,4,26,2,3,27,32,.218,.293,.296,.589,62,72,9,0,0,3,3,9
1986,brownje01,Jerry Browne,20,TEX,AL,12,25,24,6,10,2,0,0,3,0,2,1,4,.417,.440,.500,.940,154,12,0,0,0,0,0,/4
1986,brownto05,Tom Browning,26,CIN,NL,46,94,86,9,14,0,0,0,3,1,0,1,25,.163,.172,.163,.335,-8,14,2,0,7,0,0,1
1986,brunato01,Tom Brunansky,25,MIN,AL,157,655,593,69,152,28,1,23,75,12,4,53,98,.256,.315,.423,.738,99,251,15,1,1,7,4,*9/D8
1986,bryanra01,Ralph Bryant,25,LAD,NL,27,82,75,15,19,4,2,6,13,0,1,5,25,.253,.305,.600,.905,152,45,1,1,0,1,0,9
1986,bucknbi01,Bill Buckner,36,BOS,AL,153,681,629,73,168,39,2,18,102,6,4,40,25,.267,.311,.421,.733,98,265,25,4,0,8,9,*3D
1986,buechst01,Steve Buechele,24,TEX,AL,153,513,461,54,112,19,2,18,54,5,8,35,98,.243,.302,.410,.712,90,189,10,5,9,3,1,*54/7
1986,bulloer01,Eric Bullock,26,HOU,NL,6,21,21,0,1,0,0,0,1,2,0,0,3,.048,.048,.048,.095,-73,1,0,0,0,0,0,/7
1986,burketi01,Tim Burke,27,MON,NL,68,9,7,0,0,0,0,0,1,0,0,1,2,.000,.125,.000,.125,-62,0,0,0,1,0,0,1
1986,burleri01,Rick Burleson,35,CAL,AL,93,312,271,35,77,14,0,5,29,1,3,33,32,.284,.363,.391,.754,107,106,2,1,6,1,1,D6/45
1986,burrira01,Ray Burris,35,STL,NL,23,27,27,0,4,3,0,0,7,0,0,0,9,.148,.148,.259,.407,10,7,0,0,0,0,0,1
1986,bushra01,Randy Bush,27,MIN,AL,130,402,357,50,96,19,7,7,45,5,3,39,63,.269,.347,.420,.767,107,150,7,4,1,1,2,79/D3
1986,butersa01,Sal Butera,33,CIN,NL,56,137,113,14,27,6,1,2,16,0,0,21,10,.239,.356,.363,.718,96,41,5,0,2,1,3,2/1
1986,butlebr01,Brett Butler,29,CLE,AL,161,683,587,92,163,17,14,4,51,32,15,70,65,.278,.356,.375,.731,102,220,8,4,17,5,1,*8
1986,cabelen01,Enos Cabell,36,LAD,NL,107,298,277,27,71,11,0,2,29,10,4,14,26,.256,.294,.318,.612,75,88,5,2,2,3,2,39/578
1986,caldeiv01,Ivan Calderon,24,TOT,AL,50,174,164,16,41,7,1,2,15,3,1,9,39,.250,.293,.341,.635,72,56,1,1,0,0,1,9/7D8
1986,caldeiv01,Ivan Calderon,24,SEA,AL,37,138,131,13,31,5,0,2,13,3,1,6,33,.237,.275,.321,.596,62,42,1,1,0,0,0,9/87
1986,caldeiv01,Ivan Calderon,24,CHW,AL,13,36,33,3,10,2,1,0,2,0,0,3,6,.303,.361,.424,.785,110,14,0,0,0,0,1,/D7
1986,calhoje01,Jeff Calhoun,28,HOU,NL,20,0,0,0,0,0,0,0,0,0,0,0,0,,,,,,0,0,0,0,0,0,1
1986,campbbi02,Bill Campbell,37,DET,AL,1,0,0,0,0,0,0,0,0,0,0,0,0,,,,,,0,0,0,0,0,0,1
1986,candaca01,Casey Candaele,25,MON,NL,30,110,104,9,24,4,1,0,6,3,5,5,15,.231,.264,.288,.552,53,30,3,0,0,1,0,4/5
1986,cangejo01,John Cangelosi,23,CHW,AL,137,525,438,65,103,16,3,2,32,50,17,71,61,.235,.349,.299,.648,76,131,5,7,6,3,0,*87/9D
1986,cansejo01,Jose Canseco,21,OAK,AL,157,682,600,85,144,29,1,33,117,15,7,65,175,.240,.318,.457,.775,116,274,12,8,0,9,1,*79/D
1986,carltst01,Steve Carlton,41,TOT,MLB,22,47,45,4,9,1,0,1,8,0,0,1,7,.200,.217,.289,.506,38,13,3,0,1,0,0,1
1986,carltst01,Steve Carlton,41,TOT,NL,22,47,45,4,9,1,0,1,8,0,0,1,7,.200,.217,.289,.506,38,13,3,0,1,0,0,1
1986,carltst01,Steve Carlton,41,PHI,NL,16,36,34,3,7,1,0,0,5,0,0,1,4,.206,.229,.235,.464,27,8,2,0,1,0,0,1
1986,carltst01,Steve Carlton,41,SFG,NL,6,11,11,1,2,0,0,1,3,0,0,0,3,.182,.182,.455,.636,74,5,1,0,0,0,0,/1
1986,carmado01,Don Carman,26,PHI,NL,50,33,31,0,0,0,0,0,0,0,0,0,11,.000,.000,.000,.000,-100,0,0,0,2,0,0,1
1986,cartega01,Gary Carter,32,NYM,NL,132,573,490,81,125,14,2,24,105,1,0,62,63,.255,.337,.439,.776,115,215,21,6,0,15,9,*2/3795
1986,cartejo01,Joe Carter,26,CLE,AL,162,709,663,108,200,36,9,29,121,29,7,32,95,.302,.335,.514,.849,130,341,8,5,1,8,3,937/8
1986,castica01,Carmelo Castillo,28,CLE,AL,85,217,205,34,57,9,0,8,32,2,1,9,48,.278,.310,.439,.749,103,90,9,1,1,1,0,9D
1986,castiju01,Juan Castillo,24,MIL,AL,26,62,54,6,9,0,1,0,5,1,1,5,12,.167,.250,.204,.454,24,11,2,1,2,0,0,4/65D
1986,cedence01,Cesar Cedeno,35,LAD,NL,37,87,78,5,18,2,1,0,6,1,1,7,13,.231,.294,.282,.576,65,22,0,0,2,0,0,7/8
1986,ceronri01,Rick Cerone,32,MIL,AL,68,242,216,22,56,14,0,4,18,1,1,15,28,.259,.304,.380,.683,83,82,5,1,5,5,0,2
1986,ceyro01,Ron Cey,38,CHC,NL,97,306,256,42,70,21,0,13,36,0,0,44,66,.273,.384,.508,.891,138,130,5,3,1,2,1,5
1986,chambch01,Chris Chambliss,37,ATL,NL,97,138,122,13,38,8,0,2,14,0,2,15,24,.311,.384,.426,.810,119,52,2,0,0,1,4,3
1986,childro01,Rocky Childress,24,PHI,NL,2,0,0,0,0,0,0,0,0,0,0,0,0,,,,,,0,0,0,0,0,0,/1
1986,chrisst01,Steve Christmas,28,CHC,NL,3,9,9,0,1,1,0,0,2,0,0,0,1,.111,.111,.222,.333,-13,2,0,0,0,0,0,/32
1986,clarkda05,Dave Clark,23,CLE,AL,18,68,58,10,16,1,0,3,9,1,0,7,11,.276,.348,.448,.797,117,26,1,0,2,1,0,9/D
1986,clarkja01,Jack Clark,30,STL,NL,65,280,232,34,55,12,2,9,23,1,1,45,61,.237,.362,.422,.784,116,98,4,1,0,1,4,3
1986,clarkwi02,Will Clark,22,SFG,NL,111,458,408,66,117,27,2,11,41,4,7,34,76,.287,.343,.444,.787,121,181,3,3,9,4,10,3
1986,clemepa01,Pat Clements,24,PIT,NL,65,6,6,0,0,0,0,0,0,0,0,0,3,.000,.000,.000,.000,-100,0,0,0,0,0,0,1
1986,cochrda01,Dave Cochrane,23,CHW,AL,19,68,62,4,12,2,0,1,2,0,0,5,22,.194,.254,.274,.528,42,17,2,0,1,0,1,5/6
1986,colemvi01,Vince Coleman,24,STL,NL,154,670,600,94,139,13,8,0,29,107,14,60,98,.232,.301,.280,.581,62,168,4,2,3,5,0,*78
1986,colesda01,Darnell Coles,24,DET,AL,142,587,521,67,142,30,2,20,86,6,2,45,84,.273,.333,.453,.786,112,236,8,6,7,8,3,*5/D96
1986,collida02,Dave Collins,33,DET,AL,124,476,419,44,113,18,2,1,27,27,12,44,49,.270,.340,.329,.670,84,138,9,2,9,2,0,7D98
1986,conceda01,Dave Concepcion,38,CIN,NL,90,346,311,42,81,13,2,3,30,13,2,26,43,.260,.314,.344,.658,79,107,13,0,5,4,1,6345
1986,conroti01,Tim Conroy,26,STL,NL,26,40,29,2,4,2,0,0,6,0,0,3,11,.138,.219,.207,.426,18,6,0,0,8,0,0,1
1986,coopece01,Cecil Cooper,36,MIL,AL,134,589,542,46,140,24,1,12,75,1,2,41,87,.258,.310,.373,.682,83,202,15,1,1,4,2,3D
1986,corbedo01,Doug Corbett,33,CAL,AL,1,0,0,0,0,0,0,0,0,0,0,0,0,,,,,,0,0,0,0,0,0,1
1986,corcoti01,Tim Corcoran,33,NYM,NL,6,9,7,1,0,0,0,0,0,0,0,2,0,.000,.222,.000,.222,-32,0,0,0,0,0,1,/3
1986,cottohe01,Henry Cotto,25,NYY,AL,35,83,80,11,17,3,0,1,6,3,0,2,17,.213,.229,.288,.516,41,23,3,0,0,1,0,87/D
1986,cowenal01,Al Cowens,34,SEA,AL,28,87,82,5,15,4,0,0,6,1,0,3,18,.183,.209,.232,.441,20,19,3,0,1,1,0,9/D7
1986,cowlejo01,Joe Cowley,27,CHW,AL,1,0,0,0,0,0,0,0,0,0,0,0,0,,,,,,0,0,0,0,0,0,1
1986,coxda01,Danny Cox,26,STL,NL,32,83,65,2,5,2,0,0,2,0,0,2,32,.077,.104,.108,.212,-41,7,1,0,16,0,0,1
1986,craigro02,Rod Craig,28,CHW,AL,10,12,10,3,2,0,0,0,0,0,0,2,2,.200,.333,.200,.533,48,2,0,0,0,0,0,/79
1986,cruzjo01,Jose Cruz,38,HOU,NL,141,536,479,48,133,22,4,10,72,3,4,55,86,.278,.351,.403,.754,111,193,9,0,0,2,12,*7
1986,cruzju01,Julio Cruz,31,CHW,AL,81,256,209,38,45,2,0,0,19,7,2,42,28,.215,.343,.225,.567,57,47,4,0,2,3,0,4/D
1986,danieka01,Kal Daniels,22,CIN,NL,74,207,181,34,58,10,4,6,23,15,2,22,30,.320,.398,.519,.917,148,94,4,2,1,1,1,7
1986,darliro01,Ron Darling,25,NYM,NL,34,94,81,4,8,2,0,0,0,0,0,3,29,.099,.131,.123,.254,-29,10,0,0,10,0,0,1
1986,darwida01,Danny Darwin,30,TOT,MLB,12,18,16,0,1,0,0,0,0,0,0,0,12,.063,.063,.063,.125,-65,1,0,0,2,0,0,1
1986,darwida01,Danny Darwin,30,HOU,NL,12,18,16,0,1,0,0,0,0,0,0,0,12,.063,.063,.063,.125,-65,1,0,0,2,0,0,1
1986,daultda01,Darren Daulton,24,PHI,NL,49,181,138,18,31,4,0,8,21,2,3,38,41,.225,.391,.428,.819,124,59,1,1,2,2,3,2
1986,davidan01,Andre David,28,MIN,AL,5,6,5,0,1,0,0,0,0,0,0,0,2,.200,.333,.200,.533,50,1,0,1,0,0,0,/D
1986,davidma01,Mark Davidson,25,MIN,AL,36,77,68,5,8,3,0,0,2,2,3,6,22,.118,.189,.162,.351,-3,11,1,0,3,0,0,7/98D
1986,davisal01,Alvin Davis,25,SEA,AL,135,562,479,66,130,18,1,18,72,0,3,76,68,.271,.373,.426,.799,118,204,11,3,2,2,10,3D
1986,davisch01,Chili Davis,26,SFG,NL,153,618,526,71,146,28,3,13,70,16,13,84,96,.278,.375,.416,.791,124,219,11,1,2,5,23,*98
1986,daviser01,Eric Davis,24,CIN,NL,132,487,415,97,115,15,3,27,71,80,11,68,100,.277,.378,.523,.901,143,217,6,1,0,3,5,*789
1986,davisgl01,Glenn Davis,25,HOU,NL,158,654,574,91,152,32,3,31,101,3,1,64,72,.265,.344,.493,.837,132,283,11,9,0,7,6,*3
1986,davisjo02,Jody Davis,29,CHC,NL,148,581,528,61,132,27,2,21,74,0,1,41,110,.250,.300,.428,.728,93,226,14,0,4,8,4,*2/3
1986,davisma01,Mark Davis,25,SFG,NL,67,8,8,0,1,1,0,0,0,0,0,0,4,.125,.125,.250,.375,3,2,0,0,0,0,0,1
1986,davismi02,Mike Davis,27,OAK,AL,142,533,489,77,131,28,3,19,55,27,4,34,91,.268,.314,.454,.768,114,222,7,1,4,5,2,*98
1986,davisro02,Ron Davis,30,TOT,MLB,18,2,2,0,0,0,0,0,0,0,0,0,2,.000,.000,.000,.000,-100,0,0,0,0,0,0,1
1986,davisro02,Ron Davis,30,MIN,AL,1,0,0,0,0,0,0,0,0,0,0,0,0,,,,,,0,0,0,0,0,0,1
1986,davisro02,Ron Davis,30,CHC,NL,17,2,2,0,0,0,0,0,0,0,0,0,2,.000,.000,.000,.000,-100,0,0,0,0,0,0,1
1986,davistr01,Trench Davis,25,PIT,NL,15,24,23,2,3,0,0,0,1,0,0,0,4,.130,.125,.130,.255,-30,3,1,0,0,1,0,/8
1986,dawlebi01,Bill Dawley,28,CHW,AL,1,2,2,0,0,0,0,0,0,0,0,0,0,.000,.000,.000,.000,-100,0,0,0,0,0,0,1
1986,dawsoan01,Andre Dawson,31,MON,NL,130,546,496,65,141,32,2,20,78,18,12,37,79,.284,.338,.478,.815,123,237,13,6,1,6,11,*9
1986,dayetbr01,Brian Dayett,29,CHC,NL,24,76,67,7,18,4,0,4,11,0,1,6,10,.269,.316,.507,.823,118,34,2,0,0,3,0,79/8
1986,dayleke01,Ken Dayley,27,STL,NL,32,6,5,0,1,0,0,0,0,0,0,1,2,.200,.333,.200,.533,51,1,0,0,0,0,0,1
1986,dejesiv01,Ivan de Jesus,33,NYY,AL,7,5,4,1,0,0,0,0,0,0,0,1,1,.000,.200,.000,.200,-39,0,0,0,0,0,0,/6
1986,decindo01,Doug DeCinces,35,CAL,AL,140,572,512,69,131,20,3,26,96,2,2,52,74,.256,.325,.459,.784,112,235,19,2,2,4,4,*5/D6
1986,dedmoje01,Jeff Dedmon,26,ATL,NL,57,17,16,2,2,0,0,0,1,0,0,0,7,.125,.125,.125,.250,-32,2,0,0,1,0,0,1/7
1986,deerro01,Rob Deer,25,MIL,AL,134,546,466,75,108,17,3,33,86,5,2,72,179,.232,.336,.494,.830,120,230,4,3,2,3,3,*9/37
1986,deleojo01,Jose DeLeon,25,TOT,MLB,9,2,1,0,0,0,0,0,0,0,0,0,1,.000,.500,.000,.500,50,0,0,1,0,0,0,1
1986,deleojo01,Jose DeLeon,25,PIT,NL,9,2,1,0,0,0,0,0,0,0,0,0,1,.000,.500,.000,.500,50,0,0,1,0,0,0,/1
1986,dempsri01,Rick Dempsey,36,BAL,AL,122,382,327,42,68,15,1,13,29,1,0,45,78,.208,.309,.379,.689,88,124,5,3,7,0,0,*2
1986,dennyjo01,John Denny,33,CIN,NL,27,62,54,6,12,0,0,0,4,2,3,3,15,.222,.263,.222,.485,34,12,1,0,5,0,0,1
1986,dernibo01,Bob Dernier,29,CHC,NL,108,351,324,32,73,14,1,4,18,27,2,22,41,.225,.275,.312,.586,57,101,7,0,5,0,1,8
1986,deshaji01,Jim Deshaies,26,HOU,NL,26,53,43,3,2,0,0,0,1,0,0,6,31,.047,.163,.047,.210,-38,2,0,0,4,0,0,1
1986,diazbo01,Bo Diaz,33,CIN,NL,134,519,474,50,129,21,0,10,56,1,1,40,52,.272,.327,.380,.707,92,180,11,0,2,3,0,*2
1986,diazca01,Carlos Diaz,28,LAD,NL,19,1,1,0,0,0,0,0,0,0,0,0,0,.000,.000,.000,.000,-100,0,0,0,0,0,0,1
1986,diazed01,Edgar Diaz,22,MIL,AL,5,14,13,0,3,0,0,0,0,0,0,1,3,.231,.286,.231,.516,42,3,0,0,0,0,0,/6
1986,diazmi01,Mike Diaz,26,PIT,NL,97,233,209,22,56,9,0,12,36,0,1,19,43,.268,.330,.483,.814,120,101,5,2,0,3,0,73/529
1986,dipinfr01,Frank DiPino,29,TOT,NL,61,6,6,0,1,0,0,0,0,0,0,0,2,.167,.167,.167,.333,-7,1,1,0,0,0,0,1
1986,dipinfr01,Frank DiPino,29,HOU,NL,31,5,5,0,1,0,0,0,0,0,0,0,1,.200,.200,.200,.400,12,1,1,0,0,0,0,1
1986,dipinfr01,Frank DiPino,29,CHC,NL,30,1,1,0,0,0,0,0,0,0,0,0,1,.000,.000,.000,.000,-100,0,0,0,0,0,0,1
1986,distebe01,Benny Distefano,24,PIT,NL,31,42,39,3,7,1,0,1,5,0,0,1,5,.179,.190,.282,.473,28,11,0,0,0,2,0,/93
1986,doddto01,Tom Dodd,27,BAL,AL,8,16,13,1,3,0,0,1,2,0,0,2,2,.231,.375,.462,.837,129,6,1,1,0,0,0,/D5
1986,dodsopa01,Pat Dodson,26,BOS,AL,9,15,12,3,5,2,0,1,3,0,0,3,3,.417,.533,.833,1.367,266,10,0,0,0,0,0,/3
1986,doranbi02,Bill Doran,28,HOU,NL,145,642,550,92,152,29,3,6,37,42,19,81,57,.276,.368,.373,.741,108,205,10,2,4,5,7,*4
1986,downibr01,Brian Downing,35,CAL,AL,152,631,513,90,137,27,4,20,95,4,4,90,84,.267,.389,.452,.841,130,232,14,17,3,8,2,*7D
1986,downske01,Kelly Downs,25,SFG,NL,15,30,29,1,5,0,0,0,0,0,1,1,13,.172,.200,.172,.372,6,5,0,0,0,0,0,1
1986,draveda01,Dave Dravecky,30,SDP,NL,35,57,50,3,7,0,0,1,7,1,0,1,16,.140,.157,.200,.357,-1,10,1,0,6,0,0,1
1986,driesda01,Dan Driessen,34,TOT,NL,32,49,40,7,10,3,0,1,3,0,0,9,6,.250,.388,.400,.788,122,16,0,0,0,0,2,3
1986,driesda01,Dan Driessen,34,SFG,NL,15,20,16,2,3,2,0,0,0,0,0,4,4,.188,.350,.313,.663,89,5,0,0,0,0,1,/3
1986,driesda01,Dan Driessen,34,HOU,NL,17,29,24,5,7,1,0,1,3,0,0,5,2,.292,.414,.458,.872,144,11,0,0,0,0,1,3
1986,duncama01,Mariano Duncan,23,LAD,NL,109,445,407,47,93,7,0,8,30,48,13,30,78,.229,.284,.305,.589,68,124,6,2,5,1,1,6
1986,dunstsh01,Shawon Dunston,23,CHC,NL,150,611,581,66,145,37,3,17,68,13,11,21,114,.250,.278,.411,.690,83,239,5,3,4,2,5,*6
1986,durhale01,Leon Durham,28,CHC,NL,141,557,484,66,127,18,7,20,65,8,7,67,98,.262,.350,.452,.803,114,219,6,1,0,5,16,*3
1986,dwyerji01,Jim Dwyer,36,BAL,AL,94,189,160,18,39,13,1,8,31,0,2,23,31,.244,.339,.488,.826,124,78,2,2,0,4,1,D9/73
1986,dykstle01,Lenny Dykstra,23,NYM,NL,147,498,431,77,127,27,7,8,45,31,7,58,55,.295,.377,.445,.822,129,192,4,0,7,2,1,*8/7
1986,earlebi02,Bill Earley,30,STL,NL,3,0,0,0,0,0,0,0,0,0,0,0,0,,,,,,0,0,0,0,0,0,/1
1986,easlemi01,Mike Easler,35,NYY,AL,146,546,490,64,148,26,2,14,78,3,2,49,87,.302,.362,.449,.811,121,220,17,0,2,5,13,*D/79
1986,eckerde01,Dennis Eckersley,31,CHC,NL,33,73,69,7,11,3,0,2,10,0,0,1,34,.159,.169,.290,.459,21,20,0,0,2,1,0,1
1986,eichhma01,Mark Eichhorn,25,TOR,AL,1,0,0,0,0,0,0,0,0,0,0,0,0,,,,,,0,0,0,0,0,0,1
1986,elsteke01,Kevin Elster,21,NYM,NL,19,33,30,3,5,1,0,0,0,0,0,3,8,.167,.242,.200,.442,25,6,0,0,0,0,1,6
1986,engleda01,Dave Engle,29,DET,AL,35,93,86,6,22,7,0,0,4,0,0,7,13,.256,.312,.337,.649,77,29,2,0,0,0,0,3/D279
1986,esaskni01,Nick Esasky,26,CIN,NL,102,383,330,35,76,17,2,12,41,0,2,47,97,.230,.325,.403,.728,97,133,8,1,1,4,0,37/5
1986,espinju01,Juan Espino,30,NYY,AL,27,40,37,1,6,2,0,0,5,0,0,2,9,.162,.200,.216,.416,14,8,0,0,0,1,0,2
1986,espinal01,Alvaro Espinoza,24,MIN,AL,37,45,42,4,9,1,0,0,1,0,1,1,10,.214,.233,.238,.471,28,10,0,0,2,0,0,46
1986,evansda01,Darrell Evans,39,DET,AL,151,601,507,78,122,15,0,29,85,3,2,91,105,.241,.356,.442,.798,116,224,6,1,0,2,5,3D/5
1986,evansdw01,Dwight Evans,34,BOS,AL,152,640,529,86,137,33,2,26,97,3,3,97,117,.259,.376,.476,.853,131,252,11,6,2,6,4,*9/D
1986,fanslst01,Stan Fansler,21,PIT,NL,5,7,6,0,1,0,0,0,0,0,0,0,2,.167,.167,.167,.333,-8,1,0,0,1,0,0,/1
1986,feldemi01,Mike Felder,24,MIL,AL,44,174,155,24,37,2,4,1,13,16,2,13,16,.239,.289,.323,.612,65,50,2,0,1,5,1,7/89D
1986,fernasi01,Sid Fernandez,23,NYM,NL,32,77,68,6,11,3,0,0,4,1,0,3,23,.162,.197,.206,.403,13,14,2,0,6,0,0,1
1986,fernato01,Tony Fernandez,24,TOR,AL,163,727,687,91,213,33,9,10,65,25,12,27,52,.310,.338,.428,.766,105,294,8,4,5,4,0,*6
1986,fieldce01,Cecil Fielder,22,TOR,AL,34,90,83,7,13,2,0,4,13,0,0,6,27,.157,.222,.325,.548,45,27,3,1,0,0,0,D/357
1986,fieldbr01,Bruce Fields,25,DET,AL,16,47,43,4,12,1,1,0,6,1,1,1,6,.279,.283,.349,.631,71,15,0,0,1,2,0,7/D
1986,fimplja01,Jack Fimple,27,LAD,NL,13,20,13,2,1,0,0,0,2,0,0,6,6,.077,.350,.077,.427,29,1,0,0,0,1,1,/234
1986,finlech01,Chuck Finley,23,CAL,AL,2,0,0,0,0,0,0,0,0,0,0,0,0,,,,,,0,0,0,0,0,0,1
1986,fischmi01,Mike Fischlin,30,NYY,AL,71,116,102,9,21,2,0,0,3,0,1,8,29,.206,.261,.225,.487,35,23,3,0,5,1,0,64
1986,fiskca01,Carlton Fisk,38,CHW,AL,125,491,457,42,101,11,0,14,63,2,4,22,92,.221,.263,.337,.600,60,154,10,6,0,6,2,27D
1986,fitzgmi02,Mike Fitzgerald,25,MON,NL,73,243,209,20,59,13,1,6,37,3,2,27,34,.282,.364,.440,.804,122,92,4,1,4,2,6,2
1986,flannti01,Tim Flannery,28,SDP,NL,134,432,368,48,103,11,2,3,28,3,6,54,61,.280,.378,.345,.723,103,127,8,5,3,2,4,45/6
1986,fletcsc01,Scott Fletcher,27,TEX,AL,147,594,530,82,159,34,5,3,50,12,11,47,59,.300,.360,.400,.760,105,212,10,4,10,3,0,*654/D
1986,foleyto02,Tom Foley,26,TOT,NL,103,299,263,26,70,15,3,1,23,10,3,30,37,.266,.337,.357,.694,92,94,4,0,2,4,6,645
1986,foleyto02,Tom Foley,26,PHI,NL,39,72,61,8,18,2,1,0,5,2,0,10,11,.295,.389,.361,.750,106,22,1,0,0,1,1,6/45
1986,foleyto02,Tom Foley,26,MON,NL,64,227,202,18,52,13,2,1,18,8,3,20,26,.257,.320,.356,.676,87,72,3,0,2,3,5,645
1986,fontera01,Ray Fontenot,28,TOT,MLB,43,7,7,1,1,0,0,0,0,0,0,0,6,.143,.143,.143,.286,-23,1,0,0,0,0,0,1
1986,fontera01,Ray Fontenot,28,CHC,NL,42,6,6,1,1,0,0,0,0,0,0,0,5,.167,.167,.167,.333,-10,1,0,0,0,0,0,1
1986,fontera01,Ray Fontenot,28,MIN,AL,1,1,1,0,0,0,0,0,0,0,0,0,1,.000,.000,.000,.000,-100,0,0,0,0,0,0,1
1986,fordcu01,Curt Ford,25,STL,NL,85,240,214,30,53,15,2,2,29,13,5,23,29,.248,.318,.364,.682,88,78,1,0,1,2,2,97
1986,forscbo01,Bob Forsch,36,STL,NL,34,88,76,7,13,4,1,2,12,0,0,0,24,.171,.169,.329,.498,34,25,1,0,11,1,0,1
1986,forstte01,Terry Forster,34,CAL,AL,1,0,0,0,0,0,0,0,0,0,0,0,0,,,,,,0,0,0,0,0,0,1
1986,fostege01,George Foster,37,TOT,MLB,87,310,284,30,64,6,3,14,42,1,1,24,61,.225,.284,.415,.699,91,118,9,0,0,2,1,7/D
1986,fostege01,George Foster,37,NYM,NL,72,256,233,28,53,6,1,13,38,1,1,21,53,.227,.289,.429,.718,98,100,7,0,0,2,1,7
1986,fostege01,George Foster,37,CHW,AL,15,54,51,2,11,0,2,1,4,0,0,3,8,.216,.259,.353,.612,63,18,2,0,0,0,0,7/D
1986,francjo01,John Franco,25,CIN,NL,74,4,4,0,0,0,0,0,0,0,0,0,0,.000,.000,.000,.000,-100,0,0,0,0,0,0,1
1986,francju01,Julio Franco,27,CLE,AL,149,636,599,80,183,30,5,10,74,10,7,32,66,.306,.338,.422,.760,108,253,28,0,0,5,1,*64/D
1986,francte01,Terry Francona,27,CHC,NL,86,133,124,13,31,3,0,2,8,0,1,6,8,.250,.286,.323,.608,63,40,3,1,0,2,0,379/8
1986,frazige01,George Frazier,31,TOT,MLB,35,4,4,0,0,0,0,0,0,0,0,0,2,.000,.000,.000,.000,-100,0,0,0,0,0,0,1
1986,frazige01,George Frazier,31,CHC,NL,35,4,4,0,0,0,0,0,0,0,0,0,2,.000,.000,.000,.000,-100,0,0,0,0,0,0,1
1986,freemma02,Marvin Freeman,23,PHI,NL,3,7,6,0,0,0,0,0,0,0,0,0,3,.000,.000,.000,.000,-100,0,0,0,1,0,0,/1
1986,funkto01,Tom Funk,24,HOU,NL,8,1,1,0,0,0,0,0,0,0,0,0,1,.000,.000,.000,.000,-100,0,0,0,0,0,0,/1
1986,gaettga01,Gary Gaetti,27,MIN,AL,157,661,596,91,171,34,1,34,108,14,15,52,108,.287,.347,.518,.865,131,309,18,6,1,6,4,*5/647
1986,gagnegr01,Greg Gagne,24,MIN,AL,156,524,472,63,118,22,6,12,54,12,10,30,108,.250,.301,.398,.700,88,188,4,6,13,3,0,*6/4
1986,gainety01,Ty Gainey,25,HOU,NL,26,56,50,6,15,3,1,1,6,3,1,6,19,.300,.375,.460,.835,133,23,0,0,0,0,0,8/79
1986,galaran01,Andres Galarraga,25,MON,NL,105,356,321,39,87,13,0,10,42,6,5,30,79,.271,.338,.405,.743,105,130,8,3,1,1,5,3
1986,gallemi01,Mike Gallego,25,OAK,AL,20,40,37,2,10,2,0,0,4,0,2,1,6,.270,.289,.324,.614,73,12,0,0,2,0,0,4/56
1986,galveba01,Balvino Galvez,22,LAD,NL,10,2,2,0,0,0,0,0,0,0,0,0,1,.000,.000,.000,.000,-100,0,0,0,0,0,0,1
1986,gantnji01,Jim Gantner,33,MIL,AL,139,543,497,58,136,25,1,7,38,13,7,26,50,.274,.313,.370,.684,84,184,13,6,6,7,2,*4/5D6
1986,garbege01,Gene Garber,38,ATL,NL,61,8,6,0,1,0,0,0,0,0,0,1,1,.167,.286,.167,.452,26,1,0,0,1,0,0,1
1986,garcida01,Damaso Garcia,29,TOR,AL,122,446,424,57,119,22,0,6,46,9,6,13,32,.281,.306,.375,.681,83,159,14,4,2,3,0,4D/3
1986,garneph01,Phil Garner,37,HOU,NL,107,347,313,43,83,14,3,9,41,12,6,30,45,.265,.329,.415,.744,107,130,14,1,0,3,2,5/4
1986,garresc01,Scott Garrelts,24,SFG,NL,54,53,45,6,8,1,0,1,4,1,0,1,25,.178,.196,.267,.462,29,12,0,0,7,0,0,1
1986,garvest01,Steve Garvey,37,SDP,NL,155,584,557,58,142,22,0,21,81,1,2,23,72,.255,.284,.408,.692,91,227,18,1,0,3,5,*3
1986,gedmari01,Rich Gedman,26,BOS,AL,135,509,462,49,119,29,0,16,65,1,0,37,61,.258,.315,.424,.739,100,196,15,4,1,5,13,*2
1986,gerhake01,Ken Gerhart,25,BAL,AL,20,75,69,4,16,2,0,1,7,0,1,4,18,.232,.267,.304,.571,57,21,1,0,0,2,0,8/7
1986,gibbojo02,John Gibbons,24,NYM,NL,8,22,19,4,9,4,0,1,1,0,0,3,5,.474,.545,.842,1.388,281,16,1,0,0,0,1,/2
1986,gibsoki01,Kirk Gibson,29,DET,AL,119,521,441,84,118,11,2,28,86,34,6,68,107,.268,.371,.492,.863,133,217,8,7,1,4,4,*9/D8
1986,gilesbr01,Brian Giles,26,CHW,AL,9,11,11,0,3,0,0,0,1,0,0,0,2,.273,.273,.273,.545,47,3,1,0,0,0,0,/46
1986,gladdda01,Dan Gladden,28,SFG,NL,102,402,351,55,97,16,1,4,29,27,10,39,59,.276,.357,.362,.719,104,127,5,5,7,0,3,8
1986,gonzare01,Rene Gonzales,25,MON,NL,11,28,26,1,3,0,0,0,0,0,2,2,7,.115,.179,.115,.294,-17,3,0,0,0,0,0,/65
1986,gonzajo02,Jose Gonzalez,21,LAD,NL,57,102,93,15,20,5,1,2,6,4,3,7,29,.215,.270,.355,.625,77,33,0,0,2,0,0,8/9
1986,goodedw01,Dwight Gooden,21,NYM,NL,33,97,81,5,7,0,1,0,4,0,0,2,16,.086,.119,.111,.230,-35,9,3,1,13,0,0,1
1986,gormato03,Tom Gorman,28,PHI,NL,8,1,1,0,0,0,0,0,0,0,0,0,0,.000,.000,.000,.000,-100,0,0,0,0,0,0,/1
1986,gossari01,Rich Gossage,34,SDP,NL,45,7,7,0,0,0,0,0,0,0,0,0,3,.000,.000,.000,.000,-100,0,1,0,0,0,0,1
1986,gottji01,Jim Gott,26,SFG,NL,9,4,3,0,0,0,0,0,0,0,0,0,1,.000,.250,.000,.250,-23,0,0,1,0,0,0,/1
1986,grantma01,Mark Grant,22,SFG,NL,4,2,1,0,0,0,0,0,0,0,0,0,1,.000,.000,.000,.000,-100,0,0,0,1,0,0,/1
1986,greenga01,Gary Green,24,SDP,NL,13,35,33,2,7,1,0,0,2,0,0,1,11,.212,.235,.242,.478,34,8,0,0,1,0,0,6
1986,greenmi01,Mike Greenwell,22,BOS,AL,31,40,35,4,11,2,0,0,4,0,0,5,7,.314,.400,.371,.771,112,13,1,0,0,0,0,/79D
1986,grichbo01,Bobby Grich,37,CAL,AL,98,366,313,42,84,18,0,9,30,1,3,39,54,.268,.354,.412,.766,109,129,9,3,10,1,1,43/5
1986,griffke01,Ken Griffey,36,TOT,MLB,139,532,490,69,150,22,3,21,58,14,9,35,67,.306,.350,.492,.842,127,241,9,1,1,5,4,*7/8D39
1986,griffke01,Ken Griffey,36,NYY,AL,59,219,198,33,60,7,0,9,26,2,2,15,24,.303,.349,.475,.823,123,94,7,1,1,4,0,7/8D9
1986,griffke01,Ken Griffey,36,ATL,NL,80,313,292,36,90,15,3,12,32,12,7,20,43,.308,.351,.503,.855,129,147,2,0,0,1,4,7/3
1986,griffal01,Alfredo Griffin,28,OAK,AL,162,649,594,74,169,23,6,4,51,33,16,35,52,.285,.323,.364,.687,94,216,5,2,12,6,6,*6
1986,grossgr01,Greg Gross,33,PHI,NL,87,125,101,11,25,5,0,0,8,1,0,21,11,.248,.379,.297,.676,87,30,4,1,1,1,7,7/9381
1986,grosske01,Kevin Gross,25,PHI,NL,37,90,80,6,15,4,1,1,5,1,0,1,22,.188,.198,.300,.498,34,24,1,0,9,0,0,1
1986,grosswa01,Wayne Gross,34,OAK,AL,3,3,2,0,0,0,0,0,0,0,0,1,0,.000,.333,.000,.333,5,0,0,0,0,0,0,/5
1986,grubbjo01,Johnny Grubb,37,DET,AL,81,243,210,32,70,13,1,13,51,0,1,28,28,.333,.412,.590,1.002,170,124,0,2,0,3,0,D79
1986,grubeke01,Kelly Gruber,24,TOR,AL,87,152,143,20,28,4,1,5,15,2,5,5,27,.196,.220,.343,.563,49,49,4,0,2,2,0,54D/6798
1986,guantce01,Cecilio Guante,26,PIT,NL,52,1,1,0,0,0,0,0,0,0,0,0,1,.000,.000,.000,.000,-100,0,0,0,0,0,0,1
1986,guerrpe01,Pedro Guerrero,30,LAD,NL,31,64,61,7,15,3,0,5,10,0,0,2,19,.246,.281,.541,.822,129,33,1,1,0,0,0,7/3
1986,guilloz01,Ozzie Guillen,22,CHW,AL,159,577,547,58,137,19,4,2,47,8,4,12,52,.250,.265,.311,.576,54,170,14,1,12,5,1,*6/D
1986,guldebr01,Brad Gulden,30,SFG,NL,17,24,22,2,2,0,0,0,1,0,0,2,5,.091,.167,.091,.258,-25,2,1,0,0,0,2,2
1986,gullibi01,Bill Gullickson,27,CIN,NL,37,91,79,3,6,0,0,0,2,0,0,3,15,.076,.110,.076,.186,-48,6,3,0,9,0,0,1
1986,gumpeda01,Dave Gumpert,28,CHC,NL,38,5,5,0,0,0,0,0,0,0,0,0,4,.000,.000,.000,.000,-100,0,0,0,0,0,0,1
1986,gutieja01,Jackie Gutierrez,26,BAL,AL,61,152,145,8,27,3,0,0,4,3,1,3,27,.186,.207,.207,.414,14,30,3,1,2,1,0,4/5D
1986,gwynnto01,Tony Gwynn,26,SDP,NL,160,701,642,107,211,33,7,14,59,37,9,52,35,.329,.381,.467,.848,135,300,20,3,2,2,11,*9
1986,hairsje01,Jerry Hairston,34,CHW,AL,101,253,225,32,61,15,0,5,26,0,0,26,26,.271,.348,.404,.752,101,91,9,1,0,1,3,D3/79
1986,hallal02,Albert Hall,28,ATL,NL,16,57,50,6,12,2,0,0,1,8,3,5,6,.240,.309,.280,.589,61,14,0,0,2,0,0,9
1986,halldr01,Drew Hall,23,CHC,NL,5,8,7,1,1,0,0,0,0,0,0,1,3,.143,.250,.143,.393,9,1,0,0,0,0,0,/1
1986,hallme01,Mel Hall,25,CLE,AL,140,480,442,68,131,29,2,18,77,6,2,33,65,.296,.346,.493,.839,128,218,8,2,0,3,8,*79/D
1986,hamilje01,Jeff Hamilton,22,LAD,NL,71,151,147,22,33,5,0,5,19,0,0,2,43,.224,.232,.361,.592,66,53,3,0,0,2,1,5/6
1986,harpebr01,Brian Harper,26,DET,AL,19,41,36,2,5,1,0,0,3,0,0,3,3,.139,.200,.167,.367,2,6,1,0,1,1,0,9/D32
1986,harpete01,Terry Harper,30,ATL,NL,106,298,265,26,68,12,0,8,30,3,6,29,39,.257,.330,.392,.722,95,104,13,1,1,2,2,79
1986,harrato01,Toby Harrah,37,TEX,AL,95,341,289,36,63,18,2,7,41,2,5,44,53,.218,.322,.367,.689,86,106,7,2,3,3,0,4
1986,hassero01,Ron Hassey,33,TOT,AL,113,393,341,45,110,25,1,9,49,1,1,46,27,.323,.406,.481,.887,140,164,15,3,1,2,3,2D
1986,hassero01,Ron Hassey,33,NYY,AL,64,219,191,23,57,14,0,6,29,1,1,24,16,.298,.381,.466,.847,131,89,8,2,1,1,1,2/D
1986,hassero01,Ron Hassey,33,CHW,AL,49,174,150,22,53,11,1,3,20,0,0,22,11,.353,.437,.500,.937,151,75,7,1,0,1,2,D2
1986,hatchbi01,Billy Hatcher,25,HOU,NL,127,453,419,55,108,15,4,6,36,38,14,22,52,.258,.302,.356,.658,84,149,3,5,6,1,1,*87/9
1986,hatchmi01,Mickey Hatcher,31,MIN,AL,115,340,317,40,88,13,3,3,32,2,1,19,26,.278,.315,.366,.681,84,116,8,0,0,4,2,7D3/5
1986,hawkian01,Andy Hawkins,26,SDP,NL,37,74,67,2,10,1,0,0,2,0,0,1,23,.149,.162,.164,.326,-9,11,1,0,6,0,0,1
1986,hayesvo01,Von Hayes,27,PHI,NL,158,690,610,107,186,46,2,19,98,24,12,74,77,.305,.379,.480,.859,133,293,14,1,1,4,9,*37/89
1986,haywara01,Ray Hayward,25,SDP,NL,4,4,4,0,0,0,0,0,0,0,0,0,0,.000,.000,.000,.000,-100,0,1,0,0,0,0,/1
1986,hearned02,Ed Hearn,25,NYM,NL,49,151,136,16,36,5,0,4,10,0,1,12,19,.265,.322,.390,.712,98,53,4,0,2,1,0,2
1986,hearrje01,Jeff Hearron,24,TOR,AL,12,26,23,2,5,1,0,0,4,0,0,3,7,.217,.308,.261,.569,55,6,1,0,0,0,0,2
1986,heathmi02,Mike Heath,31,TOT,MLB,95,319,288,30,65,11,1,8,36,6,4,27,53,.226,.292,.354,.647,77,102,6,1,1,2,4,2/579
1986,heathmi02,Mike Heath,31,STL,NL,65,216,190,19,39,8,1,4,25,2,3,23,36,.205,.293,.321,.614,70,61,5,1,1,1,4,2/79
1986,heathmi02,Mike Heath,31,DET,AL,30,103,98,11,26,3,0,4,11,4,1,4,17,.265,.291,.418,.710,91,41,1,0,0,1,0,2/5
1986,heepda01,Danny Heep,28,NYM,NL,86,227,195,24,55,8,2,5,33,1,4,30,31,.282,.379,.421,.799,123,82,3,1,0,1,5,79
1986,hendeda01,Dave Henderson,27,TOT,AL,139,432,388,59,103,22,4,15,47,2,3,39,110,.265,.335,.459,.794,114,178,6,2,2,1,4,*89D
1986,hendeda01,Dave Henderson,27,SEA,AL,103,378,337,51,93,19,4,14,44,1,3,37,95,.276,.350,.481,.831,124,162,5,2,1,1,4,89D
1986,hendeda01,Dave Henderson,27,BOS,AL,36,54,51,8,10,3,0,1,3,1,0,2,15,.196,.226,.314,.540,46,16,1,0,1,0,0,8
1986,henderi01,Rickey Henderson,27,NYY,AL,153,701,608,130,160,31,5,28,74,87,18,89,81,.263,.358,.469,.827,125,285,12,2,0,2,2,*87/D
1986,hendest01,Steve Henderson,33,OAK,AL,11,27,26,2,2,1,0,0,3,0,0,0,5,.077,.074,.115,.189,-47,3,3,0,0,1,0,/7D
1986,hendrge01,George Hendrick,36,CAL,AL,102,317,283,45,77,13,1,14,47,1,1,26,41,.272,.332,.473,.806,118,134,11,1,4,3,5,9/3D8
1986,hengeda01,Dave Hengel,24,SEA,AL,21,66,63,3,12,1,0,1,6,0,0,1,13,.190,.215,.254,.469,28,16,1,1,1,0,0,D/79
1986,henketo01,Tom Henke,28,TOR,AL,2,0,0,0,0,0,0,0,0,0,0,0,0,,,,,,0,0,0,0,0,0,1
1986,henslch01,Chuck Hensley,27,SFG,NL,11,0,0,0,0,0,0,0,0,0,0,0,0,,,,,,0,0,0,0,0,0,1
1986,hernake01,Keith Hernandez,32,NYM,NL,149,652,551,94,171,34,1,13,83,2,1,94,69,.310,.413,.446,.859,140,246,14,4,0,3,9,*3
1986,hernale01,Leo Hernandez,26,NYY,AL,7,23,22,2,5,2,0,1,4,0,0,1,8,.227,.261,.455,.715,91,10,0,0,0,0,0,/54
1986,hernama01,Manny Hernandez,25,HOU,NL,9,7,6,0,0,0,0,0,1,0,0,0,2,.000,.000,.000,.000,-100,0,0,0,1,0,0,/1
1986,hernawi01,Willie Hernandez,31,DET,AL,1,0,0,0,0,0,0,0,0,0,0,0,0,,,,,,0,0,0,0,0,0,1
1986,herndla01,Larry Herndon,32,DET,AL,106,316,283,33,70,13,1,8,37,2,1,27,40,.247,.310,.385,.695,89,109,3,1,0,5,2,7D
1986,herrto01,Tom Herr,30,STL,NL,152,647,559,48,141,30,4,2,61,22,8,73,75,.252,.342,.331,.673,87,185,8,5,6,4,10,*4
1986,hershor01,Orel Hershiser,27,LAD,NL,37,82,71,4,17,3,0,0,8,0,1,1,17,.239,.250,.282,.532,51,20,1,0,10,0,0,1
1986,heskejo01,Joe Hesketh,27,MON,NL,15,28,23,0,0,0,0,0,0,0,0,2,18,.000,.080,.000,.080,-76,0,1,0,3,0,0,1
1986,hilldo01,Donnie Hill,25,OAK,AL,108,366,339,37,96,16,2,4,29,5,2,23,38,.283,.329,.378,.706,99,128,9,0,4,0,1,45/D6
1986,hillma01,Marc Hill,34,CHW,AL,22,21,19,2,3,0,0,0,0,0,0,1,3,.158,.238,.158,.396,9,3,0,1,0,0,0,2
1986,hoffmgl01,Glenn Hoffman,27,BOS,AL,12,26,23,1,5,2,0,0,1,0,0,2,3,.217,.269,.304,.574,56,7,1,0,0,1,0,6/5
1986,hoffmgu01,Guy Hoffman,29,CHC,NL,33,20,15,2,1,0,0,0,1,0,0,2,4,.067,.176,.067,.243,-32,1,0,0,3,0,0,1
1986,holtobr01,Brian Holton,26,LAD,NL,12,5,5,0,0,0,0,0,0,0,0,0,2,.000,.000,.000,.000,-100,0,0,0,0,0,0,1
1986,honeyri01,Rick Honeycutt,32,LAD,NL,32,57,43,3,3,1,0,0,3,0,0,8,11,.070,.216,.093,.309,-9,4,0,0,6,0,0,1
1986,hornebo01,Bob Horner,28,ATL,NL,141,581,517,70,141,22,0,27,87,1,4,52,72,.273,.336,.472,.808,116,244,16,2,0,10,8,*3
1986,hortori01,Ricky Horton,26,STL,NL,42,25,18,0,1,0,0,0,0,0,0,5,3,.056,.261,.056,.316,-7,1,0,0,2,0,0,1
1986,housepa02,Paul Householder,27,MIL,AL,26,90,78,4,17,3,1,1,16,1,2,7,16,.218,.284,.321,.605,63,25,1,1,2,2,0,7/98D
1986,howelja02,Jack Howell,24,CAL,AL,63,175,151,26,41,14,2,4,21,2,0,19,28,.272,.349,.470,.819,122,71,1,0,3,2,0,5/7D9
1986,howelja01,Jay Howell,30,OAK,AL,2,0,0,0,0,0,0,0,0,0,0,0,0,,,,,,0,0,0,0,0,0,1
1986,howelke01,Ken Howell,25,LAD,NL,62,5,5,0,0,0,0,0,0,0,0,0,3,.000,.000,.000,.000,-100,0,0,0,0,0,0,1
1986,hoytla01,LaMarr Hoyt,31,SDP,NL,35,50,46,3,6,1,0,0,1,0,0,1,18,.130,.149,.152,.301,-16,7,0,0,3,0,0,1
1986,hrbekke01,Kent Hrbek,26,MIN,AL,149,634,550,85,147,27,1,29,91,2,2,71,81,.267,.353,.478,.831,124,263,15,6,0,7,9,*3/D
1986,hubbagl01,Glenn Hubbard,28,ATL,NL,143,488,408,42,94,16,1,4,36,3,2,66,74,.230,.340,.304,.644,76,124,5,4,6,4,14,*4
1986,hudlere01,Rex Hudler,25,BAL,AL,14,1,1,1,0,0,0,0,0,1,0,0,0,.000,.000,.000,.000,-100,0,0,0,0,0,0,4/5
1986,hudsoch02,Charles Hudson,27,PHI,NL,36,51,43,2,2,0,0,0,0,0,0,1,19,.047,.068,.047,.115,-68,2,0,0,7,0,0,1
1986,huletti01,Tim Hulett,26,CHW,AL,150,552,520,53,120,16,5,17,44,4,1,21,91,.231,.260,.379,.639,69,197,11,1,6,4,0,54
1986,humeto01,Tom Hume,33,PHI,NL,48,16,11,0,0,0,0,0,0,0,0,0,6,.000,.000,.000,.000,-100,0,0,0,5,0,0,1
1986,huntra01,Randy Hunt,26,MON,NL,21,54,48,4,10,0,0,2,5,0,0,5,16,.208,.283,.333,.616,70,16,2,0,0,0,2,2
1986,hurdlcl01,Clint Hurdle,28,STL,NL,78,184,154,18,30,5,1,3,15,0,0,26,38,.195,.311,.299,.610,70,46,2,1,1,2,0,3/2795
1986,incavpe01,Pete Incaviglia,22,TEX,AL,153,606,540,82,135,21,2,30,88,3,2,55,185,.250,.320,.463,.783,109,250,9,4,0,7,2,*9D/7
1986,iorgda01,Dane Iorg,36,SDP,NL,90,109,106,10,24,2,1,2,11,0,0,2,21,.226,.239,.321,.559,55,34,2,0,0,1,0,3/571
1986,iorgga01,Garth Iorg,31,TOR,AL,137,351,327,30,85,19,1,3,44,3,0,20,47,.260,.303,.352,.655,76,115,7,1,1,2,0,54/6
1986,jacksbo01,Bo Jackson,23,KCR,AL,25,91,82,9,17,2,1,2,9,3,1,7,34,.207,.286,.329,.615,67,27,1,2,0,0,0,9/D
1986,jacksmi02,Michael Jackson,21,PHI,NL,9,0,0,0,0,0,0,0,0,0,0,0,0,,,,,,0,0,0,0,0,0,/1
1986,jacksre01,Reggie Jackson,40,CAL,AL,132,517,419,65,101,12,2,18,58,1,1,92,115,.241,.379,.408,.787,116,171,14,3,0,3,11,*D/9
1986,jacksro03,Roy Lee Jackson,32,MIN,AL,1,0,0,0,0,0,0,0,0,0,0,0,0,,,,,,0,0,0,0,0,0,1
1986,jacobbr01,Brook Jacoby,26,CLE,AL,158,641,583,83,168,30,4,17,80,2,1,56,137,.288,.350,.441,.791,116,257,15,0,1,1,5,*5
1986,jamesbo01,Bob James,27,CHW,AL,2,0,0,0,0,0,0,0,0,0,0,0,0,,,,,,0,0,0,0,0,0,1
1986,jamesch02,Chris James,23,PHI,NL,16,48,46,5,13,3,0,1,5,0,0,1,13,.283,.298,.413,.711,92,19,1,0,1,0,0,/87
1986,javiest01,Stan Javier,22,OAK,AL,59,131,114,13,23,8,0,0,8,8,0,16,27,.202,.305,.272,.577,65,31,2,1,0,0,0,8/7D
1986,jeffest01,Stan Jefferson,23,NYM,NL,14,27,24,6,5,1,0,1,3,0,0,2,8,.208,.296,.375,.671,86,9,1,1,0,0,0,/87
1986,jeltzst01,Steve Jeltz,27,PHI,NL,145,510,439,44,96,11,4,0,36,6,3,65,97,.219,.320,.262,.581,61,115,9,1,3,2,9,*6
1986,johnscl01,Cliff Johnson,38,TOR,AL,107,394,336,48,84,12,1,15,55,0,1,52,57,.250,.355,.426,.781,110,143,9,4,0,2,1,D/3
1986,johnsho01,Howard Johnson,25,NYM,NL,88,253,220,30,54,14,0,10,39,8,1,31,64,.245,.341,.445,.787,118,98,2,1,1,0,8,56/7
1986,johnsjo05,Joe Johnson,24,TOT,MLB,17,30,26,2,3,0,0,0,1,0,0,1,12,.115,.143,.115,.258,-29,3,0,0,2,1,0,1
1986,johnsjo05,Joe Johnson,24,ATL,NL,17,30,26,2,3,0,0,0,1,0,0,1,12,.115,.143,.115,.258,-29,3,0,0,2,1,0,1
1986,johnsro05,Rondin Johnson,27,KCR,AL,11,31,31,1,8,0,1,0,2,0,0,0,3,.258,.258,.323,.581,57,10,0,0,0,0,0,4
1986,johnswa03,Wallace Johnson,29,MON,NL,61,134,127,13,36,3,1,1,10,6,3,7,9,.283,.321,.346,.667,85,44,2,0,0,0,0,3
1986,jonesba01,Barry Jones,23,PIT,NL,26,6,5,0,1,0,0,0,1,0,0,0,1,.200,.200,.200,.400,10,1,0,0,1,0,0,1
1986,jonesbo02,Bob Jones,36,TEX,AL,13,23,21,1,2,0,0,0,3,0,0,2,5,.095,.174,.095,.269,-24,2,0,0,0,0,0,/793
1986,jonesch04,Chris Jones,28,SFG,NL,3,1,1,0,0,0,0,0,0,1,0,0,0,.000,.000,.000,.000,-100,0,0,0,0,0,0,
1986,jonesji02,Jimmy Jones,22,SDP,NL,3,6,6,1,1,0,0,0,0,0,0,0,4,.167,.167,.167,.333,-7,1,0,0,0,0,0,/1
1986,jonesly01,Lynn Jones,33,KCR,AL,67,54,47,1,6,2,0,0,1,0,0,6,5,.128,.226,.170,.397,10,8,2,0,1,0,0,79/8D4
1986,jonesri02,Ricky Jones,28,BAL,AL,16,39,33,2,6,2,0,0,4,0,0,6,8,.182,.308,.242,.550,54,8,0,0,0,0,0,4/5
1986,jonesro01,Ross Jones,26,SEA,AL,11,21,21,0,2,0,0,0,0,0,1,0,4,.095,.095,.095,.190,-48,2,0,0,0,0,0,/645D
1986,jonesru01,Ruppert Jones,31,CAL,AL,126,471,393,73,90,21,3,17,49,10,3,64,87,.229,.339,.427,.767,109,168,8,3,7,3,5,*978
1986,jonestr01,Tracy Jones,25,CIN,NL,46,96,86,16,30,3,0,2,10,7,1,9,5,.349,.406,.453,.860,134,39,2,0,0,1,1,7/83
1986,joynewa01,Wally Joyner,24,CAL,AL,154,674,593,82,172,27,3,22,100,5,2,57,58,.290,.348,.457,.805,119,271,11,2,10,12,8,*3
1986,karkoro01,Ron Karkovice,22,CHW,AL,37,109,97,13,24,7,0,4,13,1,0,9,37,.247,.315,.443,.758,101,43,3,1,1,1,0,2
1986,kearnbo01,Bob Kearney,29,SEA,AL,81,226,204,23,49,10,0,6,25,0,2,12,35,.240,.281,.377,.659,78,77,6,0,9,1,1,2
1986,kempst01,Steve Kemp,31,PIT,NL,13,20,16,1,3,0,0,1,1,1,0,4,6,.188,.350,.375,.725,99,6,1,0,0,0,0,/7
1986,kennete02,Terry Kennedy,30,SDP,NL,141,476,432,46,114,22,1,12,57,0,3,37,74,.264,.324,.403,.727,102,174,10,2,4,1,7,*2
1986,keougma02,Matt Keough,30,TOT,NL,29,16,16,1,6,1,0,0,0,1,0,0,4,.375,.375,.438,.813,124,7,0,0,0,0,0,1
1986,keougma02,Matt Keough,30,CHC,NL,19,5,5,0,2,1,0,0,0,0,0,0,2,.400,.400,.600,1.000,165,3,0,0,0,0,0,1
1986,keougma02,Matt Keough,30,HOU,NL,10,11,11,1,4,0,0,0,0,1,0,0,2,.364,.364,.364,.727,105,4,0,0,0,0,0,1
1986,kepshku01,Kurt Kepshire,26,STL,NL,2,2,1,0,0,0,0,0,0,0,0,0,0,.000,.000,.000,.000,-100,0,0,0,1,0,0,/1
1986,kerfech01,Charlie Kerfeld,22,HOU,NL,61,10,9,0,1,0,0,0,1,0,0,1,6,.111,.200,.111,.311,-10,1,0,0,0,0,0,1
1986,khalisa01,Sam Khalifa,22,PIT,NL,64,173,151,8,28,6,0,0,4,0,2,19,28,.185,.276,.225,.502,39,34,5,0,3,0,6,6/4
1986,kiefest01,Steve Kiefer,25,MIL,AL,2,6,6,0,0,0,0,0,0,0,0,0,4,.000,.000,.000,.000,-100,0,0,0,0,0,0,/6
1986,kingemi01,Mike Kingery,25,KCR,AL,62,223,209,25,54,8,5,3,14,7,3,12,30,.258,.296,.388,.684,84,81,4,0,0,2,2,98/7
1986,kingmda01,Dave Kingman,37,OAK,AL,144,604,561,70,118,19,0,35,94,3,3,33,126,.210,.255,.431,.686,90,242,16,3,0,7,3,*D/3
1986,kippebo01,Bob Kipper,21,PIT,NL,21,37,33,0,1,0,0,0,1,0,0,1,11,.030,.059,.030,.089,-75,1,0,0,3,0,0,1
1986,kittlro01,Ron Kittle,28,TOT,AL,116,422,376,42,82,13,0,21,60,4,1,35,110,.218,.284,.420,.705,87,158,10,3,0,8,1,D7
1986,kittlro01,Ron Kittle,28,CHW,AL,86,333,296,34,63,11,0,17,48,2,1,28,87,.213,.282,.422,.705,86,125,10,3,0,6,0,D7
1986,kittlro01,Ron Kittle,28,NYY,AL,30,89,80,8,19,2,0,4,12,2,0,7,23,.238,.292,.413,.705,91,33,0,0,0,2,1,D/7
1986,kneppbo01,Bob Knepper,32,HOU,NL,42,95,91,2,9,2,1,0,1,0,0,0,44,.099,.099,.143,.242,-33,13,0,0,4,0,0,1
1986,kniceal01,Alan Knicely,31,STL,NL,34,100,82,8,16,3,0,1,6,1,1,17,21,.195,.330,.268,.598,68,22,1,0,0,1,0,3/2
1986,knighra01,Ray Knight,33,NYM,NL,137,541,486,51,145,24,2,11,76,2,1,40,63,.298,.351,.424,.775,115,206,19,4,3,8,2,*5/3
1986,knudsma01,Mark Knudson,25,TOT,MLB,9,14,10,0,0,0,0,0,0,0,0,1,7,.000,.091,.000,.091,-72,0,0,0,3,0,0,1
1986,knudsma01,Mark Knudson,25,HOU,NL,9,14,10,0,0,0,0,0,0,0,0,1,7,.000,.091,.000,.091,-72,0,0,0,3,0,0,/1
1986,kommibr01,Brad Komminsk,25,ATL,NL,5,5,5,1,2,0,0,0,1,0,1,0,1,.400,.400,.400,.800,118,2,0,0,0,0,0,/59
1986,krawcra01,Ray Krawczyk,26,PIT,NL,12,0,0,0,0,0,0,0,0,0,0,0,0,,,,,,0,0,0,0,0,0,1
1986,krencwa01,Wayne Krenchicki,31,MON,NL,101,247,221,21,53,6,2,2,23,2,4,22,32,.240,.306,.312,.618,72,69,2,0,2,2,3,35/47
1986,krukjo01,John Kruk,25,SDP,NL,122,327,278,33,86,16,2,4,38,2,4,45,58,.309,.403,.424,.828,131,118,11,0,2,2,0,7/39
1986,krukomi01,Mike Krukow,34,SFG,NL,35,98,82,7,12,1,0,0,8,1,0,4,25,.146,.186,.159,.345,-2,13,1,0,12,0,0,1
1986,kunkeje01,Jeff Kunkel,24,TEX,AL,8,13,13,3,3,0,0,1,2,0,0,0,2,.231,.231,.462,.692,82,6,0,0,0,0,0,/6D
1986,kutchra01,Randy Kutcher,26,SFG,NL,71,203,186,28,44,9,1,7,16,6,5,11,41,.237,.279,.409,.688,92,76,3,0,6,0,0,86/7549
1986,lacosmi01,Mike LaCoss,30,SFG,NL,37,69,61,8,14,2,0,2,9,0,0,3,24,.230,.266,.361,.626,75,22,0,0,5,0,0,1
1986,lacyle01,Lee Lacy,38,BAL,AL,130,537,491,77,141,18,0,11,47,4,6,37,71,.287,.334,.391,.725,99,192,12,0,4,5,2,*9/D
1986,laddpe01,Pete Ladd,29,SEA,AL,1,0,0,0,0,0,0,0,0,0,0,0,0,,,,,,0,0,0,0,0,0,1
1986,lagami01,Mike Laga,26,TOT,MLB,33,102,91,13,19,5,0,6,16,0,0,10,31,.209,.294,.462,.756,104,42,1,1,0,0,2,3/D
1986,lagami01,Mike Laga,26,DET,AL,15,50,45,6,9,1,0,3,8,0,0,5,13,.200,.280,.422,.702,88,19,0,0,0,0,1,3/D
1986,lagami01,Mike Laga,26,STL,NL,18,52,46,7,10,4,0,3,8,0,0,5,18,.217,.308,.500,.808,120,23,1,1,0,0,1,3
1986,lahtije01,Jeff Lahti,29,STL,NL,4,0,0,0,0,0,0,0,0,0,0,0,0,,,,,,0,0,0,0,0,0,/1
1986,lakest01,Steve Lake,29,TOT,NL,36,72,68,8,20,2,0,2,14,0,0,3,7,.294,.324,.412,.736,101,28,3,0,1,0,1,2
1986,lakest01,Steve Lake,29,CHC,NL,10,21,19,4,8,1,0,0,4,0,0,1,2,.421,.450,.474,.924,149,9,1,0,1,0,1,2
1986,lakest01,Steve Lake,29,STL,NL,26,51,49,4,12,1,0,2,10,0,0,2,5,.245,.275,.388,.662,81,19,2,0,0,0,0,2
1986,lanceri01,Rick Lancellotti,29,SFG,NL,15,18,18,2,4,0,0,2,6,0,0,0,7,.222,.222,.556,.778,113,10,0,0,0,0,0,/39
1986,landrke01,Ken Landreaux,31,LAD,NL,103,310,283,34,74,13,2,4,29,10,5,22,39,.261,.313,.364,.677,93,103,5,1,0,4,3,87/9
1986,landrbi01,Bill Landrum,28,CIN,NL,10,2,2,0,0,0,0,0,0,0,0,0,0,.000,.000,.000,.000,-100,0,0,0,0,0,0,1
1986,landrti01,Tito Landrum,31,STL,NL,96,230,205,24,43,7,1,2,17,3,1,20,41,.210,.279,.283,.562,56,58,5,1,1,3,2,9/78
1986,langfri01,Rick Langford,34,OAK,AL,1,0,0,0,0,0,0,0,0,0,0,0,0,,,,,,0,0,0,0,0,0,1
1986,lansfca01,Carney Lansford,29,OAK,AL,151,640,591,80,168,16,4,19,72,16,7,39,51,.284,.332,.421,.753,111,249,16,5,1,4,2,53/D4
1986,lapoida01,Dave LaPoint,26,TOT,MLB,24,12,8,0,0,0,0,0,0,0,0,0,1,.000,.000,.000,.000,-100,0,0,0,4,0,0,1
1986,lapoida01,Dave LaPoint,26,SDP,NL,24,12,8,0,0,0,0,0,0,0,0,0,1,.000,.000,.000,.000,-100,0,0,0,4,0,0,1
1986,larkiba01,Barry Larkin,22,CIN,NL,41,169,159,27,45,4,3,3,19,8,0,9,21,.283,.320,.403,.722,95,64,2,0,0,1,1,6/4
1986,laskebi01,Bill Laskey,28,SFG,NL,20,1,1,0,0,0,0,0,0,0,0,0,1,.000,.000,.000,.000,-100,0,0,0,0,0,0,1
1986,laudnti01,Tim Laudner,28,MIN,AL,76,223,193,21,47,10,0,10,29,1,0,24,56,.244,.333,.451,.784,111,87,5,3,1,2,0,2
1986,lavalmi01,Mike LaValliere,25,STL,NL,110,350,303,18,71,10,2,3,30,0,1,36,37,.234,.318,.310,.628,75,94,7,1,10,0,5,2
1986,lawru01,Rudy Law,29,KCR,AL,87,341,307,42,80,26,5,1,36,14,6,29,22,.261,.327,.388,.715,94,119,5,2,2,1,0,79/8D
1986,lawva01,Vance Law,29,MON,NL,112,402,360,37,81,17,2,5,44,3,5,37,66,.225,.298,.325,.623,72,117,9,1,2,2,1,435/19
1986,lawleto01,Tom Lawless,29,STL,NL,46,45,39,5,11,1,0,0,3,8,1,2,8,.282,.310,.308,.617,71,12,0,0,2,1,0,5/47
1986,leachri01,Rick Leach,29,TOR,AL,110,266,246,35,76,14,1,5,39,0,0,13,24,.309,.335,.435,.770,106,107,6,0,0,7,3,D97/3
1986,leachte01,Terry Leach,32,NYM,NL,6,0,0,0,0,0,0,0,0,0,0,0,0,,,,,,0,0,0,0,0,0,/1
1986,leema02,Manuel Lee,21,TOR,AL,35,85,78,8,16,0,1,1,7,0,1,4,10,.205,.241,.269,.510,37,21,5,0,2,1,0,4/65
1986,lefebjo01,Joe Lefebvre,30,PHI,NL,14,21,18,0,2,0,0,0,0,0,0,3,5,.111,.238,.111,.349,-1,2,3,0,0,0,0,/9
1986,leffecr01,Craig Lefferts,28,SDP,NL,84,9,8,1,1,0,0,1,1,0,0,0,4,.125,.125,.500,.625,66,4,0,0,1,0,0,1
1986,legggr01,Greg Legg,26,PHI,NL,11,20,20,2,9,1,0,0,1,0,0,0,3,.450,.450,.500,.950,159,10,0,0,0,0,0,/46
1986,lemonch01,Chet Lemon,31,DET,AL,126,457,403,45,101,21,3,12,53,2,1,39,53,.251,.326,.407,.733,99,164,15,8,3,4,3,*8
1986,leonaje01,Jeffrey Leonard,30,SFG,NL,89,368,341,48,95,11,3,6,42,16,3,20,62,.279,.322,.381,.703,98,130,4,3,1,3,1,7
1986,lerchra01,Randy Lerch,31,PHI,NL,4,3,3,0,1,1,0,0,0,0,0,0,1,.333,.333,.667,1.000,166,2,0,0,0,0,0,/1
1986,lindeji01,Jim Lindeman,24,STL,NL,19,58,55,7,14,1,0,1,6,1,1,2,10,.255,.276,.327,.603,66,18,2,0,0,1,0,3/57
1986,littlbr01,Bryan Little,26,TOT,AL,34,82,76,6,14,2,0,0,2,0,0,6,11,.184,.244,.211,.454,25,16,3,0,0,0,0,4/65
1986,littlbr01,Bryan Little,26,CHW,AL,20,39,35,3,6,1,0,0,2,0,0,4,4,.171,.256,.200,.456,25,7,2,0,0,0,0,4/65
1986,littlbr01,Bryan Little,26,NYY,AL,14,43,41,3,8,1,0,0,0,0,0,2,7,.195,.233,.220,.452,25,9,1,0,0,0,0,4
1986,lollati01,Tim Lollar,30,BOS,AL,1,1,1,0,1,0,0,0,0,0,0,0,0,1.000,1.000,1.000,2.000,448,1,0,0,0,0,0,1
1986,lombaph01,Phil Lombardi,23,NYY,AL,20,41,36,6,10,3,0,2,6,0,0,4,7,.278,.366,.528,.894,141,19,2,1,0,0,0,/72
1986,lombast01,Steve Lombardozzi,26,MIN,AL,156,515,453,53,103,20,5,8,33,3,1,52,76,.227,.308,.347,.655,78,157,8,1,9,0,2,*4
1986,lopesda01,Davey Lopes,41,TOT,NL,96,304,255,49,70,10,3,7,35,25,8,43,25,.275,.381,.420,.800,118,107,9,2,2,2,0,578/9
1986,lopesda01,Davey Lopes,41,CHC,NL,59,191,157,38,47,8,2,6,22,17,6,31,16,.299,.419,.490,.909,144,77,6,2,0,1,0,57/9
1986,lopesda01,Davey Lopes,41,HOU,NL,37,113,98,11,23,2,1,1,13,8,2,12,9,.235,.315,.306,.621,75,30,3,0,2,1,0,8/759
1986,lopezau01,Aurelio Lopez,37,HOU,NL,45,10,9,0,0,0,0,0,0,0,0,0,6,.000,.000,.000,.000,-100,0,0,0,1,0,0,1
1986,lowrydw01,Dwight Lowry,28,DET,AL,56,174,150,21,46,4,0,3,18,0,0,17,19,.307,.392,.393,.785,115,59,4,4,3,0,0,2/39
1986,lynched01,Ed Lynch,30,TOT,NL,24,33,30,0,1,0,0,0,0,0,0,2,17,.033,.094,.033,.127,-64,1,0,0,1,0,0,1
1986,lynched01,Ed Lynch,30,NYM,NL,1,0,0,0,0,0,0,0,0,0,0,0,0,,,,,,0,0,0,0,0,0,/1
1986,lynched01,Ed Lynch,30,CHC,NL,23,33,30,0,1,0,0,0,0,0,0,2,17,.033,.094,.033,.127,-64,1,0,0,1,0,0,1
1986,lynnfr01,Fred Lynn,34,BAL,AL,112,456,397,67,114,13,1,23,67,2,2,53,59,.287,.371,.499,.869,137,198,20,2,0,4,1,8/D
1986,lyonsba01,Barry Lyons,26,NYM,NL,6,10,9,1,0,0,0,0,2,0,0,1,2,.000,.100,.000,.100,-70,0,0,0,0,0,1,/2
1986,lyonsst01,Steve Lyons,26,TOT,AL,101,275,247,30,56,9,3,1,20,4,6,19,47,.227,.280,.300,.580,57,74,4,1,4,4,2,87/953D
1986,lyonsst01,Steve Lyons,26,BOS,AL,59,139,124,20,31,7,2,1,14,2,3,12,23,.250,.312,.363,.674,84,45,3,0,1,2,2,8
1986,lyonsst01,Steve Lyons,26,CHW,AL,42,136,123,10,25,2,1,0,6,2,3,7,24,.203,.248,.236,.484,31,29,1,1,3,2,0,7/9853D
1986,maddemi01,Mike Madden,29,HOU,NL,13,14,9,0,0,0,0,0,0,0,0,1,8,.000,.100,.000,.100,-69,0,0,0,4,0,0,1
1986,maddoga01,Garry Maddox,36,PHI,NL,6,9,7,1,3,0,0,0,1,0,1,2,1,.429,.556,.429,.984,173,3,0,0,0,0,0,/8
1986,maddugr01,Greg Maddux,20,CHC,NL,6,13,12,0,4,0,0,0,0,0,0,0,3,.333,.333,.333,.667,80,4,0,0,1,0,0,/1
1986,maddumi01,Mike Maddux,24,PHI,NL,16,27,22,0,1,0,0,0,1,0,0,1,7,.045,.087,.045,.132,-63,1,0,0,4,0,0,1
1986,madissc01,Scotti Madison,26,DET,AL,2,8,7,0,0,0,0,0,1,0,0,0,3,.000,.000,.000,.000,-100,0,0,0,0,1,0,/5D
1986,madlobi01,Bill Madlock,35,LAD,NL,111,421,379,38,106,17,0,10,60,3,3,30,43,.280,.336,.404,.739,110,153,7,5,1,6,4,5/3
1986,magadda01,Dave Magadan,23,NYM,NL,10,21,18,3,8,0,0,0,3,0,0,3,1,.444,.524,.444,.968,173,8,1,0,0,0,0,/3
1986,mahleri01,Rick Mahler,32,ATL,NL,40,96,83,8,16,3,0,0,7,0,0,4,14,.193,.230,.229,.459,25,19,2,0,9,0,0,1
1986,maldoca01,Candy Maldonado,25,SFG,NL,133,432,405,49,102,31,3,18,85,4,4,20,77,.252,.289,.477,.766,113,193,12,3,0,4,4,97/85
1986,manniri01,Rick Manning,31,MIL,AL,89,227,205,31,52,7,3,8,27,5,3,17,20,.254,.310,.434,.744,98,89,5,1,1,3,2,789/D
1986,manrifr01,Fred Manrique,24,STL,NL,13,18,17,2,3,0,0,1,1,1,0,1,1,.176,.222,.353,.575,57,6,1,0,0,0,0,/54
1986,marshmi02,Mike Marshall,26,LAD,NL,103,362,330,47,77,11,0,19,53,4,4,27,90,.233,.298,.439,.738,108,145,5,4,0,1,3,9/7
1986,martimi01,Mike Martin,27,CHC,NL,8,15,13,1,1,1,0,0,0,0,0,2,4,.077,.200,.154,.354,-3,2,0,0,0,0,1,/2
1986,martibu01,Buck Martinez,37,TOR,AL,81,185,160,13,29,8,0,2,12,0,0,20,25,.181,.271,.269,.539,46,43,5,0,4,1,0,2/D
1986,martica01,Carmelo Martinez,25,SDP,NL,113,283,244,28,58,10,0,9,25,1,1,35,46,.238,.333,.389,.723,101,95,9,1,1,2,2,73/5
1986,martida01,Dave Martinez,21,CHC,NL,53,116,108,13,15,1,1,1,7,4,2,6,22,.139,.190,.194,.384,4,21,1,1,0,1,0,8/79
1986,martide01,Dennis Martinez,32,TOT,MLB,19,31,30,1,3,2,0,0,3,0,0,1,14,.100,.129,.167,.296,-19,5,0,0,0,0,0,1
1986,martide01,Dennis Martinez,32,MON,NL,19,31,30,1,3,2,0,0,3,0,0,1,14,.100,.129,.167,.296,-19,5,0,0,0,0,0,1
1986,masonro01,Roger Mason,28,SFG,NL,11,22,21,0,1,0,0,0,0,0,0,0,13,.048,.048,.048,.095,-73,1,0,0,1,0,0,1
1986,mathegr01,Greg Mathews,24,STL,NL,23,52,43,1,2,0,0,0,2,0,0,0,19,.047,.089,.047,.135,-61,2,1,2,7,0,0,1
1986,matthga01,Gary Matthews,35,CHC,NL,123,432,370,49,96,16,1,21,46,3,2,60,59,.259,.361,.478,.839,124,177,15,0,0,2,1,7
1986,mattido01,Don Mattingly,25,NYY,AL,162,742,677,117,238,53,2,31,113,0,0,53,35,.352,.394,.573,.967,161,388,17,1,1,10,11,*3/5D
1986,matusle01,Len Matuszek,31,LAD,NL,91,222,199,26,52,7,0,9,28,2,2,21,47,.261,.333,.432,.765,117,86,3,1,0,1,1,73/9
1986,mazzile01,Lee Mazzilli,31,TOT,NL,100,192,151,28,37,5,1,3,15,4,4,38,36,.245,.401,.351,.752,110,53,3,2,0,1,2,73/89
1986,mazzile01,Lee Mazzilli,31,PIT,NL,61,120,93,18,21,2,1,1,8,3,3,26,25,.226,.392,.301,.693,93,28,2,0,0,1,1,7/38
1986,mazzile01,Lee Mazzilli,31,NYM,NL,39,72,58,10,16,3,0,2,7,1,1,12,11,.276,.417,.431,.848,137,25,1,2,0,0,1,/379
1986,mcclubo01,Bob McClure,34,TOT,MLB,52,4,4,0,1,0,0,0,0,0,0,0,1,.250,.250,.250,.500,39,1,0,0,0,0,0,1
1986,mcclubo01,Bob McClure,34,MON,NL,52,4,4,0,1,0,0,0,0,0,0,0,1,.250,.250,.250,.500,39,1,0,0,0,0,0,1
1986,mcculla01,Lance McCullers,22,SDP,NL,76,28,22,4,2,2,0,0,3,1,0,3,11,.091,.200,.182,.382,7,4,0,0,3,0,0,1
1986,mcdowod01,Oddibe McDowell,23,TEX,AL,154,643,572,105,152,24,7,18,49,33,15,65,112,.266,.341,.427,.767,106,244,12,1,3,2,5,*8/D
1986,mcdowro01,Roger McDowell,25,NYM,NL,75,20,18,1,5,0,0,0,3,0,0,1,4,.278,.316,.278,.594,67,5,0,0,1,0,0,1/79
1986,mcgafan01,Andy McGaffigan,29,MON,NL,50,38,33,0,2,0,0,0,1,0,0,1,18,.061,.088,.061,.149,-58,2,0,0,4,0,0,1
1986,mcgeewi01,Willie McGee,27,STL,NL,124,539,497,65,127,22,7,7,48,19,16,37,82,.256,.306,.370,.676,86,184,8,1,0,4,7,*8
1986,mcgrifr01,Fred McGriff,22,TOR,AL,3,5,5,1,1,0,0,0,0,0,0,0,2,.200,.200,.200,.400,8,1,0,0,0,0,0,/D3
1986,mcgwima01,Mark McGwire,22,OAK,AL,18,58,53,10,10,1,0,3,9,0,1,4,18,.189,.259,.377,.636,77,20,0,1,0,0,0,5
1986,mclemma01,Mark McLemore,21,CAL,AL,5,6,4,0,0,0,0,0,0,0,1,1,2,.000,.200,.000,.200,-39,0,0,0,1,0,0,/4
1986,mcmurcr01,Craig McMurtry,26,ATL,NL,40,18,16,3,2,0,0,0,0,1,0,1,9,.125,.176,.125,.301,-17,2,0,0,1,0,0,1
1986,mcraeha01,Hal McRae,40,KCR,AL,112,299,278,22,70,14,0,7,37,0,0,18,39,.252,.298,.378,.675,82,105,9,1,0,2,4,D
1986,mcreyke01,Kevin McReynolds,26,SDP,NL,158,641,560,89,161,31,6,26,96,8,6,66,83,.288,.358,.504,.862,138,282,9,1,5,9,6,*87/9
1986,mcwilla01,Larry McWilliams,32,PIT,NL,50,34,29,2,4,1,0,0,0,0,0,2,11,.138,.194,.172,.366,1,5,0,0,3,0,0,1
1986,meachbo01,Bob Meacham,25,NYY,AL,56,185,161,19,36,7,1,0,10,3,6,17,39,.224,.309,.280,.589,63,45,6,3,4,0,0,6
1986,meadolo01,Louie Meadows,25,HOU,NL,6,6,6,1,2,0,0,0,0,1,0,0,0,.333,.333,.333,.667,88,2,0,0,0,0,0,/9
1986,melenfr01,Francisco Melendez,22,PHI,NL,9,8,8,0,2,0,0,0,0,0,0,0,2,.250,.250,.250,.500,37,2,0,0,0,0,0,/3
1986,melvibo01,Bob Melvin,24,SFG,NL,89,289,268,24,60,14,2,5,25,3,2,15,69,.224,.262,.347,.609,71,93,7,0,3,3,1,2/5
1986,mercaor01,Orlando Mercado,24,TEX,AL,46,112,102,7,24,1,1,1,7,0,1,6,13,.235,.279,.294,.573,56,30,5,1,1,2,0,2
1986,milleda01,Darrell Miller,28,CAL,AL,33,62,57,6,13,2,1,0,4,0,0,4,8,.228,.274,.298,.572,57,17,3,0,0,1,0,72/98D
1986,milneed01,Eddie Milner,31,CIN,NL,145,462,424,70,110,22,6,15,47,18,11,36,56,.259,.317,.446,.762,105,189,3,0,1,1,2,*8
1986,mintogr01,Greg Minton,34,SFG,NL,48,7,5,2,2,1,0,0,0,0,0,2,3,.400,.571,.600,1.171,232,3,0,0,0,0,0,1
1986,mitchjo02,John Mitchell,20,NYM,NL,4,2,2,0,0,0,0,0,0,0,0,0,1,.000,.000,.000,.000,-100,0,0,0,0,0,0,/1
1986,mitchke01,Kevin Mitchell,24,NYM,NL,108,364,328,51,91,22,2,12,43,3,3,33,61,.277,.344,.466,.811,124,153,6,1,1,1,0,796/583
1986,mizerjo01,John Mizerock,25,HOU,NL,44,107,81,9,15,1,1,1,6,0,0,24,16,.185,.374,.259,.633,81,21,4,1,0,1,2,2
1986,molitpa01,Paul Molitor,29,MIL,AL,105,482,437,62,123,24,6,9,55,20,5,40,81,.281,.340,.426,.765,105,186,9,0,2,3,0,5D/7
1986,montara01,Rafael Montalvo,22,HOU,NL,1,0,0,0,0,0,0,0,0,0,0,0,0,,,,,,0,0,0,0,0,0,/1
1986,moorebi03,Bill Moore,25,MON,NL,6,12,12,0,2,0,0,0,0,0,0,0,4,.167,.167,.167,.333,-7,2,0,0,0,0,0,/39
1986,moorech02,Charlie Moore,33,MIL,AL,80,264,235,24,61,12,3,3,39,5,5,21,38,.260,.317,.374,.691,86,88,6,0,4,3,1,2/9D48
1986,mooredo01,Donnie Moore,32,CAL,AL,1,0,0,0,0,0,0,0,0,0,0,0,0,,,,,,0,0,0,0,0,0,1
1986,morelke01,Keith Moreland,32,CHC,NL,156,652,586,72,159,30,0,12,79,3,6,53,48,.271,.326,.384,.710,90,225,15,0,2,11,10,*9523
1986,morenom01,Omar Moreno,33,ATL,NL,118,386,359,46,84,18,6,4,27,17,16,21,77,.234,.276,.351,.627,69,126,2,0,6,0,2,978
1986,mormaru01,Russ Morman,24,CHW,AL,49,180,159,18,40,5,0,4,17,1,0,16,36,.252,.324,.358,.683,83,57,5,2,1,2,0,3
1986,morrijo07,John Morris,25,STL,NL,39,108,100,8,24,0,1,1,14,6,2,7,15,.240,.287,.290,.577,60,29,2,0,0,1,2,9/87
1986,morriji01,Jim Morrison,33,PIT,NL,154,593,537,58,147,35,4,23,88,9,8,47,88,.274,.334,.482,.816,121,259,6,4,0,5,5,*5/46
1986,mosebll01,Lloyd Moseby,26,TOR,AL,152,668,589,89,149,24,5,21,86,32,11,64,122,.253,.329,.418,.746,100,246,7,6,2,7,3,*8/D
1986,mosesjo01,John Moses,28,SEA,AL,103,442,399,56,102,16,3,3,34,25,18,34,65,.256,.311,.333,.645,76,133,7,0,5,4,3,8/3D7
1986,motleda01,Darryl Motley,26,TOT,MLB,77,240,227,23,46,10,1,7,20,0,2,12,32,.203,.243,.348,.591,58,79,8,0,1,0,2,9/7D8
1986,motleda01,Darryl Motley,26,KCR,AL,72,229,217,22,44,9,1,7,20,0,2,11,31,.203,.241,.350,.591,58,76,8,0,1,0,1,9/7D8
1986,motleda01,Darryl Motley,26,ATL,NL,5,11,10,1,2,1,0,0,0,0,0,1,1,.200,.273,.300,.573,55,3,0,0,0,0,1,/9
1986,moyerja01,Jamie Moyer,23,CHC,NL,16,30,22,3,2,0,0,0,0,0,0,4,5,.091,.231,.091,.322,-10,2,1,0,4,0,0,1
1986,mulhote01,Terry Mulholland,23,SFG,NL,15,20,19,0,1,0,0,0,0,0,0,0,8,.053,.053,.053,.105,-70,1,0,0,1,0,0,1
1986,mullira01,Rance Mulliniks,30,TOR,AL,117,395,348,50,90,22,0,11,45,1,1,43,60,.259,.340,.417,.757,103,145,12,1,1,2,1,*5/D4
1986,mullifr01,Fran Mullins,29,CLE,AL,28,44,40,3,7,4,0,0,5,0,0,2,11,.175,.209,.275,.484,32,11,0,0,1,1,0,46/3D
1986,mumphje01,Jerry Mumphrey,33,CHC,NL,111,339,309,37,94,11,2,5,32,2,3,26,45,.304,.355,.401,.756,103,124,3,0,1,3,4,879
1986,murphda05,Dale Murphy,30,ATL,NL,160,692,614,89,163,29,7,29,83,7,7,75,141,.265,.347,.477,.824,121,293,10,2,0,1,5,*8/9
1986,murphdw01,Dwayne Murphy,31,OAK,AL,98,400,329,50,83,11,3,9,39,3,1,56,80,.252,.364,.386,.750,112,127,4,4,7,4,4,8/D
1986,murphro01,Rob Murphy,26,CIN,NL,34,3,3,0,0,0,0,0,0,0,0,0,1,.000,.000,.000,.000,-100,0,0,0,0,0,0,1
1986,murraed02,Eddie Murray,30,BAL,AL,137,578,495,61,151,25,1,17,84,3,0,78,49,.305,.396,.463,.859,136,229,17,0,0,5,7,*3D
1986,myersra01,Randy Myers,23,NYM,NL,10,0,0,0,0,0,0,0,0,0,0,0,0,,,,,,0,0,0,0,0,0,1
1986,narroje01,Jerry Narron,30,CAL,AL,57,107,95,5,21,3,1,1,8,0,0,9,14,.221,.292,.305,.598,64,29,5,1,1,1,0,2/D
1986,nelsori01,Ricky Nelson,27,SEA,AL,10,12,12,2,2,0,0,0,1,1,0,0,4,.167,.167,.167,.333,-9,2,0,0,0,0,0,/D8
1986,nelsoro03,Rob Nelson,22,OAK,AL,5,10,9,1,2,1,0,0,0,0,0,1,4,.222,.300,.333,.633,79,3,0,0,0,0,0,/3D
1986,nettlgr01,Graig Nettles,41,SDP,NL,126,400,354,36,77,9,0,16,55,0,1,41,62,.218,.300,.379,.679,88,134,6,2,0,3,8,*5
1986,newmaal01,Al Newman,26,MON,NL,95,212,185,23,37,3,0,1,8,11,11,21,20,.200,.279,.232,.511,43,43,4,0,4,2,2,46
1986,nichoca01,Carl Nichols,23,BAL,AL,5,6,5,0,0,0,0,0,0,0,0,1,4,.000,.167,.000,.167,-49,0,0,0,0,0,1,/2
1986,nichore01,Reid Nichols,27,CHW,AL,74,150,136,9,31,4,0,2,18,5,4,11,23,.228,.282,.301,.583,57,41,2,0,1,2,0,789/D4
1986,niedeto01,Tom Niedenfuer,26,LAD,NL,60,5,4,1,2,0,0,0,2,0,0,0,1,.500,.500,.500,1.000,186,2,0,0,1,0,0,1
1986,niemara01,Randy Niemann,30,NYM,NL,31,7,6,1,2,0,0,0,0,0,0,1,1,.333,.429,.333,.762,116,2,0,0,0,0,0,1
1986,nietoto01,Tom Nieto,25,MON,NL,30,72,65,5,13,3,1,1,7,0,1,6,21,.200,.278,.323,.601,66,21,3,1,0,0,1,2
1986,nixonot01,Otis Nixon,27,CLE,AL,105,110,95,33,25,4,1,0,8,23,6,13,12,.263,.352,.326,.678,88,31,1,0,2,0,0,78/D
1986,nokesma01,Matt Nokes,22,DET,AL,7,25,24,2,8,1,0,1,2,0,0,1,1,.333,.360,.500,.860,132,12,1,0,0,0,1,/2
1986,o'bripe03,Pete O'Brien,28,TEX,AL,156,641,551,86,160,23,3,23,90,4,4,87,66,.290,.385,.468,.854,130,258,19,0,0,3,11,*3
1986,o'malto01,Tom O'Malley,25,BAL,AL,56,200,181,19,46,9,0,1,18,0,1,17,21,.254,.317,.320,.637,76,58,4,0,1,1,1,5
1986,o'neipa01,Paul O'Neill,23,CIN,NL,3,3,2,0,0,0,0,0,0,0,0,1,1,.000,.333,.000,.333,-1,0,0,0,0,0,0,
1986,oberkke01,Ken Oberkfell,30,ATL,NL,151,596,503,62,136,24,3,5,48,7,4,83,40,.270,.373,.360,.733,100,181,11,2,4,4,6,*54
1986,oestero01,Ron Oester,30,CIN,NL,153,586,523,52,135,23,2,8,44,9,2,52,84,.258,.325,.356,.680,85,186,18,1,7,3,16,*4
1986,oglivbe01,Ben Oglivie,37,MIL,AL,103,384,346,31,98,20,1,5,53,1,2,30,33,.283,.334,.390,.724,95,135,7,0,1,7,6,7D/9
1986,ojedabo01,Bob Ojeda,28,NYM,NL,32,80,71,3,8,0,0,0,0,0,0,1,30,.113,.125,.113,.238,-33,8,0,0,8,0,0,1
1986,olwined01,Ed Olwine,28,ATL,NL,37,4,3,0,1,0,0,0,0,0,0,1,1,.333,.500,.333,.833,131,1,0,0,0,0,0,1
1986,ontivst02,Steve Ontiveros,25,OAK,AL,1,0,0,0,0,0,0,0,0,0,0,0,0,,,,,,0,0,0,0,0,0,1
1986,oquenjo01,Jose Oquendo,22,STL,NL,76,158,138,20,41,4,1,0,13,2,3,15,20,.297,.359,.341,.700,95,47,3,0,2,3,4,64/57
1986,oroscje01,Jesse Orosco,29,NYM,NL,58,6,3,1,0,0,0,0,1,0,0,2,0,.000,.333,.000,.333,1,0,0,0,0,1,0,1/9
1986,orsuljo01,Joe Orsulak,24,PIT,NL,138,437,401,60,100,19,6,2,19,24,11,28,38,.249,.299,.342,.641,75,137,4,1,6,1,2,*98/7
1986,ortajo01,Jorge Orta,35,KCR,AL,106,361,336,35,93,14,2,9,46,0,3,23,34,.277,.321,.411,.732,97,138,9,0,0,2,3,D
1986,ortizju01,Junior Ortiz,26,PIT,NL,49,122,110,11,37,6,0,0,14,0,1,9,13,.336,.380,.391,.771,112,43,4,0,1,2,0,2
1986,ouellph01,Phil Ouellette,24,SFG,NL,10,26,23,1,4,0,0,0,0,0,0,3,3,.174,.269,.174,.443,28,4,3,0,0,0,0,/2
1986,owchibo01,Bob Owchinko,31,MON,NL,3,6,5,1,1,0,0,0,0,0,0,1,3,.200,.333,.200,.533,51,1,0,0,0,0,0,/1
1986,owensp01,Spike Owen,25,TOT,AL,154,593,528,67,122,24,7,1,45,4,4,51,51,.231,.300,.309,.608,67,163,13,2,9,3,1,*6
1986,owensp01,Spike Owen,25,SEA,AL,112,446,402,46,99,22,6,0,35,1,3,34,42,.246,.305,.331,.636,74,133,11,1,7,2,1,*6
1986,owensp01,Spike Owen,25,BOS,AL,42,147,126,21,23,2,1,1,10,3,1,17,9,.183,.283,.238,.521,44,30,2,1,2,1,0,6
1986,ownberi01,Rick Ownbey,28,STL,NL,17,10,7,0,0,0,0,0,0,0,0,0,1,.000,.000,.000,.000,-100,0,0,0,3,0,0,1
1986,pacioto01,Tom Paciorek,39,TEX,AL,88,220,213,17,61,7,0,4,22,1,3,3,41,.286,.305,.376,.680,83,80,5,3,0,1,0,375/D96
1986,paglimi01,Mike Pagliarulo,26,NYY,AL,149,565,504,71,120,24,3,28,71,4,1,54,120,.238,.316,.464,.780,110,234,10,4,1,2,10,*5/6
1986,palmera01,Rafael Palmeiro,21,CHC,NL,22,78,73,9,18,4,0,3,12,1,1,4,6,.247,.295,.425,.720,91,31,4,1,0,0,0,7/9
1986,palmeda01,David Palmer,28,ATL,NL,35,77,66,3,12,3,0,1,6,0,0,1,17,.182,.194,.273,.467,25,18,1,0,10,0,0,1
1986,pankoji01,Jim Pankovits,30,HOU,NL,70,124,113,12,32,6,1,1,7,1,1,11,25,.283,.347,.381,.727,104,43,4,0,0,0,1,4/72
1986,pardoal01,Al Pardo,23,BAL,AL,16,51,51,3,7,1,0,1,3,0,0,0,14,.137,.137,.216,.353,-5,11,2,0,0,0,0,2/D
1986,parenma01,Mark Parent,24,SDP,NL,8,15,14,1,2,0,0,0,0,0,0,1,3,.143,.200,.143,.343,-3,2,1,0,0,0,0,/2
1986,pariske01,Kelly Paris,28,BAL,AL,5,10,10,0,2,0,0,0,0,0,1,0,3,.200,.200,.200,.400,11,2,1,0,0,0,0,/5D
1986,parkeda01,Dave Parker,35,CIN,NL,162,700,637,89,174,31,3,31,116,1,6,56,126,.273,.330,.477,.807,117,304,18,1,0,6,16,*9
1986,parreje01,Jeff Parrett,24,MON,NL,12,2,2,0,1,0,0,0,0,0,0,0,1,.500,.500,.500,1.000,178,1,0,0,0,0,0,1
1986,parrila02,Lance Parrish,30,DET,AL,91,374,327,53,84,6,1,22,62,0,0,38,83,.257,.340,.483,.824,122,158,3,5,1,3,3,2/D
1986,parrila01,Larry Parrish,32,TEX,AL,129,524,464,67,128,22,1,28,94,3,1,52,114,.276,.347,.509,.856,128,236,16,2,0,6,7,D5
1986,pasquda01,Dan Pasqua,24,NYY,AL,102,332,280,44,82,17,0,16,45,2,0,47,78,.293,.399,.525,.924,151,147,4,3,1,1,3,79/3D
1986,pattebo01,Bob Patterson,27,PIT,NL,11,10,8,0,1,0,0,0,0,0,0,0,6,.125,.125,.125,.250,-31,1,0,0,2,0,0,1
1986,pecotbi01,Bill Pecota,26,KCR,AL,12,34,29,3,6,2,0,0,2,0,2,3,3,.207,.294,.276,.570,56,8,1,1,0,1,0,5/6
1986,penaal01,Alejandro Pena,27,LAD,NL,24,20,17,0,3,0,0,0,1,0,0,0,6,.176,.176,.176,.353,1,3,0,0,3,0,0,1
1986,penabe01,Bert Pena,26,HOU,NL,15,34,29,3,6,1,0,0,2,1,0,5,5,.207,.324,.241,.565,61,7,3,0,0,0,2,6/54
1986,penahi01,Hipolito Pena,22,PIT,NL,10,0,0,0,0,0,0,0,0,0,0,0,0,,,,,,0,0,0,0,0,0,1
1986,penato01,Tony Pena,29,PIT,NL,144,565,510,56,147,26,2,10,52,9,10,53,69,.288,.356,.406,.762,109,207,21,1,0,1,6,*2/3
1986,pendlte01,Terry Pendleton,25,STL,NL,159,626,578,56,138,26,5,1,59,24,6,34,59,.239,.279,.306,.585,62,177,12,1,6,7,10,*5/9
1986,percoja01,Jack Perconte,31,CHW,AL,24,85,73,6,16,1,0,0,4,2,0,11,10,.219,.321,.233,.554,52,17,2,0,1,0,1,4
1986,perezto01,Tony Perez,44,CIN,NL,77,228,200,14,51,12,1,2,29,0,0,25,25,.255,.333,.355,.688,87,71,6,0,0,3,2,3
1986,perryge01,Gerald Perry,25,ATL,NL,29,80,70,6,19,2,0,2,11,0,1,8,4,.271,.342,.386,.727,97,27,4,0,1,1,1,7/39
1986,perrypa02,Pat Perry,27,STL,NL,46,8,8,0,0,0,0,0,0,0,0,0,4,.000,.000,.000,.000,-100,0,0,0,0,0,0,1
1986,peterri01,Rick Peters,30,OAK,AL,44,45,38,7,7,1,0,0,1,2,2,7,7,.184,.311,.211,.522,51,8,2,0,0,0,1,7/8D49
1986,petrage01,Geno Petralli,26,TEX,AL,69,142,137,17,35,9,3,2,18,3,0,5,14,.255,.282,.409,.690,84,56,7,0,0,0,0,25/4D
1986,pettiga01,Gary Pettis,28,CAL,AL,154,628,539,93,139,23,4,5,58,50,13,69,132,.258,.339,.343,.683,88,185,7,0,15,5,2,*8/D
1986,phelpke01,Ken Phelps,31,SEA,AL,125,441,344,69,85,16,4,24,64,2,3,88,96,.247,.406,.526,.932,152,181,4,6,0,3,6,3D
1986,phillto02,Tony Phillips,27,OAK,AL,118,532,441,76,113,14,5,5,52,15,10,76,82,.256,.367,.345,.712,103,152,2,3,9,3,0,45/8D6
1986,pittach01,Chris Pittaro,24,MIN,AL,11,21,21,0,2,0,0,0,0,0,0,0,8,.095,.095,.095,.190,-48,2,0,0,0,0,0,/46
1986,polidgu01,Gus Polidor,24,CAL,AL,6,20,19,1,5,1,0,0,1,0,0,1,0,.263,.300,.316,.616,69,6,2,0,0,0,0,/456
1986,porteda02,Darrell Porter,34,TEX,AL,68,178,155,21,41,6,0,12,29,1,1,22,51,.265,.360,.535,.895,138,83,3,1,0,0,0,2D
1986,powelde01,Dennis Powell,22,LAD,NL,27,14,14,1,3,3,0,0,0,0,0,0,6,.214,.214,.429,.643,79,6,0,0,0,0,0,1
1986,powerte01,Ted Power,31,CIN,NL,56,30,24,3,3,1,0,0,1,1,0,3,12,.125,.222,.167,.389,8,4,0,0,3,0,0,1
1986,preslji01,Jim Presley,24,SEA,AL,155,660,616,83,163,33,4,27,107,0,4,32,172,.265,.303,.463,.766,105,285,18,4,3,5,3,*5
1986,pricejo02,Joe Price,29,CIN,NL,25,8,7,0,1,0,0,0,2,0,0,1,1,.143,.250,.143,.393,10,1,0,0,0,0,0,1
1986,pryorgr01,Greg Pryor,36,KCR,AL,63,117,112,7,19,4,0,0,7,1,1,3,14,.170,.191,.205,.397,8,23,5,0,2,0,0,564/3
1986,puckeki01,Kirby Puckett,26,MIN,AL,161,723,680,119,223,37,6,31,96,20,12,34,99,.328,.366,.537,.903,142,365,14,7,2,0,4,*8
1986,puhlte01,Terry Puhl,29,HOU,NL,81,193,172,17,42,10,0,3,14,3,2,15,24,.244,.302,.355,.656,83,61,6,0,4,2,1,9/7
1986,puleoch01,Charlie Puleo,31,ATL,NL,5,7,6,0,2,0,0,0,3,0,0,0,3,.333,.333,.333,.667,81,2,0,0,1,0,0,/1
1986,pyznati01,Tim Pyznarski,26,SDP,NL,15,47,42,3,10,1,0,0,0,2,0,4,11,.238,.319,.262,.581,64,11,2,1,0,0,0,3
1986,quinolu01,Luis Quinones,24,SFG,NL,71,115,106,13,19,1,3,0,11,3,1,3,17,.179,.207,.245,.452,27,26,1,1,4,1,1,65/4
1986,quinore01,Rey Quinones,22,TOT,AL,98,346,312,32,68,16,1,2,22,4,3,24,57,.218,.279,.295,.573,57,92,7,3,5,2,0,6
1986,quinore01,Rey Quinones,22,BOS,AL,62,215,190,26,45,12,1,2,15,3,2,19,26,.237,.315,.342,.657,79,65,7,3,2,1,0,6
1986,quinore01,Rey Quinones,22,SEA,AL,36,131,122,6,23,4,0,0,7,1,1,5,31,.189,.219,.221,.440,21,27,0,0,3,1,0,6
1986,quirkja01,Jamie Quirk,31,KCR,AL,80,238,219,24,47,10,0,8,26,0,1,17,41,.215,.273,.370,.643,73,81,4,1,0,1,3,25/37
1986,raineti01,Tim Raines,26,MON,NL,151,664,580,91,194,35,10,9,62,70,9,78,60,.334,.413,.476,.889,145,276,6,2,1,3,9,*7
1986,ramirra01,Rafael Ramirez,28,ATL,NL,134,530,496,57,119,21,1,8,33,19,8,21,60,.240,.273,.335,.608,64,166,16,3,7,3,1,65/79
1986,ramosdo01,Domingo Ramos,28,SEA,AL,49,110,99,8,18,2,0,0,5,0,1,8,13,.182,.250,.202,.452,25,20,7,1,2,0,0,64/5D
1986,randowi01,Willie Randolph,31,NYY,AL,141,601,492,76,136,15,2,5,50,15,2,94,49,.276,.393,.346,.738,105,170,11,3,8,4,0,*4/D
1986,rawlesh01,Shane Rawley,30,PHI,NL,23,64,52,5,9,2,0,0,1,0,0,1,18,.173,.185,.212,.397,8,11,2,0,10,1,0,1
1986,rayjo01,Johnny Ray,29,PIT,NL,155,654,579,67,174,33,0,7,78,6,9,58,47,.301,.363,.394,.757,108,228,21,3,1,7,10,*4
1986,rayfofl01,Floyd Rayford,28,BAL,AL,81,228,210,15,37,4,0,8,19,0,0,15,50,.176,.231,.310,.541,47,65,7,0,3,0,0,52/D
1986,readyra01,Randy Ready,26,TOT,MLB,24,92,82,8,15,4,0,1,4,2,0,9,10,.183,.264,.268,.532,44,22,3,0,1,0,0,7/45D
1986,readyra01,Randy Ready,26,MIL,AL,23,89,79,8,15,4,0,1,4,2,0,9,9,.190,.273,.278,.551,49,22,3,0,1,0,0,7/45D
1986,readyra01,Randy Ready,26,SDP,NL,1,3,3,0,0,0,0,0,0,0,0,0,1,.000,.000,.000,.000,-100,0,0,0,0,0,0,/5
1986,reardje01,Jeff Reardon,30,MON,NL,62,9,8,0,1,0,0,0,0,0,0,0,6,.125,.125,.125,.250,-31,1,0,0,1,0,0,1
1986,redusga01,Gary Redus,29,PHI,NL,90,392,340,62,84,22,4,11,33,25,7,47,78,.247,.343,.432,.775,110,147,2,3,1,1,4,7
1986,reedje02,Jeff Reed,23,MIN,AL,68,185,165,13,39,6,1,2,9,1,0,16,19,.236,.308,.321,.629,71,53,2,1,3,0,0,2
1986,reedje01,Jerry Reed,30,SEA,AL,1,0,0,0,0,0,0,0,0,0,0,0,0,,,,,,0,0,0,0,0,0,1
1986,renteri01,Rick Renteria,24,PIT,NL,10,12,12,2,3,1,0,0,1,0,0,0,4,.250,.250,.333,.583,59,4,0,0,0,0,0,/5
1986,reuscri01,Rick Reuschel,37,PIT,NL,43,81,70,7,11,2,0,0,6,0,0,3,19,.157,.192,.186,.377,4,13,0,0,8,0,0,1
1986,reussje01,Jerry Reuss,37,LAD,NL,19,21,20,0,5,1,0,0,0,0,0,1,6,.250,.286,.300,.586,67,6,0,0,0,0,0,1
1986,reynocr01,Craig Reynolds,33,HOU,NL,114,329,313,32,78,7,3,6,41,3,1,12,31,.249,.274,.348,.623,73,109,8,0,1,3,5,6/35719
1986,reynoha01,Harold Reynolds,25,SEA,AL,126,486,445,46,99,19,4,1,24,30,12,29,42,.222,.275,.290,.565,54,129,6,3,9,0,0,*4
1986,reynor.01,R.J. Reynolds,27,PIT,NL,118,449,402,63,108,30,2,9,48,16,9,40,78,.269,.335,.420,.755,106,169,10,1,3,2,4,*798
1986,reynoro02,Ronn Reynolds,27,PHI,NL,43,132,126,8,27,4,0,3,10,0,0,5,30,.214,.242,.317,.560,52,40,4,0,0,1,0,2
1986,rhoderi01,Rick Rhoden,33,PIT,NL,41,101,90,9,25,9,0,1,10,0,1,3,13,.278,.298,.411,.709,93,37,5,0,7,1,0,1
1986,riceji01,Jim Rice,33,BOS,AL,157,693,618,98,200,39,2,20,110,0,1,62,78,.324,.384,.490,.874,137,303,19,4,0,9,5,*7/D
1986,rileser01,Ernie Riles,25,MIL,AL,145,588,524,69,132,24,2,9,47,7,7,54,80,.252,.321,.357,.678,83,187,14,1,6,3,0,*6
1986,rileyge01,George Riley,29,MON,NL,10,0,0,0,0,0,0,0,0,0,0,0,0,,,,,,0,0,0,0,0,0,1
1986,ripkeca01,Cal Ripken Jr.,25,BAL,AL,162,707,627,98,177,35,1,25,81,4,2,70,60,.282,.355,.461,.816,123,289,19,4,0,6,5,*6
1986,riverlu01,Luis Rivera,22,MON,NL,55,187,166,20,34,11,1,0,13,1,1,17,33,.205,.285,.283,.568,58,47,1,2,1,1,0,6
1986,roberbe01,Bert Roberge,31,MON,NL,21,2,2,0,0,0,0,0,0,0,0,0,0,.000,.000,.000,.000,-100,0,0,0,0,0,0,1
1986,roberbi01,Bip Roberts,22,SDP,NL,101,258,241,34,61,5,2,1,12,14,12,14,29,.253,.293,.303,.596,67,73,2,0,2,1,1,4
1986,robidbi01,Billy Jo Robidoux,22,MIL,AL,56,215,181,15,41,8,0,1,21,0,0,33,36,.227,.344,.287,.631,73,52,8,0,0,1,1,3D
1986,robindo01,Don Robinson,29,PIT,NL,50,6,6,1,4,1,0,0,1,0,0,0,1,.667,.667,.833,1.500,309,5,0,0,0,0,0,1
1986,robinje01,Jeff Robinson,25,SFG,NL,65,17,15,0,1,0,0,0,2,0,0,0,7,.067,.063,.067,.129,-63,1,0,0,1,1,0,1/9
1986,robinro01,Ron Robinson,24,CIN,NL,70,14,14,1,1,0,0,0,0,0,0,0,3,.071,.071,.071,.143,-61,1,1,0,0,0,0,1
1986,rodriru01,Ruben Rodriguez,21,PIT,NL,2,3,3,0,0,0,0,0,0,0,0,0,1,.000,.000,.000,.000,-100,0,0,0,0,0,0,/2
1986,roeniga01,Gary Roenicke,31,NYY,AL,69,165,136,11,36,5,0,3,18,1,1,27,30,.265,.388,.368,.756,109,50,1,1,0,1,0,7D/5839
1986,roeniro01,Ron Roenicke,29,PHI,NL,102,343,275,42,68,13,1,5,42,2,2,61,52,.247,.381,.356,.737,103,98,4,0,4,3,4,87/9
1986,rohnda01,Dan Rohn,30,CLE,AL,6,11,10,1,2,0,0,0,2,0,0,1,1,.200,.273,.200,.473,33,2,0,0,0,0,0,/456
1986,romered01,Ed Romero,28,BOS,AL,100,263,233,41,49,11,0,2,23,2,0,18,16,.210,.270,.283,.553,51,66,5,2,7,3,0,65/48
1986,rominke01,Kevin Romine,25,BOS,AL,35,39,35,6,9,2,0,0,2,2,0,3,9,.257,.316,.314,.630,73,11,1,0,1,0,0,8/9
1986,rosepe01,Pete Rose,45,CIN,NL,72,272,237,15,52,8,2,0,25,3,0,30,31,.219,.316,.270,.586,61,64,2,4,0,1,0,3
1986,rowdowa01,Wade Rowdon,25,CIN,NL,38,92,80,9,20,5,1,0,10,2,0,9,17,.250,.330,.338,.667,82,27,0,1,1,1,0,/5764
1986,roystje01,Jerry Royster,33,SDP,NL,118,298,257,31,66,12,0,5,26,3,5,32,45,.257,.336,.362,.697,95,93,6,0,6,3,3,564/7
1986,ruckeda01,Dave Rucker,28,PHI,NL,19,1,1,0,0,0,0,0,0,0,0,0,0,.000,.000,.000,.000,-100,0,0,0,0,0,0,1
1986,ruffibr01,Bruce Ruffin,22,PHI,NL,21,56,55,2,4,1,0,0,2,0,0,0,32,.073,.073,.091,.164,-56,5,2,0,1,0,0,1
1986,rungepa01,Paul Runge,28,ATL,NL,7,10,8,1,2,0,0,0,0,0,0,2,4,.250,.400,.250,.650,80,2,1,0,0,0,0,/4
1986,runneto01,Tom Runnells,31,CIN,NL,12,11,11,1,1,1,0,0,0,0,0,0,2,.091,.091,.182,.273,-28,2,1,0,0,0,0,/45
1986,russebi01,Bill Russell,37,LAD,NL,105,242,216,21,54,11,0,0,18,7,0,15,23,.250,.302,.301,.603,73,65,6,2,7,2,2,679/458
1986,russejo02,John Russell,25,PHI,NL,93,348,315,35,76,21,2,13,60,0,1,25,103,.241,.300,.444,.744,101,140,6,3,1,4,2,2
1986,ruthvdi01,Dick Ruthven,35,CHC,NL,6,1,1,0,0,0,0,0,0,0,0,0,1,.000,.000,.000,.000,-100,0,0,0,0,0,0,/1
1986,ryalma01,Mark Ryal,25,CAL,AL,13,34,32,6,12,0,0,2,5,1,0,2,4,.375,.412,.563,.974,164,18,1,0,0,0,1,/93D
1986,ryanno01,Nolan Ryan,39,HOU,NL,30,63,59,1,6,0,0,0,5,0,1,1,22,.102,.117,.102,.218,-38,6,2,0,3,0,0,1
1986,sakatle01,Lenn Sakata,32,OAK,AL,17,38,34,4,12,2,0,0,5,0,1,3,6,.353,.395,.412,.807,129,14,1,0,0,1,0,4/D
1986,salasma01,Mark Salas,25,MIN,AL,91,285,258,28,60,7,4,8,33,3,1,18,32,.233,.282,.384,.666,79,99,8,1,5,3,2,2/D
1986,salazan01,Angel Salazar,24,KCR,AL,117,313,298,24,73,20,2,0,24,1,1,7,47,.245,.266,.326,.592,60,97,3,2,5,1,0,*6/4
1986,salazlu01,Luis Salazar,30,CHW,AL,4,8,7,1,1,0,0,0,0,0,0,1,3,.143,.250,.143,.393,9,1,0,0,0,0,0,/D
1986,samplbi01,Billy Sample,31,ATL,NL,92,221,200,23,57,11,0,6,14,4,2,14,26,.285,.338,.430,.768,107,86,0,3,2,2,1,97/4
1986,samueju01,Juan Samuel,25,PHI,NL,145,633,591,90,157,36,12,16,78,42,14,26,142,.266,.302,.448,.751,102,265,8,8,1,7,3,*4
1986,sanchal01,Alejandro Sanchez,27,MIN,AL,8,17,16,1,2,0,0,0,1,0,0,1,8,.125,.176,.125,.301,-16,2,2,0,0,0,0,/D7
1986,sandbry01,Ryne Sandberg,26,CHC,NL,154,682,627,68,178,28,5,14,76,34,11,46,79,.284,.330,.411,.741,98,258,11,0,3,6,6,*4
1986,sandesc01,Scott Sanderson,29,CHC,NL,38,58,51,1,3,1,0,0,2,0,0,0,23,.059,.077,.078,.155,-58,4,0,1,6,0,0,1
1986,santara01,Rafael Santana,28,NYM,NL,139,436,394,38,86,11,0,1,28,0,0,36,43,.218,.285,.254,.539,52,100,15,2,1,3,12,*6/4
1986,santibe01,Benito Santiago,21,SDP,NL,17,65,62,10,18,2,0,3,6,0,1,2,12,.290,.308,.468,.775,113,29,0,0,0,1,0,2
1986,sauveri01,Rich Sauveur,22,PIT,NL,3,4,3,0,1,0,0,0,0,0,0,0,1,.333,.333,.333,.667,84,1,0,0,1,0,0,/1
1986,saxda01,Dave Sax,27,BOS,AL,4,11,11,1,5,1,0,1,1,0,0,0,1,.455,.455,.818,1.273,239,9,0,0,0,0,0,/23
1986,saxst01,Steve Sax,26,LAD,NL,157,704,633,91,210,43,4,6,56,40,17,59,58,.332,.390,.441,.830,137,279,12,3,6,3,5,*4
1986,schatda01,Dan Schatzeder,31,TOT,NL,58,31,26,5,10,2,1,1,2,0,0,5,10,.385,.484,.654,1.138,211,17,0,0,0,0,0,1
1986,schatda01,Dan Schatzeder,31,MON,NL,33,26,21,5,9,1,1,1,2,0,0,5,8,.429,.538,.714,1.253,244,15,0,0,0,0,0,1
1986,schatda01,Dan Schatzeder,31,PHI,NL,25,5,5,0,1,1,0,0,0,0,0,0,2,.200,.200,.400,.600,60,2,0,0,0,0,0,1
1986,schmimi01,Mike Schmidt,36,PHI,NL,160,657,552,97,160,29,1,37,119,1,2,89,84,.290,.390,.547,.937,153,302,8,7,0,9,25,*53
1986,schofdi02,Dick Schofield,23,CAL,AL,139,529,458,67,114,17,6,13,57,23,5,48,55,.249,.321,.397,.719,96,182,8,5,9,9,2,*6
1986,schrobi01,Bill Schroeder,27,MIL,AL,64,237,217,32,46,14,0,7,19,1,0,9,59,.212,.262,.373,.635,69,81,3,6,4,1,0,23D
1986,schuri01,Rick Schu,24,PHI,NL,92,233,208,32,57,10,1,8,25,2,2,18,44,.274,.335,.447,.782,112,93,1,2,3,2,1,5
1986,sciosmi01,Mike Scioscia,27,LAD,NL,122,449,374,36,94,18,1,5,26,3,3,62,23,.251,.359,.345,.704,102,129,11,3,6,4,4,*2
1986,scottmi03,Mike Scott,31,HOU,NL,38,107,95,7,12,2,0,0,3,0,0,2,48,.126,.144,.147,.292,-18,14,0,0,10,0,0,1
1986,sebrabo01,Bob Sebra,24,MON,NL,18,30,29,2,6,1,0,0,0,0,0,1,5,.207,.233,.241,.475,32,7,1,0,0,0,0,1
1986,seela01,Larry See,26,LAD,NL,13,22,20,1,5,2,0,0,2,0,0,2,7,.250,.318,.350,.668,91,7,0,0,0,0,0,/3
1986,seitzke01,Kevin Seitzer,24,KCR,AL,28,116,96,16,31,4,1,2,11,0,0,19,14,.323,.440,.448,.888,142,43,0,1,0,0,0,3/75
1986,sheetla01,Larry Sheets,26,BAL,AL,112,364,338,42,92,17,1,18,60,2,0,21,56,.272,.317,.488,.805,118,165,16,2,1,2,3,D79/235
1986,shelbjo01,John Shelby,28,BAL,AL,135,428,404,54,92,14,4,11,49,18,6,18,75,.228,.263,.364,.627,70,147,3,2,2,2,0,*879/D
1986,shephro01,Ron Shepherd,25,TOR,AL,65,73,69,16,14,4,0,2,4,0,0,3,22,.203,.236,.348,.584,55,24,1,0,1,0,0,D798
1986,sheripa01,Pat Sheridan,28,DET,AL,98,262,236,41,56,9,1,6,19,9,2,21,57,.237,.300,.360,.660,79,85,3,1,2,2,4,897/D
1986,shielst01,Steve Shields,27,TOT,MLB,6,1,1,0,0,0,0,0,0,0,0,0,1,.000,.000,.000,.000,-100,0,0,0,0,0,0,/1
1986,shielst01,Steve Shields,27,ATL,NL,6,1,1,0,0,0,0,0,0,0,0,0,1,.000,.000,.000,.000,-100,0,0,0,0,0,0,/1
1986,shiplcr01,Craig Shipley,23,LAD,NL,12,31,27,3,3,1,0,0,4,0,0,2,5,.111,.200,.148,.348,1,4,1,1,1,0,1,6/45
1986,shower01,Eric Show,30,SDP,NL,24,47,43,2,7,2,0,0,1,0,0,1,14,.163,.182,.209,.391,9,9,0,0,3,0,0,1
1986,sierrru01,Ruben Sierra,20,TEX,AL,113,411,382,50,101,13,10,16,55,7,8,22,65,.264,.302,.476,.779,107,182,8,1,1,5,3,978/D
1986,simmote01,Ted Simmons,36,ATL,NL,76,144,127,14,32,5,0,4,25,1,0,12,14,.252,.313,.386,.698,88,49,1,1,0,4,5,32/5
1986,siskdo01,Doug Sisk,28,NYM,NL,41,4,4,0,0,0,0,0,0,0,0,0,2,.000,.000,.000,.000,-100,0,0,0,0,0,0,1
1986,skinnjo01,Joel Skinner,25,TOT,AL,114,336,315,23,73,9,1,5,37,1,4,16,83,.232,.269,.314,.584,58,99,6,1,2,2,0,*2
1986,skinnjo01,Joel Skinner,25,CHW,AL,60,162,149,17,30,5,1,4,20,1,0,9,43,.201,.250,.329,.579,54,49,2,1,2,1,0,2
1986,skinnjo01,Joel Skinner,25,NYY,AL,54,174,166,6,43,4,0,1,17,0,4,7,40,.259,.287,.301,.589,62,50,4,0,0,1,0,2
1986,slatoji01,Jim Slaton,36,TOT,AL,1,0,0,0,0,0,0,0,0,0,0,0,0,,,,,,0,0,0,0,0,0,1
1986,slatoji01,Jim Slaton,36,DET,AL,1,0,0,0,0,0,0,0,0,0,0,0,0,,,,,,0,0,0,0,0,0,1
1986,slaugdo01,Don Slaught,27,TEX,AL,95,341,314,39,83,17,1,13,46,3,2,16,59,.264,.308,.449,.757,102,141,8,5,3,3,0,2/D
1986,smallro02,Roy Smalley,33,MIN,AL,143,530,459,59,113,20,4,20,57,1,3,68,80,.246,.342,.438,.780,110,201,10,0,1,2,4,*D6/5
1986,smilejo01,John Smiley,21,PIT,NL,12,0,0,0,0,0,0,0,0,0,0,0,0,,,,,,0,0,0,0,0,0,1
1986,smithbr01,Bryn Smith,30,MON,NL,30,67,58,3,8,1,0,1,7,0,0,4,17,.138,.194,.207,.400,11,12,0,0,5,0,0,1
1986,smithda02,Dave Smith,31,HOU,NL,54,2,2,0,0,0,0,0,0,0,0,0,0,.000,.000,.000,.000,-100,0,0,0,0,0,0,1
1986,smithle02,Lee Smith,28,CHC,NL,66,5,5,0,0,0,0,0,0,0,0,0,5,.000,.000,.000,.000,-100,0,0,0,0,0,0,1
1986,smithlo01,Lonnie Smith,30,KCR,AL,134,568,508,80,146,25,7,8,44,26,9,46,78,.287,.357,.411,.768,108,209,10,10,2,2,0,*7D
1986,smithmi04,Mike Smith,25,CIN,NL,2,0,0,0,0,0,0,0,0,0,0,0,0,,,,,,0,0,0,0,0,0,/1
1986,smithoz01,Ozzie Smith,31,STL,NL,153,609,514,67,144,19,4,0,54,31,7,79,27,.280,.376,.333,.709,98,171,9,2,11,3,13,*6
1986,smithza01,Zane Smith,25,ATL,NL,43,71,59,2,5,0,0,0,3,0,0,2,19,.085,.115,.085,.199,-45,5,0,0,9,0,0,1
1986,snydeco02,Cory Snyder,23,CLE,AL,103,433,416,58,113,21,1,24,69,2,3,16,123,.272,.299,.500,.799,115,208,8,0,1,0,0,965/7D
1986,soffra01,Ray Soff,27,STL,NL,30,3,2,0,0,0,0,0,0,0,0,0,2,.000,.000,.000,.000,-100,0,0,0,1,0,0,1
1986,solanju01,Julio Solano,26,HOU,NL,16,7,6,0,0,0,0,0,0,0,0,0,5,.000,.000,.000,.000,-100,0,0,0,1,0,0,1
1986,sotoma01,Mario Soto,29,CIN,NL,20,33,27,2,3,1,0,0,1,0,0,0,6,.111,.111,.148,.259,-30,4,0,0,6,0,0,1
1986,speckcl01,Cliff Speck,29,ATL,NL,13,5,3,0,0,0,0,0,0,0,0,1,3,.000,.250,.000,.250,-26,0,0,0,1,0,0,1
1986,speiech01,Chris Speier,36,CHC,NL,95,176,155,21,44,8,0,6,23,2,2,15,32,.284,.349,.452,.800,114,70,4,1,4,1,3,56/4
1986,spilmha01,Harry Spilman,31,TOT,MLB,82,159,143,18,39,9,0,5,30,0,0,15,21,.273,.342,.441,.782,117,63,1,0,1,0,3,3D/5247
1986,spilmha01,Harry Spilman,31,DET,AL,24,53,49,6,12,2,0,3,8,0,0,3,8,.245,.288,.469,.758,103,23,1,0,1,0,0,D/532
1986,spilmha01,Harry Spilman,31,SFG,NL,58,106,94,12,27,7,0,2,22,0,0,12,13,.287,.368,.426,.793,124,40,0,0,0,0,3,3/5427
1986,st.clra01,Randy St. Claire,25,MON,NL,11,2,1,0,0,0,0,0,0,0,0,0,1,.000,.000,.000,.000,-100,0,0,0,1,0,0,1
1986,stanlmi02,Mike Stanley,23,TEX,AL,15,33,30,4,10,3,0,1,1,1,0,3,7,.333,.394,.533,.927,148,16,0,0,0,0,0,/52D7
1986,staplda01,Dave Stapleton,32,BOS,AL,39,42,39,4,5,1,0,0,3,0,0,2,10,.128,.171,.154,.325,-10,6,1,0,1,0,0,3/45
1986,stefejo01,John Stefero,26,BAL,AL,52,137,120,14,28,2,0,2,13,0,1,16,25,.233,.321,.300,.621,72,36,1,0,0,1,0,2/4
1986,steinte01,Terry Steinbach,24,OAK,AL,6,16,15,3,5,0,0,2,4,0,0,1,0,.333,.375,.733,1.108,204,11,0,0,0,0,0,/2
1986,stenhmi01,Mike Stenhouse,28,BOS,AL,21,34,21,1,2,1,0,0,1,0,0,12,5,.095,.424,.143,.567,64,3,1,0,1,0,0,/379
1986,stewada01,Dave Stewart,29,TOT,MLB,8,0,0,0,0,0,0,0,0,0,0,0,0,,,,,,0,0,0,0,0,0,1
1986,stewada01,Dave Stewart,29,PHI,NL,8,0,0,0,0,0,0,0,0,0,0,0,0,,,,,,0,0,0,0,0,0,/1
1986,stiebda01,Dave Stieb,28,TOR,AL,1,0,0,1,0,0,0,0,0,0,0,0,0,,,,,,0,0,0,0,0,0,1
1986,stillku01,Kurt Stillwell,21,CIN,NL,104,315,279,31,64,6,1,0,26,6,2,30,47,.229,.309,.258,.567,56,72,5,2,4,0,1,6
1986,stoddbo01,Bob Stoddard,29,SDP,NL,18,1,1,0,0,0,0,0,0,0,0,0,1,.000,.000,.000,.000,-100,0,0,0,0,0,0,1
1986,stoddti01,Tim Stoddard,33,TOT,MLB,30,4,4,1,1,0,0,1,1,0,0,0,2,.250,.250,1.000,1.250,232,4,0,0,0,0,0,1
1986,stoddti01,Tim Stoddard,33,SDP,NL,30,4,4,1,1,0,0,1,1,0,0,0,2,.250,.250,1.000,1.250,232,4,0,0,0,0,0,1
1986,stoneje01,Jeff Stone,25,PHI,NL,82,275,249,32,69,6,4,6,19,19,6,20,52,.277,.341,.406,.746,103,101,3,4,2,0,0,78
1986,strawda01,Darryl Strawberry,24,NYM,NL,136,562,475,76,123,27,5,27,93,28,12,72,141,.259,.358,.507,.865,139,241,4,6,0,9,9,*9/7
1986,stubbfr01,Franklin Stubbs,25,LAD,NL,132,465,420,55,95,11,1,23,58,7,1,37,107,.226,.291,.421,.712,101,177,9,2,4,2,11,*7893
1986,sullima02,Marc Sullivan,27,BOS,AL,41,134,119,15,23,4,0,1,14,0,0,7,32,.193,.260,.252,.512,41,30,1,4,3,1,0,2
1986,sundbji01,Jim Sundberg,35,KCR,AL,140,491,429,41,91,9,1,12,42,1,1,57,91,.212,.303,.322,.624,70,138,7,0,2,3,1,*2
1986,sutclri01,Rick Sutcliffe,30,CHC,NL,29,60,53,3,11,2,0,1,4,0,0,2,13,.208,.250,.302,.552,48,16,1,1,4,0,0,1
1986,suttebr01,Bruce Sutter,33,ATL,NL,16,1,1,0,0,0,0,0,0,0,0,0,1,.000,.000,.000,.000,-100,0,0,0,0,0,0,1
1986,sveumda01,Dale Sveum,22,MIL,AL,91,356,317,35,78,13,2,7,35,4,3,32,63,.246,.316,.366,.682,83,116,7,1,5,1,0,546
1986,tablepa01,Pat Tabler,28,CLE,AL,130,508,473,61,154,29,2,6,48,3,1,29,75,.326,.368,.433,.801,120,205,11,3,2,1,3,3D
1986,tartada01,Danny Tartabull,23,SEA,AL,137,578,511,76,138,25,6,25,96,4,8,61,157,.270,.347,.489,.836,125,250,10,1,2,3,2,947/D5
1986,tarvela01,La Schelle Tarver,27,BOS,AL,13,26,25,3,3,0,0,0,1,0,1,1,4,.120,.154,.120,.274,-24,3,0,0,0,0,0,/87
1986,taylodw01,Dwight Taylor,26,KCR,AL,4,2,2,1,0,0,0,0,0,0,0,0,0,.000,.000,.000,.000,-100,0,0,0,0,0,0,/D8
1986,tejadwi01,Wilfredo Tejada,23,MON,NL,10,27,25,1,6,1,0,0,2,0,0,2,8,.240,.296,.280,.576,60,7,1,0,0,0,1,2
1986,tekulke01,Kent Tekulve,39,PHI,NL,73,6,5,1,0,0,0,0,0,0,0,1,1,.000,.167,.000,.167,-50,0,0,0,0,0,0,1
1986,templga01,Garry Templeton,30,SDP,NL,147,549,510,42,126,21,2,2,44,10,5,35,86,.247,.296,.308,.603,69,157,12,1,1,2,21,*6
1986,terrysc01,Scott Terry,26,CIN,NL,30,6,4,3,1,0,0,0,0,0,0,1,1,.250,.400,.250,.650,81,1,0,0,1,0,0,1
1986,tettlmi01,Mickey Tettleton,25,OAK,AL,90,262,211,26,43,9,0,10,35,7,1,39,51,.204,.325,.389,.714,101,82,3,1,7,4,0,2
1986,teufeti01,Tim Teufel,27,NYM,NL,93,318,279,35,69,20,1,4,31,1,2,32,42,.247,.324,.369,.693,93,103,6,1,3,3,1,4/35
1986,thomaan01,Andres Thomas,22,ATL,NL,102,335,323,26,81,17,2,6,32,4,6,8,49,.251,.267,.372,.639,71,120,14,0,2,2,2,6
1986,thomago01,Gorman Thomas,35,TOT,AL,101,377,315,45,59,8,1,16,36,3,4,58,105,.187,.316,.371,.687,86,117,5,1,3,0,4,D/3
1986,thomago01,Gorman Thomas,35,SEA,AL,57,199,170,24,33,4,0,10,26,1,2,27,55,.194,.308,.394,.702,90,67,2,1,1,0,3,D
1986,thomago01,Gorman Thomas,35,MIL,AL,44,178,145,21,26,4,1,6,10,2,2,31,50,.179,.324,.345,.669,81,50,3,0,2,0,1,D/3
1986,thompja01,Jason Thompson,31,MON,NL,30,69,51,6,10,4,0,0,4,0,1,18,12,.196,.406,.275,.680,92,14,0,0,0,0,2,3
1986,thompmi02,Milt Thompson,27,PHI,NL,96,332,299,38,75,7,1,6,23,19,4,26,62,.251,.311,.341,.652,78,102,4,1,4,2,1,8
1986,thompro01,Robby Thompson,24,SFG,NL,149,615,549,73,149,27,3,7,47,12,15,42,112,.271,.328,.370,.698,97,203,11,5,18,1,0,*4/6
1986,thondi01,Dickie Thon,28,HOU,NL,106,309,278,24,69,13,1,3,21,6,5,29,49,.248,.318,.335,.653,83,93,8,0,1,1,5,6
1986,thornan01,Andre Thornton,36,CLE,AL,120,475,401,49,92,14,0,17,66,4,1,65,67,.229,.333,.392,.724,99,157,11,1,0,8,0,*D
1986,thurmma01,Mark Thurmond,29,TOT,MLB,18,26,24,0,6,1,0,0,6,0,0,0,3,.250,.250,.292,.542,51,7,1,0,2,0,0,1
1986,thurmma01,Mark Thurmond,29,SDP,NL,18,26,24,0,6,1,0,0,6,0,0,0,3,.250,.250,.292,.542,51,7,1,0,2,0,0,1
1986,tibbsja01,Jay Tibbs,24,MON,NL,36,62,54,2,7,1,0,0,0,0,0,4,31,.130,.190,.148,.338,-5,8,0,0,4,0,0,1
1986,tillmru01,Rusty Tillman,25,OAK,AL,22,42,39,6,10,1,0,1,6,2,0,3,11,.256,.310,.359,.668,88,14,0,0,0,0,0,9/7
1986,tolivfr01,Freddie Toliver,25,PHI,NL,5,8,6,0,0,0,0,0,0,1,0,1,1,.000,.250,.000,.250,-25,0,0,1,0,0,0,/1
1986,tollewa01,Wayne Tolleson,30,TOT,AL,141,546,475,61,126,16,5,3,43,17,10,52,76,.265,.338,.339,.677,84,161,6,2,13,4,0,65/4D87
1986,tollewa01,Wayne Tolleson,30,CHW,AL,81,310,260,39,65,7,3,3,29,13,6,38,43,.250,.342,.335,.677,83,87,3,0,9,3,0,56/D87
1986,tollewa01,Wayne Tolleson,30,NYY,AL,60,236,215,22,61,9,2,0,14,4,4,14,33,.284,.332,.344,.676,86,74,3,2,4,1,0,6/54
1986,tolmati01,Tim Tolman,30,DET,AL,16,43,34,4,6,1,0,0,2,1,1,6,4,.176,.293,.206,.499,39,7,0,0,2,1,0,/D93
1986,tomlida01,Dave Tomlin,37,MON,NL,7,0,0,0,0,0,0,0,0,0,0,0,0,,,,,,0,0,0,0,0,0,/1
1986,trabeji01,Jim Traber,24,BAL,AL,65,240,212,28,54,7,0,13,44,0,0,18,31,.255,.321,.472,.793,115,100,6,5,0,5,2,3D/79
1986,trammal01,Alan Trammell,28,DET,AL,151,653,574,107,159,33,7,21,75,25,12,59,57,.277,.347,.469,.816,120,269,7,5,11,4,4,*6/D
1986,trevial01,Alex Trevino,28,LAD,NL,89,233,202,31,53,13,0,4,26,0,0,27,35,.262,.351,.386,.737,110,78,6,1,2,1,2,2/3
1986,trillma01,Manny Trillo,35,CHC,NL,81,172,152,22,45,10,0,1,19,0,2,16,21,.296,.359,.382,.740,99,58,2,0,2,2,0,53/4
1986,troutst01,Steve Trout,28,CHC,NL,37,48,43,5,9,1,0,0,3,0,0,1,15,.209,.227,.233,.460,24,10,1,0,4,0,0,1
1986,tudorjo01,John Tudor,32,STL,NL,30,87,72,6,11,1,0,0,6,0,0,1,22,.153,.162,.167,.329,-9,12,0,0,13,1,0,1
1986,upshawi01,Willie Upshaw,29,TOR,AL,155,661,573,85,144,28,6,9,60,23,5,78,87,.251,.341,.368,.709,91,211,5,2,4,4,4,*3/D
1986,uribejo01,Jose Uribe,27,SFG,NL,157,517,453,46,101,15,1,3,43,22,11,61,76,.223,.315,.280,.596,70,127,2,0,3,0,19,*6
1986,valdese01,Sergio Valdez,21,MON,NL,5,8,8,0,1,0,0,0,0,0,0,0,3,.125,.125,.125,.250,-31,1,0,0,0,0,0,/1
1986,valenfe01,Fernando Valenzuela,25,LAD,NL,39,116,109,5,24,4,0,0,7,0,0,0,11,.220,.218,.257,.475,35,28,1,0,6,1,0,1
1986,valleda01,Dave Valle,25,SEA,AL,22,60,53,10,18,3,0,5,15,0,0,7,7,.340,.417,.679,1.096,193,36,2,0,0,0,0,2/3
1986,vangoda01,Dave Van Gorder,29,CIN,NL,9,11,10,0,0,0,0,0,0,0,0,1,2,.000,.091,.000,.091,-73,0,1,0,0,0,0,/2
1986,vanslan01,Andy Van Slyke,25,STL,NL,137,470,418,48,113,23,7,13,61,21,8,47,85,.270,.343,.452,.795,118,189,2,1,1,3,5,*938/7
1986,vandeed01,Ed Vande Berg,27,LAD,NL,60,1,1,0,0,0,0,0,0,0,0,0,1,.000,.000,.000,.000,-100,0,0,0,0,0,0,1
1986,venabma01,Max Venable,29,CIN,NL,108,168,147,17,31,7,1,2,15,7,2,17,24,.211,.289,.313,.602,64,46,0,0,2,2,2,7/89
1986,virgioz02,Ozzie Virgil,29,ATL,NL,114,431,359,45,80,9,0,15,48,1,0,63,73,.223,.343,.373,.716,94,134,9,4,2,3,5,*2
1986,vosbeed01,Ed Vosberg,24,SDP,NL,5,2,2,0,0,0,0,0,0,0,0,0,1,.000,.000,.000,.000,-100,0,0,0,0,0,0,/1
1986,walkbo01,Bob Walk,29,PIT,NL,44,42,39,2,6,3,0,0,7,0,2,1,11,.154,.171,.231,.402,9,9,0,0,1,1,0,1
1986,walkech01,Chico Walker,27,CHC,NL,28,112,101,21,28,3,2,1,7,15,4,10,20,.277,.339,.376,.716,92,38,3,0,0,1,0,98/7
1986,walkegr01,Greg Walker,26,CHW,AL,78,316,282,37,78,10,6,13,51,1,2,29,44,.277,.345,.493,.838,122,139,4,2,0,3,4,3/D
1986,walketo03,Tony Walker,26,HOU,NL,84,101,90,19,20,7,0,2,10,11,3,11,15,.222,.307,.367,.674,88,33,3,0,0,0,2,8
1986,wallati01,Tim Wallach,28,MON,NL,134,539,480,50,112,22,1,18,71,8,4,44,72,.233,.308,.396,.704,93,190,16,10,0,5,8,*5
1986,wallide01,Denny Walling,32,HOU,NL,130,422,382,54,119,23,1,13,58,1,1,36,31,.312,.367,.479,.846,135,183,8,0,0,4,5,5/793
1986,waltege01,Gene Walter,25,SDP,NL,57,13,10,0,2,1,0,0,0,0,0,1,4,.200,.273,.300,.573,60,3,0,0,2,0,0,1
1986,warddu01,Duane Ward,22,TOT,MLB,10,1,1,0,0,0,0,0,0,0,0,0,0,.000,.000,.000,.000,-100,0,0,0,0,0,0,1
1986,warddu01,Duane Ward,22,ATL,NL,10,1,1,0,0,0,0,0,0,0,0,0,0,.000,.000,.000,.000,-100,0,0,0,0,0,0,1
1986,wardga01,Gary Ward,32,TEX,AL,105,418,380,54,120,15,2,5,51,12,8,31,72,.316,.372,.405,.777,110,154,10,4,1,2,3,7/8D
1986,washicl01,Claudell Washington,31,TOT,MLB,94,297,272,36,69,16,0,11,30,10,8,21,59,.254,.311,.434,.745,101,118,7,2,1,1,0,987
1986,washicl01,Claudell Washington,31,ATL,NL,40,153,137,17,37,11,0,5,14,4,7,14,26,.270,.336,.460,.795,113,63,4,0,1,1,0,9
1986,washicl01,Claudell Washington,31,NYY,AL,54,144,135,19,32,5,0,6,16,6,1,7,33,.237,.285,.407,.692,87,55,3,2,0,0,0,87/9
1986,washiro01,Ron Washington,34,MIN,AL,48,81,74,15,19,3,0,4,11,1,2,3,21,.257,.278,.459,.738,96,34,0,0,2,2,0,4D/65
1986,washiu_01,U L Washington,32,PIT,NL,72,155,135,14,27,0,4,0,10,6,0,15,27,.200,.278,.259,.537,48,35,1,0,4,1,2,6/4
1986,wasinma01,Mark Wasinger,24,SDP,NL,3,9,8,0,0,0,0,0,1,0,0,0,2,.000,.000,.000,.000,-100,0,0,0,1,0,0,/54
1986,webstmi01,Mitch Webster,27,MON,NL,151,645,576,89,167,31,13,8,49,36,15,57,78,.290,.355,.431,.786,116,248,9,4,3,5,4,*89/7
1986,wegmabi01,Bill Wegman,23,MIL,AL,2,0,0,1,0,0,0,0,0,0,0,0,0,,,,,,0,0,0,0,0,0,1
1986,welchbo01,Bob Welch,29,LAD,NL,35,86,76,2,8,0,0,1,4,0,0,4,23,.105,.160,.145,.305,-12,11,0,1,5,0,0,1
1986,wellmbr01,Brad Wellman,26,SFG,NL,12,14,13,0,2,0,0,0,1,0,0,1,2,.154,.214,.154,.368,6,2,0,0,0,0,0,/645
1986,welshch01,Chris Welsh,31,CIN,NL,24,48,42,3,5,2,0,1,4,1,0,2,19,.119,.159,.238,.397,7,10,0,0,4,0,0,1
1986,whitalo01,Lou Whitaker,29,DET,AL,144,651,584,95,157,26,6,20,73,13,8,63,70,.269,.338,.437,.775,110,255,20,0,0,4,5,*4
1986,whitede03,Devon White,23,CAL,AL,29,57,51,8,12,1,1,1,3,6,0,6,8,.235,.316,.353,.669,83,18,0,0,0,0,0,7/89
1986,whitefr01,Frank White,35,KCR,AL,151,620,566,76,154,37,3,22,84,4,4,43,88,.272,.322,.465,.787,111,263,10,2,2,7,5,*4/56
1986,whiteje01,Jerry White,33,STL,NL,25,29,24,1,3,0,0,1,3,0,0,2,3,.125,.179,.250,.429,17,6,1,0,1,2,0,/79
1986,whitfte01,Terry Whitfield,33,LAD,NL,19,19,14,0,1,0,0,0,0,0,0,5,2,.071,.316,.071,.387,17,1,1,0,0,0,2,/7
1986,whitsed01,Ed Whitson,31,TOT,MLB,17,20,18,1,3,0,0,0,0,0,0,0,8,.167,.167,.167,.333,-7,3,0,0,2,0,0,1
1986,whitsed01,Ed Whitson,31,SDP,NL,17,20,18,1,3,0,0,0,0,0,0,0,8,.167,.167,.167,.333,-7,3,0,0,2,0,0,1
1986,whitter01,Ernie Whitt,34,TOR,AL,131,433,395,48,106,19,2,16,56,0,1,35,39,.268,.326,.448,.774,106,177,11,0,0,3,3,*2
1986,wiggial01,Alan Wiggins,28,BAL,AL,71,270,239,30,60,3,1,0,11,21,7,22,20,.251,.309,.272,.581,62,65,0,0,5,4,0,4/D
1986,wilforo01,Rob Wilfong,32,CAL,AL,92,316,288,25,63,11,3,3,33,1,4,16,34,.219,.263,.309,.572,56,89,4,2,8,2,2,4
1986,wilkecu01,Curt Wilkerson,25,TEX,AL,110,249,236,27,56,10,3,0,15,9,7,11,42,.237,.273,.305,.578,56,72,2,1,0,1,0,46/D
1986,willaje01,Jerry Willard,26,OAK,AL,75,193,161,17,43,7,0,4,26,0,1,22,28,.267,.354,.385,.740,109,62,4,2,4,4,0,2/D
1986,willied01,Eddie Williams,21,CLE,AL,5,7,7,2,1,0,0,0,1,0,0,0,3,.143,.143,.143,.286,-21,1,0,0,0,0,0,/7
1986,willifr01,Frank Williams,28,SFG,NL,36,3,2,0,1,0,0,0,0,0,0,0,1,.500,.500,.500,1.000,184,1,0,0,1,0,0,1
1986,willike02,Ken Williams,22,CHW,AL,15,33,31,2,4,0,0,1,1,1,1,1,11,.129,.182,.226,.408,9,7,1,1,0,0,0,/98D7
1986,willire01,Reggie Williams,25,LAD,NL,128,338,303,35,84,14,2,4,32,9,3,23,57,.277,.331,.376,.708,101,114,8,2,9,1,9,*897
1986,willica01,Carl Willis,25,CIN,NL,29,4,3,0,1,0,0,0,0,0,0,0,0,.333,.333,.333,.667,82,1,1,0,1,0,0,1
1986,wilsogl01,Glenn Wilson,27,PHI,NL,155,639,584,70,158,30,4,15,84,5,1,42,91,.271,.319,.413,.732,99,241,15,4,0,9,1,*9/7
1986,wilsomo01,Mookie Wilson,30,NYM,NL,123,416,381,61,110,17,5,9,45,25,7,32,72,.289,.345,.430,.775,115,164,5,1,0,1,5,*78/9
1986,wilsowi02,Willie Wilson,30,KCR,AL,156,675,631,77,170,20,7,9,44,34,8,31,97,.269,.313,.366,.679,84,231,6,9,3,1,1,*8
1986,winero01,Robbie Wine,23,HOU,NL,9,13,12,2,3,1,0,0,0,0,0,1,4,.250,.308,.333,.641,80,4,0,0,0,0,0,/2
1986,winfida01,Dave Winfield,34,NYY,AL,154,652,565,90,148,31,5,24,104,6,5,77,106,.262,.349,.462,.811,120,261,20,2,2,6,9,*9/D5
1986,winnji01,Jim Winn,26,PIT,NL,50,18,16,1,1,1,0,0,0,0,0,1,8,.063,.118,.125,.243,-33,2,1,0,1,0,0,1
1986,winnihe01,Herm Winningham,24,MON,NL,90,204,185,23,40,6,3,4,11,12,7,18,51,.216,.286,.346,.632,74,64,4,0,1,0,3,8/976
1986,wittmi01,Mike Witt,25,CAL,AL,1,0,0,0,0,0,0,0,0,0,0,0,0,,,,,,0,0,0,0,0,0,1
1986,wohlfji01,Jim Wohlford,35,MON,NL,70,106,94,10,25,4,2,1,11,0,2,9,17,.266,.327,.383,.710,96,36,2,0,2,1,3,97/5
1986,wojnaed01,Ed Wojna,25,SDP,NL,7,16,14,1,2,0,0,0,0,0,0,0,11,.143,.143,.143,.286,-20,2,1,0,2,0,0,/1
1986,woodami01,Mike Woodard,26,SFG,NL,48,90,79,14,20,2,1,1,5,7,2,10,9,.253,.337,.342,.679,92,27,0,0,1,0,0,4/56
1986,woodsal01,Al Woods,32,MIN,AL,23,32,28,5,9,1,0,2,8,0,0,3,5,.321,.375,.571,.946,153,16,0,0,0,1,0,/D7
1986,worreto01,Todd Worrell,26,STL,NL,74,7,7,0,1,0,1,0,0,0,0,0,5,.143,.143,.429,.571,52,3,0,0,0,0,0,1/9
1986,wrighge03,George Wright,27,TOT,MLB,105,245,223,22,45,8,3,2,12,4,6,15,51,.202,.254,.291,.546,49,65,5,2,1,4,1,987
1986,wrighge03,George Wright,27,TEX,AL,49,112,106,10,23,3,1,2,7,3,5,4,23,.217,.250,.321,.571,53,34,2,1,0,1,1,97/8
1986,wrighge03,George Wright,27,MON,NL,56,133,117,12,22,5,2,0,5,1,1,11,28,.188,.258,.265,.523,45,31,3,1,1,3,0,87/9
1986,wrighri01,Ricky Wright,27,TEX,AL,2,0,0,0,0,0,0,0,0,0,0,0,0,,,,,,0,0,0,0,0,0,1/D
1986,wynegbu01,Butch Wynegar,30,NYY,AL,61,226,194,19,40,4,1,7,29,0,0,30,21,.206,.310,.345,.655,79,67,9,0,0,2,2,2
1986,wynnema01,Marvell Wynne,26,SDP,NL,137,308,288,34,76,19,2,7,37,11,11,15,45,.264,.300,.417,.716,98,120,5,1,1,3,2,*8
1986,yeagest01,Steve Yeager,37,SEA,AL,50,146,130,10,27,2,0,2,12,0,0,12,23,.208,.273,.269,.542,49,35,5,0,2,1,0,2
1986,youmafl01,Floyd Youmans,22,MON,NL,33,82,75,4,12,0,0,1,7,0,0,5,29,.160,.213,.200,.413,15,15,0,0,2,0,0,1
1986,youngma01,Matt Young,27,SEA,AL,1,0,0,0,0,0,0,0,0,0,0,0,0,,,,,,0,0,0,0,0,0,1
1986,youngmi01,Mike Young,26,BAL,AL,117,426,369,43,93,15,1,9,42,3,1,49,90,.252,.342,.371,.713,96,137,13,3,2,3,2,7D
1986,youngjo02,Joel Youngblood,34,SFG,NL,97,208,184,20,47,12,0,5,28,1,1,18,34,.255,.320,.402,.723,103,74,2,1,2,3,0,79/3546
1986,yountro01,Robin Yount,30,MIL,AL,140,595,522,82,163,31,7,9,46,14,5,62,73,.312,.388,.450,.838,125,235,9,4,5,2,7,*8/D3
1986,zuvelpa01,Paul Zuvella,27,NYY,AL,21,57,48,2,4,1,0,0,2,0,0,5,4,.083,.170,.104,.274,-23,5,1,0,4,0,0,6
