year_ID,player_ID,name_common,age,team_ID,lg_ID,G,PA,AB,R,H,2B,3B,HR,RBI,SB,CS,BB,SO,batting_avg,onbase_perc,slugging_perc,onbase_plus_slugging,onbase_plus_slugging_plus,TB,GIDP,HBP,SH,SF,IBB,pos_summary
1961,aaronha01,Hank Aaron,27,MLN,NL,155,671,603,115,197,39,10,34,120,21,9,56,64,.327,.381,.594,.974,163,358,16,2,1,9,20,*89/5
1961,adairje01,Jerry Adair,24,BAL,AL,133,428,386,41,102,21,1,9,37,5,2,35,51,.264,.326,.394,.719,95,152,6,2,1,4,4,46/5
1961,adcocjo01,Joe Adcock,33,MLN,NL,152,629,562,77,160,20,0,35,108,2,1,59,94,.285,.354,.507,.861,134,285,22,2,4,2,4,*3
1961,aguirha01,Hank Aguirre,30,DET,AL,45,13,9,0,0,0,0,0,1,0,0,0,8,.000,.000,.000,.000,-100,0,0,0,3,1,0,1
1961,allenbo04,Bob Allen,23,CLE,AL,48,13,12,0,2,1,0,0,0,0,0,0,5,.167,.167,.250,.417,11,3,0,0,1,0,0,1
1961,allisbo01,Bob Allison,26,MIN,AL,159,677,556,83,136,21,3,29,105,2,7,103,100,.245,.363,.450,.813,112,250,17,5,5,8,1,*93
1961,aloufe01,Felipe Alou,26,SFG,NL,132,447,415,59,120,19,0,18,52,11,4,26,41,.289,.333,.465,.798,113,193,11,2,2,2,2,*97/8
1961,alouma01,Matty Alou,22,SFG,NL,81,217,200,38,62,7,2,6,24,3,2,15,18,.310,.356,.455,.811,118,91,4,0,1,1,2,97/8
1961,altmage01,George Altman,28,CHC,NL,138,573,518,77,157,28,12,27,96,6,2,40,92,.303,.353,.560,.913,138,290,4,4,4,7,3,*98/37
1961,altobjo01,Joe Altobelli,29,MIN,AL,41,109,95,10,21,2,1,3,14,0,0,13,14,.221,.312,.358,.670,76,34,2,0,0,1,0,7/3
1961,alusige01,George Alusik,26,DET,AL,15,16,14,0,2,0,0,0,2,0,0,1,4,.143,.188,.143,.330,-11,2,0,0,0,1,0,/9
1961,amalfjo01,Joey Amalfitano,27,SFG,NL,109,433,384,64,98,11,4,2,23,7,4,44,59,.255,.331,.320,.651,77,123,2,0,4,1,2,4/5
1961,amaroru01,Ruben Amaro,25,PHI,NL,135,447,381,34,98,14,9,1,32,1,0,53,59,.257,.351,.349,.700,90,133,9,2,11,0,2,*6/34
1961,anderbo01,Bob Anderson,25,CHC,NL,57,45,42,5,6,0,0,2,5,0,0,1,22,.143,.163,.286,.449,16,12,0,0,2,0,0,1
1961,andercr01,Craig Anderson,22,STL,NL,25,9,9,2,3,1,0,0,0,0,0,0,1,.333,.333,.444,.778,97,4,0,0,0,0,0,1
1961,anderha02,Harry Anderson,29,CIN,NL,4,4,4,0,1,0,0,0,0,0,0,0,1,.250,.250,.250,.500,33,1,0,0,0,0,0,
1961,antonjo02,Johnny Antonelli,31,TOT,MLB,21,17,16,4,4,2,0,0,0,0,0,0,3,.250,.250,.375,.625,67,6,0,0,1,0,0,1
1961,antonjo02,Johnny Antonelli,31,CLE,AL,12,16,15,4,4,2,0,0,0,0,0,0,3,.267,.267,.400,.667,78,6,0,0,1,0,0,1
1961,antonjo02,Johnny Antonelli,31,MLN,NL,9,1,1,0,0,0,0,0,0,0,0,0,0,.000,.000,.000,.000,-100,0,0,0,0,0,0,/1
1961,aparilu01,Luis Aparicio,27,CHW,AL,156,672,625,90,170,24,4,6,45,53,13,38,33,.272,.313,.352,.665,79,220,12,1,4,4,0,*6
1961,archeji02,Jim Archer,29,KCA,AL,39,72,63,2,4,1,0,0,2,0,0,2,19,.063,.091,.079,.170,-54,5,0,0,6,1,0,1
1961,ardelda01,Dan Ardell,20,LAA,AL,7,6,4,1,1,0,0,0,0,0,0,1,2,.250,.400,.250,.650,72,1,0,0,1,0,0,/3
1961,arrigge01,Gerry Arrigo,20,MIN,AL,7,2,2,0,1,0,0,0,1,0,0,0,0,.500,.500,.500,1.000,164,1,0,0,0,0,0,/1
1961,arroylu01,Luis Arroyo,34,NYY,AL,65,28,25,2,7,2,0,0,0,0,0,0,4,.280,.280,.360,.640,74,9,0,0,3,0,0,1
1961,ashburi01,Richie Ashburn,34,CHC,NL,109,368,307,49,79,7,4,0,19,7,6,55,27,.257,.373,.306,.679,84,94,4,3,1,2,2,87
1961,asprobo01,Bob Aspromonte,23,LAD,NL,47,62,58,7,14,3,0,0,2,0,0,4,12,.241,.290,.293,.583,52,17,2,0,0,0,0,/564
1961,asproke01,Ken Aspromonte,29,TOT,AL,88,354,308,34,69,16,1,2,19,0,0,39,24,.224,.314,.302,.616,62,93,8,2,4,1,1,4
1961,asproke01,Ken Aspromonte,29,LAA,AL,66,276,238,29,53,10,0,2,14,0,0,33,21,.223,.322,.290,.612,59,69,5,2,3,0,1,4
1961,asproke01,Ken Aspromonte,29,CLE,AL,22,78,70,5,16,6,1,0,5,0,0,6,3,.229,.286,.343,.629,70,24,3,0,1,1,0,4
1961,averiea02,Earl Averill,29,LAA,AL,115,391,323,56,86,9,0,21,59,1,0,62,70,.266,.384,.489,.873,123,158,9,2,1,4,1,2/74
1961,baileed01,Ed Bailey,30,TOT,NL,119,439,383,43,94,13,1,13,53,1,5,45,46,.245,.326,.386,.713,92,148,8,4,1,6,7,*2/7
1961,baileed01,Ed Bailey,30,CIN,NL,12,46,43,4,13,4,0,0,2,0,0,3,5,.302,.348,.395,.743,96,17,0,0,0,0,1,2
1961,baileed01,Ed Bailey,30,SFG,NL,107,393,340,39,81,9,1,13,51,1,5,42,41,.238,.324,.385,.709,91,131,8,4,1,6,6,*2/7
1961,bakerge02,Gene Baker,36,PIT,NL,9,13,10,1,1,0,0,0,0,0,0,3,2,.100,.308,.100,.408,16,1,0,0,0,0,1,/5
1961,baldsja01,Jack Baldschun,24,PHI,NL,65,13,11,0,0,0,0,0,0,0,0,1,7,.000,.083,.000,.083,-75,0,1,0,1,0,0,1
1961,bankser01,Ernie Banks,30,CHC,NL,138,573,511,75,142,22,4,29,80,1,2,54,75,.278,.346,.507,.852,123,259,11,2,0,6,21,*67/3
1961,barbest01,Steve Barber,23,BAL,AL,37,95,80,6,13,1,0,2,6,0,0,5,42,.163,.221,.250,.471,28,20,0,1,9,0,0,1
1961,barracu01,Cuno Barragan,29,CHC,NL,10,31,28,3,6,0,0,1,2,0,0,2,7,.214,.267,.321,.588,56,9,1,0,1,0,0,2
1961,bassno01,Norm Bass,22,KCA,AL,41,63,59,4,7,0,0,1,6,0,0,1,34,.119,.133,.169,.303,-19,10,0,0,3,0,0,1
1961,batteea01,Earl Battey,26,MIN,AL,133,522,460,70,139,24,1,17,55,3,3,53,66,.302,.377,.470,.847,121,216,18,3,5,1,3,*2
1961,bauerha01,Hank Bauer,38,KCA,AL,43,118,106,11,28,3,1,3,18,1,0,9,8,.264,.319,.396,.715,91,42,1,0,2,1,0,97/8
1961,baumafr01,Frank Baumann,27,CHW,AL,55,67,61,8,16,2,0,2,10,1,0,5,25,.262,.318,.393,.712,91,24,0,0,1,0,0,1
1961,baumeji01,Jim Baumer,30,CIN,NL,10,25,24,0,3,0,0,0,0,0,0,0,9,.125,.125,.125,.250,-33,3,0,0,1,0,0,/4
1961,bautaed01,Ed Bauta,26,STL,NL,13,4,4,0,2,0,0,0,0,0,0,0,1,.500,.500,.500,1.000,158,2,0,0,0,0,0,1
1961,becquju01,Julio Becquer,29,TOT,AL,68,96,92,13,20,1,2,5,18,0,1,3,17,.217,.240,.435,.674,73,40,1,0,0,1,1,3/719
1961,becquju01,Julio Becquer,29,LAA,AL,11,9,8,0,0,0,0,0,0,0,0,1,5,.000,.111,.000,.111,-68,0,0,0,0,0,0,/3
1961,becquju01,Julio Becquer,29,MIN,AL,57,87,84,13,20,1,2,5,18,0,1,2,12,.238,.253,.476,.729,87,40,1,0,0,1,1,3/719
1961,bellga01,Gary Bell,24,CLE,AL,34,95,81,8,16,1,0,0,9,0,0,4,17,.198,.233,.210,.442,21,17,0,0,9,1,0,1
1961,bellgu01,Gus Bell,32,CIN,NL,103,262,235,27,60,10,1,3,33,1,1,18,21,.255,.298,.345,.642,70,81,4,0,0,9,3,79/8
1961,berrayo01,Yogi Berra,36,NYY,AL,119,436,395,62,107,11,0,22,61,2,0,35,28,.271,.330,.466,.795,115,184,7,2,0,5,4,72/9
1961,bertedi01,Dick Bertell,25,CHC,NL,92,287,267,20,73,7,1,2,33,0,0,15,33,.273,.308,.330,.637,70,88,7,0,1,4,3,2
1961,bertore01,Reno Bertoia,26,TOT,AL,98,314,270,35,61,5,0,2,25,3,0,32,35,.226,.302,.267,.569,52,72,9,0,8,6,1,54/6
1961,bertore01,Reno Bertoia,26,MIN,AL,35,127,104,17,22,2,0,1,8,0,0,20,12,.212,.333,.260,.593,58,27,3,0,2,2,1,5
1961,bertore01,Reno Bertoia,26,KCA,AL,39,137,120,12,29,2,0,0,13,1,0,9,15,.242,.286,.258,.544,47,31,6,0,4,4,0,5/4
1961,bertore01,Reno Bertoia,26,DET,AL,24,50,46,6,10,1,0,1,4,2,0,3,8,.217,.265,.304,.570,50,14,0,0,2,0,0,5/46
1961,bevanha01,Hal Bevan,30,CIN,NL,3,3,3,1,1,0,0,1,1,0,0,0,2,.333,.333,1.333,1.667,314,4,0,0,0,0,0,
1961,bilkost01,Steve Bilko,32,LAA,AL,114,354,294,49,82,16,1,20,59,1,1,58,81,.279,.395,.544,.940,139,160,9,0,0,2,2,3/9
1961,blancjo01,Johnny Blanchard,28,NYY,AL,93,275,243,38,74,10,1,21,54,1,0,27,28,.305,.382,.613,.995,168,149,6,4,0,1,9,2/79
1961,blasido01,Don Blasingame,29,TOT,NL,126,505,451,60,100,18,4,1,21,4,3,41,39,.222,.288,.286,.574,53,129,7,2,9,2,0,*4
1961,blasido01,Don Blasingame,29,SFG,NL,3,3,1,1,0,0,0,0,0,0,0,2,1,.000,.667,.000,.667,101,0,0,0,0,0,0,
1961,blasido01,Don Blasingame,29,CIN,NL,123,502,450,59,100,18,4,1,21,4,3,39,38,.222,.286,.287,.573,52,129,7,2,9,2,0,*4
1961,boakch01,Chet Boak,26,WSA,AL,5,8,7,0,0,0,0,0,0,1,0,1,1,.000,.125,.000,.125,-62,0,1,0,0,0,0,/4
1961,bolinbo01,Bobby Bolin,22,SFG,NL,37,7,7,0,2,0,0,0,2,0,0,0,2,.286,.286,.286,.571,55,2,0,0,0,0,0,1
1961,bollifr01,Frank Bolling,29,MLN,NL,148,658,585,86,153,16,4,15,56,7,3,57,62,.262,.329,.379,.708,95,222,25,3,10,3,1,*4
1961,bondwa01,Walt Bond,23,CLE,AL,38,60,52,7,9,1,1,2,7,1,0,6,10,.173,.267,.346,.613,65,18,1,1,0,1,0,9/8
1961,borlato01,Tom Borland,28,BOS,AL,1,0,0,0,0,0,0,0,0,0,0,0,0,,,,,,0,0,0,0,0,0,/1
1961,borosst01,Steve Boros,24,DET,AL,116,485,396,51,107,18,2,5,62,4,2,68,42,.270,.382,.364,.746,99,144,8,8,6,7,2,*5
1961,bouched01,Ed Bouchee,28,CHC,NL,112,386,319,49,79,12,3,12,38,1,4,58,77,.248,.371,.417,.788,109,133,2,5,4,1,7,*3
1961,bouldca01,Carl Bouldin,21,WSA,AL,2,1,1,0,0,0,0,0,0,0,0,0,0,.000,.000,.000,.000,-100,0,0,0,0,0,0,/1
1961,bowmaer01,Ernie Bowman,25,SFG,NL,38,40,38,10,8,0,2,0,2,2,0,1,8,.211,.231,.316,.547,46,12,1,0,1,0,0,46/5
1961,bowsfte01,Ted Bowsfield,26,LAA,AL,46,54,51,5,7,1,1,0,2,0,0,2,19,.137,.170,.196,.366,-6,10,1,0,2,0,0,1
1961,boydbo01,Bob Boyd,41,TOT,MLB,62,93,89,10,21,2,0,0,12,0,2,2,9,.236,.247,.258,.506,38,23,2,0,0,2,0,3
1961,boydbo01,Bob Boyd,41,KCA,AL,26,50,48,7,11,2,0,0,9,0,2,1,2,.229,.240,.271,.511,37,13,1,0,0,1,0,/3
1961,boydbo01,Bob Boyd,41,MLN,NL,36,43,41,3,10,0,0,0,3,0,0,1,7,.244,.256,.244,.500,39,10,1,0,0,1,0,/3
1961,boyercl02,Clete Boyer,24,NYY,AL,148,579,504,61,113,19,5,11,55,1,3,63,83,.224,.308,.347,.656,79,175,13,2,1,8,4,*56/
1961,boyerke01,Ken Boyer,30,STL,NL,153,664,589,109,194,26,11,24,95,6,3,68,91,.329,.397,.533,.930,136,314,11,1,0,5,9,*5
1961,brandja01,Jackie Brandt,27,BAL,AL,139,584,516,93,153,18,5,16,72,10,2,62,51,.297,.371,.444,.815,121,229,17,1,2,3,0,*897/5
1961,breedma01,Marv Breeding,27,BAL,AL,90,261,244,32,51,8,0,1,16,5,2,14,33,.209,.250,.254,.504,38,62,2,0,1,2,1,4
1961,bressed01,Eddie Bressoud,29,SFG,NL,59,128,114,14,24,6,0,3,11,1,1,11,23,.211,.276,.342,.618,66,39,6,0,1,2,4,6/54
1961,breweji01,Jim Brewer,23,CHC,NL,36,25,22,1,4,0,0,0,0,0,0,2,10,.182,.250,.182,.432,18,4,0,0,1,0,0,1
1961,breweto01,Tom Brewer,29,BOS,AL,18,15,14,7,4,1,1,0,2,0,0,0,3,.286,.267,.500,.767,100,7,0,0,0,1,0,1
1961,briceal01,Alan Brice,23,CHW,AL,3,0,0,0,0,0,0,0,0,0,0,0,0,,,,,,0,0,0,0,0,0,/1
1961,brickfr02,Fritz Brickell,26,LAA,AL,21,55,49,3,6,0,0,0,3,0,0,6,9,.122,.218,.122,.341,-9,6,4,0,0,0,0,6
1961,bridgma01,Marshall Bridges,30,CIN,NL,13,2,2,0,0,0,0,0,0,0,0,0,1,.000,.000,.000,.000,-100,0,0,0,0,0,0,1
1961,bridgro01,Rocky Bridges,33,LAA,AL,84,259,229,20,55,5,1,2,15,1,0,26,37,.240,.320,.297,.617,60,68,4,1,4,0,0,46/5
1961,brighha01,Harry Bright,31,WSA,AL,72,204,183,20,44,6,0,4,21,0,2,19,23,.240,.310,.339,.649,79,62,6,0,1,1,1,5/24
1961,brinked01,Ed Brinkman,19,WSA,AL,4,12,11,0,1,0,0,0,0,0,0,1,1,.091,.167,.091,.258,-27,1,0,0,0,0,0,/5
1961,brocklo01,Lou Brock,22,CHC,NL,4,12,11,1,1,0,0,0,0,0,0,1,3,.091,.167,.091,.258,-29,1,0,0,0,0,0,/8
1961,brogler01,Ernie Broglio,25,STL,NL,29,70,62,3,9,1,0,0,5,0,0,3,11,.145,.182,.161,.343,-11,10,1,0,4,1,0,1
1961,brosnji01,Jim Brosnan,31,CIN,NL,53,15,13,1,2,0,0,0,1,0,0,1,6,.154,.214,.154,.368,0,2,1,0,1,0,0,1
1961,browndi01,Dick Brown,26,DET,AL,93,336,308,32,82,12,2,16,45,0,2,22,57,.266,.312,.474,.786,105,146,10,0,3,3,2,2
1961,brownha01,Hal Brown,36,BAL,AL,27,57,50,3,7,2,0,0,1,0,0,3,11,.140,.185,.180,.365,0,9,1,0,3,1,0,1
1961,brownpa01,Paul Brown,20,PHI,NL,5,2,2,0,1,0,0,0,0,0,0,0,0,.500,.500,.500,1.000,171,1,0,0,0,0,0,/1
1961,brucebo01,Bob Bruce,28,DET,AL,14,12,9,1,1,1,0,0,1,0,0,2,2,.111,.273,.222,.495,33,2,1,0,1,0,0,1
1961,bruckfr01,Fred Bruckbauer,23,MIN,AL,1,0,0,0,0,0,0,0,0,0,0,0,0,,,,,,0,0,0,0,0,0,/1
1961,brunege01,George Brunet,26,MLN,NL,5,0,0,0,0,0,0,0,0,0,0,0,0,,,,,,0,0,0,0,0,0,/1
1961,brutobi01,Bill Bruton,35,DET,AL,160,668,596,99,153,15,5,17,63,22,6,61,66,.257,.327,.384,.712,88,229,9,3,5,3,0,*8
1961,bryanbi01,Billy Bryan,22,KCA,AL,9,21,19,2,3,0,0,1,2,0,0,2,7,.158,.238,.316,.554,47,6,1,0,0,0,0,/2
1961,bucheje01,Jerry Buchek,19,STL,NL,31,93,90,6,12,2,0,0,9,0,0,0,28,.133,.151,.156,.306,-21,14,6,2,0,1,0,6
1961,buddido01,Don Buddin,27,BOS,AL,115,421,339,58,89,22,3,6,42,2,1,72,45,.263,.394,.398,.792,112,135,7,2,6,1,7,*6
1961,buhlbo01,Bob Buhl,32,MLN,NL,32,67,60,2,4,0,0,0,2,0,0,5,30,.067,.138,.067,.205,-41,4,1,0,2,0,0,1
1961,bunniji01,Jim Bunning,29,DET,AL,38,104,100,6,13,1,0,0,4,0,0,2,30,.130,.147,.140,.287,-23,14,3,0,2,0,0,1
1961,burdele01,Lew Burdette,34,MLN,NL,42,108,103,10,21,5,0,3,11,0,0,2,39,.204,.219,.340,.559,51,35,0,0,3,0,0,1
1961,burgesm01,Smoky Burgess,34,PIT,NL,100,356,323,37,98,17,3,12,52,1,0,30,16,.303,.365,.486,.851,125,157,7,2,0,1,8,2
1961,burkele02,Leo Burke,27,LAA,AL,6,5,5,0,0,0,0,0,0,0,0,0,1,.000,.000,.000,.000,-100,0,0,0,0,0,0,
1961,burnspe01,Pete Burnside,30,WSA,AL,33,38,34,1,2,0,0,0,1,0,0,1,15,.059,.086,.059,.145,-59,2,1,0,3,0,0,1
1961,burwedi01,Dick Burwell,21,CHC,NL,2,1,1,0,0,0,0,0,0,0,0,0,1,.000,.000,.000,.000,-100,0,0,0,0,0,0,/1
1961,busbyji01,Jim Busby,34,BAL,AL,75,99,89,15,23,3,1,0,6,2,0,8,10,.258,.316,.315,.631,73,28,1,0,1,1,0,8
1961,buzhajo01,John Buzhardt,24,PHI,NL,41,68,57,2,6,2,0,0,1,0,0,3,29,.105,.164,.140,.304,-17,8,1,1,7,0,0,1
1961,callijo01,Johnny Callison,22,PHI,NL,138,538,455,74,121,20,11,9,47,10,4,69,76,.266,.363,.418,.780,110,190,7,3,6,5,5,*79
1961,camildo02,Doug Camilli,24,LAD,NL,13,31,30,3,4,0,0,3,4,0,0,1,9,.133,.161,.433,.595,47,13,1,0,0,0,0,2
1961,cannich01,Chris Cannizzaro,23,STL,NL,6,2,2,0,1,0,0,0,0,0,0,0,0,.500,.500,.500,1.000,158,1,0,0,0,0,0,/2
1961,cardele01,Leo Cardenas,22,CIN,NL,74,216,198,23,61,18,1,5,24,1,0,15,39,.308,.353,.485,.838,119,96,5,0,1,2,1,6
1961,cardwdo01,Don Cardwell,25,CHC,NL,40,107,95,6,10,3,0,3,6,0,0,6,55,.105,.167,.232,.398,5,22,0,1,4,0,0,1
1961,careyan01,Andy Carey,29,TOT,AL,95,305,266,41,68,18,5,3,25,0,1,26,47,.256,.329,.395,.724,94,105,4,4,6,2,0,5
1961,careyan01,Andy Carey,29,KCA,AL,39,143,123,20,30,6,2,3,11,0,0,15,23,.244,.336,.398,.734,96,49,3,2,2,0,0,5
1961,careyan01,Andy Carey,29,CHW,AL,56,162,143,21,38,12,3,0,14,0,1,11,24,.266,.323,.392,.714,92,56,1,2,4,2,0,5
1961,carreca01,Cam Carreon,23,CHW,AL,78,253,229,32,62,5,1,4,27,0,1,21,24,.271,.331,.354,.684,85,81,7,0,2,1,2,2
1961,casalje01,Jerry Casale,27,TOT,AL,16,17,16,2,6,2,0,1,2,0,0,1,7,.375,.412,.688,1.099,179,11,0,0,0,0,0,1
1961,casalje01,Jerry Casale,27,LAA,AL,13,14,13,2,6,2,0,1,2,0,0,1,4,.462,.500,.846,1.346,240,11,0,0,0,0,0,1
1961,casalje01,Jerry Casale,27,DET,AL,3,3,3,0,0,0,0,0,0,0,0,0,3,.000,.000,.000,.000,-100,0,0,0,0,0,0,/1
1961,cashno01,Norm Cash,26,DET,AL,159,673,535,119,193,22,8,41,132,11,5,124,85,.361,.487,.662,1.148,201,354,16,9,2,2,19,*3
1961,causewa01,Wayne Causey,24,KCA,AL,104,361,312,37,86,14,1,8,49,0,0,37,28,.276,.348,.404,.752,101,126,5,0,8,4,0,56/4
1961,cepedor01,Orlando Cepeda,23,SFG,NL,152,637,585,105,182,28,4,46,142,12,8,39,91,.311,.362,.609,.970,156,356,21,9,0,3,11,379
1961,cervbo01,Bob Cerv,36,TOT,AL,75,191,175,20,41,8,1,8,26,1,0,13,25,.234,.289,.429,.718,90,75,10,1,1,1,0,7/38
1961,cervbo01,Bob Cerv,36,LAA,AL,18,60,57,3,9,3,0,2,6,0,0,1,8,.158,.169,.316,.485,22,18,4,0,1,1,0,7
1961,cervbo01,Bob Cerv,36,NYY,AL,57,131,118,17,32,5,1,6,20,1,0,12,17,.271,.344,.483,.827,124,57,6,1,0,0,0,7/38
1961,chacoel01,Elio Chacon,24,CIN,NL,61,158,132,26,35,4,2,2,5,1,4,21,22,.265,.374,.371,.745,99,49,0,2,3,0,0,4/97
1961,chancde01,Dean Chance,20,LAA,AL,5,5,5,0,0,0,0,0,0,0,0,0,2,.000,.000,.000,.000,-100,0,0,0,0,0,0,/1
1961,cheneto01,Tom Cheney,26,TOT,MLB,14,9,8,1,4,1,0,0,3,0,0,0,2,.500,.500,.625,1.125,208,5,0,0,1,0,0,1
1961,cheneto01,Tom Cheney,26,PIT,NL,1,0,0,0,0,0,0,0,0,0,0,0,0,,,,,,0,0,0,0,0,0,/1
1961,cheneto01,Tom Cheney,26,WSA,AL,13,9,8,1,4,1,0,0,3,0,0,0,2,.500,.500,.625,1.125,208,5,0,0,1,0,0,1
1961,chitiha01,Harry Chiti,28,DET,AL,5,13,12,0,1,0,0,0,0,0,0,1,2,.083,.154,.083,.237,-35,1,1,0,0,0,0,/2
1961,chrisne01,Neil Chrisley,29,MLN,NL,10,10,9,1,2,0,0,0,0,0,0,1,1,.222,.300,.222,.522,47,2,0,0,0,0,0,
1961,chrisjo01,Joe Christopher,25,PIT,NL,76,206,186,25,49,7,3,0,14,6,4,18,24,.263,.327,.333,.660,77,62,7,0,1,1,0,7/89
1961,cicotal01,Al Cicotte,31,STL,NL,29,21,21,2,6,1,0,0,2,0,0,0,6,.286,.286,.333,.619,58,7,0,0,0,0,0,1
1961,cimolgi01,Gino Cimoli,31,TOT,NL,58,200,184,16,43,8,1,3,10,1,0,13,28,.234,.284,.337,.621,69,62,7,0,3,0,0,87/9
1961,cimolgi01,Gino Cimoli,31,PIT,NL,21,69,67,4,20,3,1,0,6,0,0,2,13,.299,.319,.373,.692,84,25,4,0,0,0,0,7/8
1961,cimolgi01,Gino Cimoli,31,MLN,NL,37,131,117,12,23,5,0,3,4,1,0,11,15,.197,.266,.316,.582,60,37,3,0,3,0,0,8/9
1961,ciprifr01,Frank Cipriani,20,KCA,AL,13,38,36,2,9,0,0,0,2,0,0,2,4,.250,.289,.250,.539,46,9,1,0,0,0,0,9
1961,ciscoga01,Galen Cisco,25,BOS,AL,18,15,10,0,1,0,0,0,0,0,0,2,5,.100,.250,.100,.350,-2,1,0,0,3,0,0,1
1961,clemedo01,Doug Clemens,22,STL,NL,6,15,12,1,2,1,0,0,0,0,0,3,1,.167,.333,.250,.583,53,3,0,0,0,0,0,/79
1961,clemero01,Roberto Clemente,26,PIT,NL,146,614,572,100,201,30,10,23,89,4,1,35,59,.351,.390,.559,.949,150,320,18,3,1,3,10,*9/8
1961,clenddo01,Donn Clendenon,25,PIT,NL,9,40,35,7,11,1,1,0,2,0,0,5,10,.314,.400,.400,.800,115,14,0,0,0,0,0,/97
1961,clevete01,Tex Clevenger,28,TOT,AL,33,7,7,1,1,1,0,0,1,0,0,0,2,.143,.143,.286,.429,11,2,0,0,0,0,0,1
1961,clevete01,Tex Clevenger,28,LAA,AL,12,3,3,0,0,0,0,0,0,0,0,0,1,.000,.000,.000,.000,-100,0,0,0,0,0,0,1
1961,clevete01,Tex Clevenger,28,NYY,AL,21,4,4,1,1,1,0,0,1,0,0,0,1,.250,.250,.500,.750,100,2,0,0,0,0,0,1
1961,clinety01,Ty Cline,22,CLE,AL,12,51,43,9,9,2,1,0,1,1,0,6,1,.209,.333,.302,.636,74,13,0,2,0,0,0,8/9
1961,clintlo01,Lou Clinton,23,BOS,AL,17,54,51,4,13,2,1,0,3,0,0,2,10,.255,.283,.333,.616,64,17,0,0,1,0,0,9
1961,clonito01,Tony Cloninger,20,MLN,NL,19,33,30,4,5,0,0,0,4,0,0,1,6,.167,.194,.167,.360,1,5,0,0,2,0,0,1
1961,coateji01,Jim Coates,28,NYY,AL,43,45,35,1,1,0,0,0,0,0,0,1,21,.029,.081,.029,.110,-68,1,0,1,8,0,0,1
1961,cokerji01,Jimmie Coker,25,PHI,NL,11,33,25,3,10,1,0,1,4,1,0,7,4,.400,.531,.560,1.091,195,14,0,0,1,0,1,2
1961,colavro01,Rocky Colavito,27,DET,AL,163,708,583,129,169,30,2,45,140,1,2,113,75,.290,.402,.580,.982,157,338,14,2,2,8,2,*79
1961,colemch01,Choo-Choo Coleman,25,PHI,NL,34,50,47,3,6,1,0,0,4,0,0,2,8,.128,.180,.149,.329,-10,7,1,1,0,0,0,2
1961,colemgo01,Gordy Coleman,26,CIN,NL,150,578,520,63,149,27,4,26,87,1,3,45,67,.287,.341,.504,.845,120,262,9,2,4,7,11,*3
1961,conlege01,Gene Conley,30,BOS,AL,33,79,73,8,16,3,0,2,8,0,0,2,22,.219,.247,.342,.589,56,25,1,1,2,1,0,1
1961,consobi01,Billy Consolo,26,MIN,AL,11,6,5,1,0,0,0,0,0,0,0,0,1,.000,.000,.000,.000,-100,0,1,0,0,0,0,/465
1961,cookcl01,Cliff Cook,24,CIN,NL,4,5,5,0,0,0,0,0,0,0,0,0,4,.000,.000,.000,.000,-100,0,0,0,0,0,0,/5
1961,cottich01,Chuck Cottier,25,TOT,AL,111,388,344,39,81,14,4,2,35,9,1,31,52,.235,.297,.317,.614,69,109,5,1,7,4,1,4/6
1961,cottich01,Chuck Cottier,25,DET,AL,10,9,7,2,2,0,0,0,1,0,0,1,1,.286,.375,.286,.661,78,2,0,0,1,0,0,/64
1961,cottich01,Chuck Cottier,25,WSA,AL,101,379,337,37,79,14,4,2,34,9,1,30,51,.234,.296,.318,.613,69,107,5,1,6,4,1,4
1961,courtcl01,Clint Courtney,34,TOT,AL,23,56,46,3,12,2,0,0,4,0,0,10,3,.261,.393,.304,.697,93,14,1,0,0,0,0,2
1961,courtcl01,Clint Courtney,34,KCA,AL,1,1,1,0,0,0,0,0,0,0,0,0,0,.000,.000,.000,.000,-100,0,0,0,0,0,0,
1961,courtcl01,Clint Courtney,34,BAL,AL,22,55,45,3,12,2,0,0,4,0,0,10,3,.267,.400,.311,.711,97,14,1,0,0,0,0,2
1961,covinwe01,Wes Covington,29,TOT,MLB,105,321,289,34,78,11,0,12,47,0,0,25,33,.270,.329,.433,.762,104,125,8,2,2,3,2,97
1961,covinwe01,Wes Covington,29,TOT,AL,39,115,103,8,24,1,0,5,21,0,0,8,12,.233,.301,.388,.689,84,40,4,2,2,0,1,7/9
1961,covinwe01,Wes Covington,29,TOT,NL,66,206,186,26,54,10,0,7,26,0,0,17,21,.290,.345,.457,.802,114,85,4,0,0,3,1,97
1961,covinwe01,Wes Covington,29,MLN,NL,9,23,21,3,4,1,0,0,0,0,0,2,4,.190,.261,.238,.499,39,5,0,0,0,0,0,/7
1961,covinwe01,Wes Covington,29,CHW,AL,22,65,59,5,17,1,0,4,15,0,0,4,5,.288,.333,.508,.842,124,30,2,0,2,0,1,7/9
1961,covinwe01,Wes Covington,29,KCA,AL,17,50,44,3,7,0,0,1,6,0,0,4,7,.159,.260,.227,.487,32,10,2,2,0,0,0,7/9
1961,covinwe01,Wes Covington,29,PHI,NL,57,183,165,23,50,9,0,7,26,0,0,15,17,.303,.355,.485,.840,124,80,4,0,0,3,1,97
1961,craigro01,Roger Craig,31,LAD,NL,40,33,27,3,4,1,0,0,0,0,0,3,12,.148,.233,.185,.419,10,5,0,0,3,0,0,1
1961,crandde01,Del Crandall,31,MLN,NL,15,32,30,3,6,3,0,0,1,0,0,1,0,.200,.226,.300,.526,43,9,1,0,1,0,0,/2
1961,crowege01,George Crowe,40,STL,NL,7,7,7,0,1,0,0,0,0,0,0,0,1,.143,.143,.143,.286,-26,1,0,0,0,0,0,
1961,cuetobe01,Bert Cueto,23,MIN,AL,7,8,5,1,0,0,0,0,0,0,0,1,1,.000,.167,.000,.167,-52,0,0,0,2,0,0,/1
1961,cunnijo01,Joe Cunningham,29,STL,NL,113,390,322,60,92,11,2,7,40,1,0,53,32,.286,.403,.398,.801,107,128,1,11,3,1,3,93/7
1961,curryto01,Tony Curry,23,PHI,NL,15,37,36,3,7,2,0,0,3,0,0,1,8,.194,.216,.250,.466,25,9,0,0,0,0,0,/7
1961,curtija01,Jack Curtis,24,CHC,NL,31,72,60,8,10,2,0,2,4,0,0,10,23,.167,.286,.300,.586,56,18,0,0,2,0,0,1
1961,dailebi01,Bill Dailey,26,CLE,AL,12,2,2,0,0,0,0,0,0,0,0,0,2,.000,.000,.000,.000,-100,0,0,0,0,0,0,1
1961,daleybu01,Bud Daley,28,TOT,AL,39,69,63,4,8,1,0,0,3,0,0,3,3,.127,.167,.143,.310,-15,9,2,0,3,0,0,1
1961,daleybu01,Bud Daley,28,KCA,AL,16,21,18,1,2,0,0,0,1,0,0,2,2,.111,.200,.111,.311,-14,2,2,0,1,0,0,1
1961,daleybu01,Bud Daley,28,NYY,AL,23,48,45,3,6,1,0,0,2,0,0,1,1,.133,.152,.156,.308,-15,7,0,0,2,0,0,1
1961,daleype01,Pete Daley,31,WSA,AL,72,219,203,12,39,7,1,2,17,0,1,14,37,.192,.244,.266,.510,40,54,11,0,2,0,3,2
1961,dalrycl01,Clay Dalrymple,24,PHI,NL,129,423,378,23,83,11,1,5,42,0,2,30,30,.220,.281,.294,.575,55,111,11,4,7,4,9,*2
1961,daniebe02,Bennie Daniels,29,WSA,AL,32,84,76,6,15,0,0,2,5,0,0,6,34,.197,.253,.276,.529,46,21,0,0,3,1,0,1
1961,davenji01,Jim Davenport,27,SFG,NL,137,503,436,64,121,28,4,12,65,4,3,45,65,.278,.342,.443,.785,110,193,10,2,12,8,1,*5
1961,davisto02,Tommy Davis,22,LAD,NL,132,508,460,60,128,13,2,15,58,10,4,32,53,.278,.325,.413,.738,89,190,16,2,9,5,4,5789
1961,daviswi02,Willie Davis,21,LAD,NL,128,380,339,56,86,19,6,12,45,12,5,27,46,.254,.316,.451,.767,95,153,5,5,6,3,4,*8
1961,dela_mi01,Mike de la Hoz,22,CLE,AL,61,183,173,20,45,10,0,3,23,0,0,7,10,.260,.295,.370,.665,79,64,4,2,0,1,0,465
1961,degermi01,Mike DeGerick,18,CHW,AL,1,0,0,0,0,0,0,0,0,0,0,0,0,,,,,,0,0,0,0,0,0,/1
1961,delgrbo01,Bobby Del Greco,28,TOT,MLB,115,405,351,48,84,19,1,7,32,1,0,42,48,.239,.326,.359,.685,84,126,7,4,6,2,3,*8/457
1961,delgrbo01,Bobby Del Greco,28,PHI,NL,41,129,112,14,29,5,0,2,11,0,0,12,17,.259,.344,.357,.701,89,40,3,3,1,1,1,8/457
1961,delgrbo01,Bobby Del Greco,28,KCA,AL,74,276,239,34,55,14,1,5,21,1,0,30,31,.230,.317,.360,.677,81,86,4,1,5,1,2,8
1961,delocik01,Ike Delock,31,BOS,AL,28,57,48,3,5,0,0,0,2,0,0,4,24,.104,.173,.104,.277,-24,5,2,0,5,0,0,1
1961,demaejo01,Joe DeMaestri,32,NYY,AL,30,41,41,1,6,0,0,0,2,0,0,0,13,.146,.146,.146,.293,-19,6,1,0,0,0,0,6/45
1961,demerjo01,John DeMerit,25,MLN,NL,32,80,74,5,12,3,0,2,5,0,0,5,19,.162,.225,.284,.509,39,21,2,1,0,0,0,9/87
1961,demetdo01,Don Demeter,26,TOT,NL,121,444,411,57,103,18,4,21,70,2,1,22,80,.251,.297,.467,.764,101,192,9,5,6,0,2,8973
1961,demetdo01,Don Demeter,26,LAD,NL,15,33,29,3,5,0,0,1,2,0,0,3,6,.172,.250,.276,.526,36,8,2,0,1,0,0,9/8
1961,demetdo01,Don Demeter,26,PHI,NL,106,411,382,54,98,18,4,20,68,2,1,19,74,.257,.300,.482,.782,106,184,7,5,5,0,2,8739
1961,dillado01,Don Dillard,24,CLE,AL,74,162,147,27,40,5,0,7,17,0,0,15,28,.272,.340,.449,.788,112,66,1,0,0,0,1,87/9
1961,ditmaar01,Art Ditmar,32,TOT,AL,32,33,31,0,3,0,0,0,1,0,0,1,7,.097,.125,.097,.222,-39,3,0,0,1,0,0,1
1961,ditmaar01,Art Ditmar,32,NYY,AL,12,19,19,0,1,0,0,0,0,0,0,0,5,.053,.053,.053,.105,-71,1,0,0,0,0,0,1
1961,ditmaar01,Art Ditmar,32,KCA,AL,20,14,12,0,2,0,0,0,1,0,0,1,2,.167,.231,.167,.397,9,2,0,0,1,0,0,1
1961,dobbeda01,Dan Dobbek,26,MIN,AL,72,141,125,12,21,3,1,4,14,1,2,13,18,.168,.255,.304,.559,46,38,2,2,0,1,1,798
1961,donohji01,Jim Donohue,23,TOT,AL,52,28,28,0,4,1,0,0,1,0,0,0,7,.143,.143,.179,.321,-18,5,2,0,0,0,0,1
1961,donohji01,Jim Donohue,23,DET,AL,14,1,1,0,0,0,0,0,0,0,0,0,0,.000,.000,.000,.000,-100,0,1,0,0,0,0,1
1961,donohji01,Jim Donohue,23,LAA,AL,38,27,27,0,4,1,0,0,1,0,0,0,7,.148,.148,.185,.333,-15,5,1,0,0,0,0,1
1961,donovdi01,Dick Donovan,33,WSA,AL,24,63,56,6,10,1,0,1,7,0,0,6,23,.179,.258,.250,.508,41,14,0,0,1,0,0,1
1961,dottega01,Gary Dotter,18,MIN,AL,2,1,1,0,0,0,0,0,0,0,0,0,0,.000,.000,.000,.000,-100,0,0,0,0,0,0,/1
1961,dottedu01,Dutch Dotterer,29,WSA,AL,7,22,19,1,5,2,0,0,1,0,0,3,5,.263,.364,.368,.732,102,7,0,0,0,0,0,/2
1961,downial01,Al Downing,20,NYY,AL,5,1,1,0,0,0,0,0,0,0,0,0,0,.000,.000,.000,.000,-100,0,0,0,0,0,0,/1
1961,drabomo01,Moe Drabowsky,25,MLN,NL,16,5,4,0,1,0,0,0,1,0,0,1,1,.250,.400,.250,.650,85,1,0,0,0,0,0,1
1961,drakesa01,Sammy Drake,26,CHC,NL,13,6,5,1,0,0,0,0,0,0,0,1,1,.000,.167,.000,.167,-50,0,0,0,0,0,0,/9
1961,dropowa01,Walt Dropo,38,BAL,AL,14,31,27,1,7,0,0,1,2,0,0,4,3,.259,.355,.370,.725,98,10,3,0,0,0,0,3
1961,drottdi01,Dick Drott,24,CHC,NL,35,23,22,1,6,0,1,0,1,0,0,1,7,.273,.304,.364,.668,77,8,1,0,0,0,0,1
1961,drysddo01,Don Drysdale,24,LAD,NL,40,95,83,9,16,1,0,5,12,0,0,6,24,.193,.244,.386,.630,60,32,4,0,5,1,0,1
1961,duffaji01,Jim Duffalo,25,SFG,NL,25,18,17,2,5,2,0,1,4,0,0,1,7,.294,.333,.588,.922,143,10,0,0,0,0,0,1
1961,durenry01,Ryne Duren,32,TOT,AL,44,29,25,2,1,0,0,0,3,0,0,3,15,.040,.143,.040,.183,-50,1,0,0,1,0,0,1
1961,durenry01,Ryne Duren,32,NYY,AL,4,0,0,0,0,0,0,0,0,0,0,0,0,,,,,,0,0,0,0,0,0,/1
1961,durenry01,Ryne Duren,32,LAA,AL,40,29,25,2,1,0,0,0,3,0,0,3,15,.040,.143,.040,.183,-50,1,0,0,1,0,0,1
1961,earlear01,Arnold Earley,28,BOS,AL,33,6,6,0,0,0,0,0,0,0,0,0,2,.000,.000,.000,.000,-100,0,0,0,0,0,0,1
1961,edwarjo01,Johnny Edwards,23,CIN,NL,52,165,145,14,27,5,0,2,14,1,0,18,28,.186,.279,.262,.541,45,38,3,1,0,1,4,2
1961,ellswdi01,Dick Ellsworth,21,CHC,NL,37,65,56,1,2,1,0,0,0,0,0,3,29,.036,.100,.054,.154,-58,3,0,1,5,0,0,1
1961,elstodo01,Don Elston,32,CHC,NL,58,14,11,1,2,0,0,0,0,0,0,0,4,.182,.182,.182,.364,-3,2,0,0,3,0,0,1
1961,espossa01,Sammy Esposito,29,CHW,AL,63,109,94,12,16,5,0,1,8,0,0,12,21,.170,.259,.255,.515,40,24,3,0,1,2,0,564
1961,essegch01,Chuck Essegian,29,TOT,AL,65,189,173,26,50,8,1,12,36,0,0,11,35,.289,.330,.555,.885,135,96,6,1,1,3,0,879
1961,essegch01,Chuck Essegian,29,BAL,AL,1,1,1,0,0,0,0,0,0,0,0,0,0,.000,.000,.000,.000,-100,0,0,0,0,0,0,
1961,essegch01,Chuck Essegian,29,KCA,AL,4,7,6,1,2,1,0,0,1,0,0,1,2,.333,.429,.500,.929,148,3,0,0,0,0,0,/7
1961,essegch01,Chuck Essegian,29,CLE,AL,60,181,166,25,48,7,1,12,35,0,0,10,33,.289,.328,.560,.888,136,93,6,1,1,3,0,879
1961,estrach01,Chuck Estrada,23,BAL,AL,33,81,70,4,8,1,0,0,0,0,0,2,32,.114,.139,.129,.267,-26,9,2,0,9,0,0,1
1961,facero01,Roy Face,33,PIT,NL,62,11,11,0,3,0,0,0,1,0,0,0,2,.273,.273,.273,.545,46,3,0,0,0,0,0,1
1961,fairlro01,Ron Fairly,22,LAD,NL,111,301,245,42,79,15,2,10,48,0,0,48,22,.322,.434,.522,.956,146,128,3,1,6,1,0,938/7
1961,farlebo01,Bob Farley,23,SFG,NL,13,23,20,3,2,0,0,0,1,0,0,3,5,.100,.217,.100,.317,-10,2,0,0,0,0,0,/73
1961,farretu01,Turk Farrell,27,TOT,NL,55,23,20,1,1,0,0,0,0,0,0,0,6,.050,.050,.050,.100,-74,1,1,0,3,0,0,1
1961,farretu01,Turk Farrell,27,PHI,NL,5,2,2,1,1,0,0,0,0,0,0,0,1,.500,.500,.500,1.000,171,1,0,0,0,0,0,/1
1961,farretu01,Turk Farrell,27,LAD,NL,50,21,18,0,0,0,0,0,0,0,0,0,5,.000,.000,.000,.000,-100,0,1,0,3,0,0,1
1961,fernach01,Chico Fernandez,29,DET,AL,133,476,435,41,108,15,4,3,40,8,5,36,45,.248,.305,.322,.627,66,140,14,0,4,1,4,*6/5
1961,ferrado01,Don Ferrarese,32,PHI,NL,43,40,35,1,6,0,0,0,1,0,0,1,4,.171,.194,.171,.366,0,6,1,0,4,0,0,1/
1961,fischbi01,Bill Fischer,30,TOT,AL,41,10,9,0,0,0,0,0,0,0,0,0,3,.000,.000,.000,.000,-100,0,0,0,1,0,0,1
1961,fischbi01,Bill Fischer,30,DET,AL,26,7,7,0,0,0,0,0,0,0,0,0,2,.000,.000,.000,.000,-100,0,0,0,0,0,0,1
1961,fischbi01,Bill Fischer,30,KCA,AL,15,3,2,0,0,0,0,0,0,0,0,0,1,.000,.000,.000,.000,-100,0,0,0,1,0,0,1
1961,fisheed02,Eddie Fisher,24,SFG,NL,15,7,7,0,1,1,0,0,0,0,0,0,4,.143,.143,.286,.429,12,2,0,0,0,0,0,1
1961,fisheja01,Jack Fisher,22,BAL,AL,36,71,56,2,5,0,0,0,2,0,0,4,25,.089,.164,.089,.253,-29,5,1,1,10,0,0,1
1961,floodcu01,Curt Flood,23,STL,NL,132,380,335,53,108,15,5,2,21,6,2,35,33,.322,.391,.415,.806,107,139,6,3,7,0,2,*8
1961,foileha01,Hank Foiles,32,BAL,AL,43,138,124,18,34,6,0,6,19,0,2,12,27,.274,.336,.468,.804,117,58,4,0,1,1,1,2
1961,fordwh01,Whitey Ford,32,NYY,AL,39,114,96,11,17,1,0,0,10,0,0,12,17,.177,.266,.188,.454,27,18,1,0,5,1,0,1
1961,fornimi01,Mike Fornieles,29,BOS,AL,57,33,32,2,5,1,0,1,4,0,0,0,8,.156,.156,.281,.438,14,9,0,0,1,0,0,1
1961,fossla01,Larry Foss,25,PIT,NL,3,6,6,2,1,0,0,0,1,0,0,0,2,.167,.167,.167,.333,-11,1,0,0,0,0,0,/1
1961,fowlear01,Art Fowler,38,LAA,AL,53,16,13,1,1,0,0,0,0,0,0,0,3,.077,.077,.077,.154,-60,1,0,0,3,0,0,1
1961,foxne01,Nellie Fox,33,CHW,AL,159,696,606,67,152,11,5,2,51,2,3,59,12,.251,.323,.295,.618,69,179,17,9,15,7,3,*4
1961,foxte01,Terry Fox,25,DET,AL,39,14,12,1,2,0,0,0,0,0,0,1,7,.167,.231,.167,.397,7,2,0,0,1,0,0,1
1961,foytapa01,Paul Foytack,30,DET,AL,32,61,54,4,12,1,0,1,2,0,0,1,11,.222,.236,.296,.533,40,16,3,0,6,0,0,1
1961,francea01,Earl Francis,25,PIT,NL,23,31,28,0,3,0,0,0,0,1,0,2,17,.107,.194,.107,.301,-17,3,0,1,0,0,0,1
1961,francti01,Tito Francona,27,CLE,AL,155,667,592,87,178,30,8,16,85,2,1,56,52,.301,.363,.459,.823,122,272,11,4,12,3,3,*73
1961,freehbi01,Bill Freehan,19,DET,AL,4,11,10,1,4,0,0,0,4,0,0,1,0,.400,.455,.400,.855,129,4,0,0,0,0,0,/2
1961,freesge02,Gene Freese,27,CIN,NL,152,606,575,78,159,27,2,26,87,8,2,27,78,.277,.307,.466,.774,101,268,17,0,1,3,5,*5/4
1961,freesge01,George Freese,34,CHC,NL,9,8,7,0,2,0,0,0,1,0,0,1,4,.286,.375,.286,.661,79,2,0,0,0,0,0,
1961,fregoji01,Jim Fregosi,19,LAA,AL,11,29,27,7,6,0,0,0,3,0,0,1,4,.222,.250,.222,.472,23,6,2,0,1,0,0,6
1961,frienbo01,Bob Friend,30,PIT,NL,41,89,79,6,11,0,1,0,7,0,0,1,36,.139,.150,.165,.315,-16,13,0,0,9,0,0,1
1961,funkfr01,Frank Funk,25,CLE,AL,56,18,17,1,1,0,0,0,2,0,0,1,10,.059,.111,.059,.170,-52,1,0,0,0,0,0,1
1961,gablega02,John Gabler,30,WSA,AL,34,26,25,3,5,0,1,0,1,1,0,1,11,.200,.231,.280,.511,40,7,0,0,0,0,0,1
1961,gainejo01,Joe Gaines,24,CIN,NL,5,5,3,2,0,0,0,0,0,0,0,2,1,.000,.400,.000,.400,18,0,0,0,0,0,0,/87
1961,garcimi01,Mike Garcia,37,WSA,AL,16,0,0,0,0,0,0,0,0,0,0,0,0,,,,,,0,0,0,0,0,0,1
1961,gardnbi02,Billy Gardner,33,TOT,AL,86,280,253,24,57,14,0,2,13,0,0,16,32,.225,.279,.304,.584,56,77,11,3,8,0,1,45
1961,gardnbi02,Billy Gardner,33,MIN,AL,45,171,154,13,36,9,0,1,11,0,0,10,14,.234,.280,.312,.592,55,48,7,0,7,0,1,4/5
1961,gardnbi02,Billy Gardner,33,NYY,AL,41,109,99,11,21,5,0,1,2,0,0,6,18,.212,.278,.293,.571,57,29,4,3,1,0,0,5/4
1961,garvene01,Ned Garver,35,LAA,AL,12,7,6,0,0,0,0,0,0,0,0,0,3,.000,.000,.000,.000,-100,0,0,0,1,0,0,1
1961,geigega01,Gary Geiger,24,BOS,AL,140,600,499,82,116,21,6,18,64,16,4,87,91,.232,.349,.407,.756,101,203,7,4,6,3,4,*8
1961,gentiji01,Jim Gentile,27,BAL,AL,148,601,486,96,147,25,2,46,141,1,1,96,106,.302,.423,.646,1.069,187,314,12,11,0,8,5,*3
1961,gernedi01,Dick Gernert,32,TOT,MLB,46,78,68,5,20,1,0,1,8,0,0,8,11,.294,.359,.353,.712,90,24,1,0,0,2,1,3
1961,gernedi01,Dick Gernert,32,DET,AL,6,6,5,1,1,0,0,1,1,0,0,1,2,.200,.333,.800,1.133,189,4,1,0,0,0,0,
1961,gernedi01,Dick Gernert,32,CIN,NL,40,72,63,4,19,1,0,0,7,0,0,7,9,.302,.361,.317,.679,82,20,0,0,0,2,1,3
1961,gibbojo01,Joe Gibbon,26,PIT,NL,31,71,59,1,8,1,1,0,6,0,0,1,22,.136,.148,.186,.334,-11,11,1,0,10,1,0,1
1961,gibsobo01,Bob Gibson,25,STL,NL,40,75,66,4,13,5,0,1,10,0,0,3,23,.197,.236,.318,.554,41,21,1,1,3,2,0,1
1961,gielpa01,Paul Giel,28,TOT,AL,16,2,2,0,1,0,0,0,0,0,0,0,1,.500,.500,.500,1.000,164,1,0,0,0,0,0,1
1961,gielpa01,Paul Giel,28,MIN,AL,15,2,2,0,1,0,0,0,0,0,0,0,1,.500,.500,.500,1.000,164,1,0,0,0,0,0,1
1961,gielpa01,Paul Giel,28,KCA,AL,1,0,0,0,0,0,0,0,0,0,0,0,0,,,,,,0,0,0,0,0,0,/1
1961,giledo01,Don Gile,26,BOS,AL,8,19,18,2,5,0,0,1,1,0,0,1,5,.278,.316,.444,.760,101,8,0,0,0,0,0,/32
1961,gilliji01,Jim Gilliam,32,LAD,NL,144,531,439,74,107,26,3,4,32,8,4,79,34,.244,.358,.344,.702,83,151,7,0,12,1,2,547
1961,ginsbjo01,Joe Ginsberg,34,TOT,AL,25,29,27,1,6,0,0,0,5,0,0,1,4,.222,.250,.222,.472,28,6,1,0,1,0,0,/2
1961,ginsbjo01,Joe Ginsberg,34,CHW,AL,6,5,3,0,0,0,0,0,0,0,0,1,2,.000,.250,.000,.250,-26,0,0,0,1,0,0,/2
1961,ginsbjo01,Joe Ginsberg,34,BOS,AL,19,24,24,1,6,0,0,0,5,0,0,0,2,.250,.250,.250,.500,34,6,1,0,0,0,0,/2
1961,gladdfr01,Fred Gladding,25,DET,AL,8,3,3,0,0,0,0,0,0,0,0,0,3,.000,.000,.000,.000,-100,0,0,0,0,0,0,/1
1961,goldeji01,Jim Golden,25,LAD,NL,28,3,3,0,0,0,0,0,0,0,0,0,1,.000,.000,.000,.000,-100,0,0,0,0,0,0,1
1961,gondeje01,Jesse Gonder,25,NYY,AL,15,15,12,2,4,1,0,0,3,0,0,3,1,.333,.467,.417,.883,144,5,1,0,0,0,1,
1961,gonzato01,Tony Gonzalez,24,PHI,NL,126,485,426,58,118,16,8,12,58,15,5,49,66,.277,.358,.437,.795,113,186,10,6,2,2,7,*89/7
1961,goodmbi01,Billy Goodman,35,CHW,AL,41,59,51,4,13,4,0,1,10,0,0,7,6,.255,.339,.392,.731,97,20,1,0,0,1,0,/534
1961,gotayju01,Julio Gotay,22,STL,NL,10,48,45,5,11,4,0,0,5,0,0,3,5,.244,.292,.333,.625,60,15,1,0,0,0,1,6
1961,grammal01,Alex Grammas,35,STL,NL,89,197,170,23,36,10,1,0,21,0,1,19,21,.212,.293,.282,.576,49,48,4,1,6,1,3,64/5
1961,grantmu01,Mudcat Grant,25,CLE,AL,48,98,88,8,15,2,0,1,6,0,0,4,29,.170,.204,.227,.432,17,20,2,0,5,1,0,1
1961,grbael01,Eli Grba,26,LAA,AL,42,80,64,8,15,3,0,2,11,0,0,6,17,.234,.306,.375,.681,74,24,1,1,8,1,0,1
1961,greenda02,Dallas Green,26,PHI,NL,42,40,33,4,5,0,0,0,3,0,0,5,13,.152,.282,.152,.434,21,5,0,1,1,0,0,1
1961,greenfr01,Fred Green,27,PIT,NL,13,3,3,0,0,0,0,0,0,0,0,0,3,.000,.000,.000,.000,-100,0,0,0,0,0,0,1
1961,greenge01,Gene Green,28,WSA,AL,110,405,364,52,102,16,3,18,62,0,2,35,65,.280,.341,.489,.830,125,178,26,1,0,5,5,29
1961,greenle01,Lenny Green,28,MIN,AL,156,692,600,92,171,28,7,9,50,17,11,81,50,.285,.374,.400,.774,104,240,5,6,3,2,2,*87/9
1961,greenpu01,Pumpsie Green,27,BOS,AL,88,264,219,33,57,12,3,6,27,4,2,42,32,.260,.376,.425,.801,114,93,4,0,1,2,3,6/4
1961,groatdi01,Dick Groat,30,PIT,NL,148,648,596,71,164,25,6,6,55,0,4,40,44,.275,.320,.367,.687,83,219,22,1,7,4,0,*6/5
1961,grzenjo01,Joe Grzenda,24,DET,AL,4,1,1,0,1,0,0,0,0,0,0,0,0,1.000,1.000,1.000,2.000,432,1,0,0,0,0,0,/1
1961,hackewa02,Warren Hacker,36,CHW,AL,42,9,9,0,1,0,0,0,1,0,0,0,1,.111,.111,.111,.222,-40,1,0,0,0,0,0,1
1961,haddiha01,Harvey Haddix,35,PIT,NL,31,67,56,2,8,3,0,0,3,0,0,6,14,.143,.226,.196,.422,14,11,0,0,5,0,0,1
1961,halebo01,Bob Hale,27,TOT,AL,53,53,49,2,8,0,0,1,7,0,0,1,7,.163,.189,.224,.413,12,11,1,1,0,2,0,/3
1961,halebo01,Bob Hale,27,CLE,AL,42,40,36,0,6,0,0,0,6,0,0,1,7,.167,.200,.167,.367,1,6,0,1,0,2,0,/3
1961,halebo01,Bob Hale,27,NYY,AL,11,13,13,2,2,0,0,1,1,0,0,0,0,.154,.154,.385,.538,42,5,1,0,0,0,0,/3
1961,halldi01,Dick Hall,30,BAL,AL,30,43,36,4,5,0,0,0,1,0,0,3,13,.139,.205,.139,.344,-4,5,1,0,4,0,0,1
1961,halleto01,Tom Haller,24,SFG,NL,30,73,62,5,9,1,0,2,8,0,1,9,23,.145,.260,.258,.518,41,16,1,1,0,1,0,2
1961,hamilst01,Steve Hamilton,26,CLE,AL,2,1,1,1,1,0,0,0,0,0,0,0,0,1.000,1.000,1.000,2.000,445,1,0,0,0,0,0,/1
1961,hamlike01,Ken Hamlin,26,LAA,AL,42,105,91,4,19,3,0,1,5,0,1,11,9,.209,.298,.275,.573,49,25,6,1,1,1,2,6
1961,hankija01,Jay Hankins,25,KCA,AL,76,190,173,23,32,0,3,3,6,2,0,8,17,.185,.225,.272,.497,33,47,3,1,8,0,0,879
1961,hansero02,Ron Hansen,23,BAL,AL,155,607,533,51,132,13,2,12,51,1,3,66,96,.248,.329,.347,.677,85,185,19,1,3,4,2,*6/4
1961,hardyca01,Carroll Hardy,28,BOS,AL,85,312,281,46,74,20,2,3,36,4,2,26,53,.263,.330,.381,.711,89,107,4,2,3,0,0,897
1961,harknti01,Tim Harkness,23,LAD,NL,5,11,8,4,4,2,0,0,0,1,0,3,1,.500,.636,.750,1.386,257,6,0,0,0,0,0,/3
1961,harrebi01,Billy Harrell,32,BOS,AL,37,38,37,10,6,2,0,0,1,1,0,1,8,.162,.184,.216,.400,7,8,1,0,0,0,0,5/63
1961,hawkiwy01,Wynn Hawkins,25,CLE,AL,30,42,37,3,4,0,0,0,1,0,0,2,18,.108,.154,.108,.262,-27,4,2,0,3,0,0,1
1961,heisero01,Roy Heiser,19,WSA,AL,3,2,2,0,0,0,0,0,0,0,0,0,1,.000,.000,.000,.000,-100,0,0,0,0,0,0,/1
1961,heistal01,Al Heist,33,CHC,NL,109,366,321,48,82,14,3,7,37,3,3,39,51,.255,.337,.383,.720,91,123,7,1,4,1,0,8
1961,heldwo01,Woodie Held,29,CLE,AL,146,591,509,67,136,23,5,23,78,0,0,69,111,.267,.354,.468,.822,121,238,14,3,3,6,11,*6
1961,hemanru01,Russ Heman,28,TOT,AL,12,2,2,0,0,0,0,0,0,0,0,0,1,.000,.000,.000,.000,-100,0,0,0,0,0,0,1
1961,hemanru01,Russ Heman,28,CLE,AL,6,1,1,0,0,0,0,0,0,0,0,0,0,.000,.000,.000,.000,-100,0,0,0,0,0,0,/1
1961,hemanru01,Russ Heman,28,LAA,AL,6,1,1,0,0,0,0,0,0,0,0,0,1,.000,.000,.000,.000,-100,0,0,0,0,0,0,/1
1961,hendlbo01,Bob Hendley,22,MLN,NL,19,35,31,2,1,0,0,0,0,0,0,2,10,.032,.091,.032,.123,-64,1,0,0,2,0,0,1
1961,henrybi01,Bill Henry,33,CIN,NL,48,5,5,0,0,0,0,0,0,0,0,0,3,.000,.000,.000,.000,-100,0,0,0,0,0,0,1
1961,henryro01,Ron Henry,24,MIN,AL,20,31,28,1,4,0,0,0,3,0,0,2,7,.143,.194,.143,.336,-10,4,3,0,0,1,0,/23
1961,herbera01,Ray Herbert,31,TOT,AL,34,89,81,8,15,2,0,2,7,0,0,4,13,.185,.233,.284,.517,38,23,0,1,3,0,0,1
1961,herbera01,Ray Herbert,31,KCA,AL,13,31,28,1,3,1,0,0,4,0,0,1,5,.107,.138,.143,.281,-25,4,0,0,2,0,0,1
1961,herbera01,Ray Herbert,31,CHW,AL,21,58,53,7,12,1,0,2,3,0,0,3,8,.226,.281,.358,.639,72,19,0,1,1,0,0,1
1961,hernaru01,Rudy Hernandez,29,WSA,AL,7,0,0,0,0,0,0,0,0,0,0,0,0,,,,,,0,0,0,0,0,0,/1
1961,herrepa01,Pancho Herrera,27,PHI,NL,126,461,400,56,103,17,2,13,51,5,1,55,120,.258,.351,.408,.759,104,163,12,4,0,2,4,*3
1961,hershmi01,Mike Hershberger,21,CHW,AL,15,58,55,9,17,3,0,0,5,1,1,2,2,.309,.333,.364,.697,88,20,1,0,1,0,0,/897
1961,herzowh01,Whitey Herzog,29,BAL,AL,113,377,323,39,94,11,6,5,35,1,4,50,41,.291,.387,.409,.795,117,132,6,1,2,1,1,97
1961,hicksjo01,Joe Hicks,28,WSA,AL,12,29,29,2,5,0,0,1,1,0,1,0,4,.172,.172,.276,.448,21,8,0,0,0,0,0,/97
1961,hillech01,Chuck Hiller,26,SFG,NL,70,280,240,38,57,12,1,2,12,4,4,32,30,.238,.328,.321,.649,77,77,1,1,6,1,0,4
1961,hillmda01,Dave Hillman,33,BOS,AL,28,21,17,3,0,0,0,0,0,0,0,2,7,.000,.105,.000,.105,-69,0,0,0,2,0,0,1
1961,hintoch01,Chuck Hinton,27,WSA,AL,106,383,339,51,88,13,5,6,34,22,5,40,81,.260,.337,.381,.717,97,129,5,1,0,3,1,79/8
1961,hoakdo01,Don Hoak,33,PIT,NL,145,586,503,72,150,27,7,12,61,4,2,73,53,.298,.388,.451,.839,123,227,14,3,3,4,8,*5
1961,hobaued01,Ed Hobaugh,27,WSA,AL,27,47,41,0,4,0,0,0,1,1,0,1,12,.098,.119,.098,.217,-40,4,1,0,5,0,0,1
1961,hobbigl01,Glen Hobbie,25,CHC,NL,36,74,66,5,11,3,0,2,6,0,0,5,30,.167,.225,.303,.528,39,20,1,0,3,0,0,1
1961,hodgegi01,Gil Hodges,37,LAD,NL,109,245,215,25,52,4,0,8,31,3,1,24,43,.242,.313,.372,.685,76,80,5,0,2,4,1,3
1961,hoeftbi01,Billy Hoeft,29,BAL,AL,35,46,39,1,7,0,0,0,4,0,0,4,13,.179,.250,.179,.429,19,7,0,0,2,1,0,1
1961,hookja01,Jay Hook,24,CIN,NL,22,15,15,1,2,0,0,0,0,0,0,0,5,.133,.133,.133,.267,-29,2,0,0,0,0,0,1
1961,horlejo01,Joe Horlen,23,CHW,AL,5,8,7,0,0,0,0,0,0,0,0,0,2,.000,.000,.000,.000,-100,0,2,0,1,0,0,/1
1961,housefr03,Frank House,31,DET,AL,17,28,22,3,5,1,1,0,3,0,0,4,2,.227,.333,.364,.697,85,8,1,0,1,1,0,2
1961,howarel01,Elston Howard,32,NYY,AL,129,482,446,64,155,17,5,21,77,0,3,28,65,.348,.387,.549,.936,153,245,5,3,1,4,6,*2/3
1961,howarfr01,Frank Howard,24,LAD,NL,92,292,267,36,79,10,2,15,45,0,1,21,50,.296,.347,.517,.864,120,138,12,1,1,2,3,97/3
1961,howsedi01,Dick Howser,25,KCA,AL,158,719,611,108,171,29,6,3,45,37,9,92,38,.280,.377,.362,.739,99,221,8,5,8,3,0,*6
1961,hubbske01,Ken Hubbs,19,CHC,NL,10,28,28,4,5,1,1,1,2,0,0,0,8,.179,.179,.393,.571,46,11,0,0,0,0,0,/4
1961,huntke01,Ken Hunt,26,LAA,AL,149,540,479,70,122,29,3,25,84,8,2,49,120,.255,.325,.484,.810,105,232,12,4,3,6,1,*89/74
1961,huntke02,Ken Hunt,22,CIN,NL,29,44,39,0,7,2,0,0,3,0,0,2,19,.179,.220,.231,.450,20,9,0,0,3,0,0,1
1961,hydedi01,Dick Hyde,32,BAL,AL,15,1,1,1,1,0,0,0,0,1,0,0,0,1.000,1.000,1.000,2.000,448,1,0,0,0,0,0,1
1961,jacksal01,Al Jackson,25,PIT,NL,5,9,8,1,0,0,0,0,0,0,0,1,4,.000,.111,.000,.111,-67,0,0,0,0,0,0,/1
1961,jacksla01,Larry Jackson,30,STL,NL,34,83,74,9,13,3,2,0,6,0,0,2,14,.176,.208,.270,.478,22,20,3,1,6,0,0,1
1961,jacobja01,Jake Jacobs,24,MIN,AL,4,8,8,0,2,0,0,0,0,0,0,0,2,.250,.250,.250,.500,32,2,0,0,0,0,0,/8
1961,jamesch01,Charlie James,23,STL,NL,108,371,349,43,89,19,2,4,44,2,2,15,59,.255,.288,.355,.644,64,124,9,3,0,4,1,97/8
1961,jamesjo01,Johnny James,27,TOT,AL,44,15,13,3,0,0,0,0,0,0,0,0,5,.000,.071,.000,.071,-80,0,1,1,0,0,0,1
1961,jamesjo01,Johnny James,27,NYY,AL,1,0,0,0,0,0,0,0,0,0,0,0,0,,,,,,0,0,0,0,0,0,/1
1961,jamesjo01,Johnny James,27,LAA,AL,43,15,13,3,0,0,0,0,0,0,0,0,5,.000,.071,.000,.071,-80,0,1,1,0,0,0,1
1961,javieju01,Julian Javier,24,STL,NL,113,484,445,58,124,14,3,2,41,11,4,30,51,.279,.326,.337,.663,71,150,5,2,5,2,1,*4
1961,jayjo01,Joey Jay,25,CIN,NL,34,93,89,3,8,3,0,0,5,0,0,2,29,.090,.110,.124,.233,-38,11,2,0,2,0,0,1
1961,jenseja01,Jackie Jensen,34,BOS,AL,137,573,498,64,131,21,2,13,66,9,8,66,69,.263,.350,.392,.742,98,195,16,3,2,4,2,*9/7
1961,johnsbo02,Bob Johnson,25,WSA,AL,61,248,224,27,66,13,1,6,28,4,2,19,26,.295,.350,.442,.792,116,99,10,1,2,2,2,6/45
1961,johnsda01,Darrell Johnson,32,TOT,NL,41,121,115,7,31,3,0,1,9,0,0,4,10,.270,.298,.322,.619,66,37,3,1,0,1,0,2
1961,johnsda01,Darrell Johnson,32,PHI,NL,21,65,61,4,14,1,0,0,3,0,0,3,8,.230,.277,.246,.523,42,15,2,1,0,0,0,2
1961,johnsda01,Darrell Johnson,32,CIN,NL,20,56,54,3,17,2,0,1,6,0,0,1,2,.315,.321,.407,.729,92,22,1,0,0,1,0,2
1961,johnsde01,Deron Johnson,22,TOT,AL,96,325,302,32,63,11,3,8,44,0,1,16,49,.209,.247,.344,.591,57,104,11,1,1,5,1,975/38
1961,johnsde01,Deron Johnson,22,NYY,AL,13,22,19,1,2,0,0,0,2,0,0,2,5,.105,.182,.105,.287,-19,2,2,0,0,1,0,/5
1961,johnsde01,Deron Johnson,22,KCA,AL,83,303,283,31,61,11,3,8,42,0,1,14,44,.216,.252,.360,.612,62,102,9,1,1,4,1,975/38
1961,johnske02,Ken Johnson,28,TOT,MLB,21,27,26,1,6,1,0,0,5,0,0,0,12,.231,.231,.269,.500,32,7,0,0,1,0,0,1
1961,johnske02,Ken Johnson,28,KCA,AL,6,1,1,0,0,0,0,0,0,0,0,0,1,.000,.000,.000,.000,-100,0,0,0,0,0,0,/1
1961,johnske02,Ken Johnson,28,CIN,NL,15,26,25,1,6,1,0,0,5,0,0,0,11,.240,.240,.280,.520,37,7,0,0,1,0,0,1
1961,johnslo01,Lou Johnson,26,LAA,AL,1,0,0,0,0,0,0,0,0,0,0,0,0,,,,,,0,0,0,0,0,0,/7
1961,johnsst01,Stan Johnson,24,KCA,AL,3,5,3,1,0,0,0,0,0,0,0,2,1,.000,.400,.000,.400,18,0,1,0,0,0,0,/9
1961,jonesgo01,Gordon Jones,31,BAL,AL,3,0,0,0,0,0,0,0,0,0,0,0,0,,,,,,0,0,0,0,0,0,/1
1961,jonesha01,Hal Jones,25,CLE,AL,12,37,35,2,6,0,0,2,4,0,0,2,12,.171,.216,.343,.559,49,12,1,0,0,0,0,3
1961,jonesma01,Mack Jones,22,MLN,NL,28,119,104,13,24,3,2,0,12,4,4,12,28,.231,.322,.298,.620,72,31,0,2,1,0,2,8
1961,jonessa02,Sam Jones,35,SFG,NL,37,42,36,0,5,2,0,0,0,0,0,1,7,.139,.162,.194,.357,-4,7,0,0,5,0,0,1
1961,jonessh02,Sherman Jones,26,CIN,NL,24,12,11,0,2,0,0,0,0,0,0,1,3,.182,.250,.182,.432,17,2,0,0,0,0,0,1
1961,joneswi01,Willie Jones,35,CIN,NL,9,9,7,1,0,0,0,0,0,0,0,2,3,.000,.222,.000,.222,-34,0,0,0,0,0,0,/5
1961,kaatji01,Jim Kaat,22,MIN,AL,47,71,63,10,15,3,1,0,1,0,0,4,13,.238,.294,.317,.612,61,20,2,1,3,0,0,1
1961,kalinal01,Al Kaline,26,DET,AL,153,665,586,116,190,41,7,19,82,14,1,66,42,.324,.393,.515,.909,138,302,16,4,4,5,2,*98/57
1961,kaskoed01,Eddie Kasko,30,CIN,NL,126,512,469,64,127,22,1,2,27,4,3,32,36,.271,.320,.335,.655,74,157,4,4,2,4,1,*65/4
1961,keegaed01,Ed Keegan,21,KCA,AL,6,0,0,0,0,0,0,0,0,0,0,0,0,,,,,,0,0,0,0,0,0,/1
1961,kemmeru01,Russ Kemmerer,30,CHW,AL,47,17,15,1,3,1,0,0,1,0,0,2,7,.200,.294,.267,.561,53,4,0,0,0,0,0,1
1961,kendeal01,Al Kenders,24,PHI,NL,10,24,23,0,4,1,0,0,1,0,0,1,0,.174,.208,.217,.426,15,5,2,0,0,0,0,2
1961,keougma01,Marty Keough,27,WSA,AL,135,431,390,57,97,18,9,9,34,12,5,32,60,.249,.307,.410,.717,95,160,6,2,4,3,1,7893
1961,killeha01,Harmon Killebrew,25,MIN,AL,150,656,541,94,156,20,7,46,122,1,2,107,109,.288,.405,.606,1.012,162,328,11,3,0,5,6,*35/7
1961,kindaje01,Jerry Kindall,26,CHC,NL,96,333,310,37,75,22,3,9,44,2,2,18,89,.242,.288,.419,.707,85,130,5,2,3,0,0,46
1961,kingji01,Jim King,28,WSA,AL,110,307,263,43,71,12,1,11,46,4,0,38,45,.270,.363,.449,.811,122,118,3,2,0,3,3,97/2
1961,kirkbi01,Bill Kirk,26,KCA,AL,1,0,0,0,0,0,0,0,0,0,0,0,0,,,,,,0,0,0,0,0,0,/1
1961,kirklwi01,Willie Kirkland,27,CLE,AL,146,585,525,84,136,22,5,27,95,7,0,48,77,.259,.318,.474,.793,112,249,3,1,4,7,4,*9
1961,klausbi01,Billy Klaus,32,WSA,AL,91,287,251,26,57,8,2,7,30,2,2,30,34,.227,.311,.359,.670,84,90,1,2,1,3,3,56/47
1961,klimclo01,Lou Klimchock,21,KCA,AL,57,128,121,8,26,4,1,1,16,0,0,5,13,.215,.244,.289,.533,42,35,1,0,1,1,0,3/5794
1961,klinero01,Ron Kline,29,TOT,AL,36,57,49,2,6,1,0,0,2,0,0,1,25,.122,.157,.143,.300,-21,7,0,1,6,0,0,1
1961,klinero01,Ron Kline,29,LAA,AL,26,35,31,0,3,0,0,0,0,0,0,1,17,.097,.125,.097,.222,-42,3,0,0,3,0,0,1
1961,klinero01,Ron Kline,29,DET,AL,10,22,18,2,3,1,0,0,2,0,0,0,8,.167,.211,.222,.433,15,4,0,1,3,0,0,1
1961,klippjo01,Johnny Klippstein,33,WSA,AL,42,7,7,0,1,0,0,0,0,0,0,0,4,.143,.143,.143,.286,-21,1,0,0,0,0,0,1
1961,kluszte01,Ted Kluszewski,36,LAA,AL,107,290,263,32,64,12,0,15,39,0,0,24,23,.243,.303,.460,.764,94,121,4,0,0,3,5,3
1961,kopliho01,Howie Koplitz,23,DET,AL,4,4,4,0,0,0,0,0,0,0,0,0,1,.000,.000,.000,.000,-100,0,0,0,0,0,0,/1
1961,koppejo01,Joe Koppe,30,TOT,MLB,97,395,341,47,85,12,2,5,40,3,3,45,77,.249,.337,.340,.677,75,116,4,1,6,2,0,6/45
1961,koppejo01,Joe Koppe,30,PHI,NL,6,3,3,1,0,0,0,0,0,0,0,0,0,.000,.000,.000,.000,-100,0,0,0,0,0,0,/6
1961,koppejo01,Joe Koppe,30,LAA,AL,91,392,338,46,85,12,2,5,40,3,3,45,77,.251,.339,.343,.683,77,116,4,1,6,2,0,6/45
1961,koufasa01,Sandy Koufax,25,LAD,NL,42,94,77,3,5,0,0,0,2,0,1,9,35,.065,.163,.065,.228,-38,5,0,0,8,0,0,1
1961,kralija01,Jack Kralick,26,MIN,AL,33,94,86,8,13,0,0,1,6,0,0,2,15,.151,.170,.186,.357,-6,16,1,0,6,0,0,1
1961,krausle02,Lew Krausse,18,KCA,AL,13,19,17,0,2,0,0,0,0,0,0,1,8,.118,.167,.118,.284,-22,2,0,0,1,0,0,1
1961,kubekto01,Tony Kubek,25,NYY,AL,153,657,617,84,170,38,6,8,46,1,3,27,60,.276,.306,.395,.701,90,244,7,1,10,3,1,*6
1961,kubisja01,Jack Kubiszyn,24,CLE,AL,25,43,42,4,9,0,0,0,0,0,0,2,5,.214,.250,.214,.464,28,9,1,0,0,0,0,/564
1961,kuennha01,Harvey Kuenn,30,SFG,NL,131,529,471,60,125,22,4,5,46,5,4,47,34,.265,.329,.361,.690,87,170,15,1,3,7,2,759/6
1961,kunkebi01,Bill Kunkel,24,KCA,AL,58,10,8,2,1,0,0,0,0,0,0,1,4,.125,.222,.125,.347,-4,1,0,0,1,0,0,1
1961,kutynma01,Marty Kutyna,28,WSA,AL,50,38,34,0,7,0,0,0,3,0,0,0,1,.206,.206,.206,.412,14,7,1,0,4,0,0,1
1961,labincl01,Clem Labine,34,PIT,NL,56,11,10,0,1,0,0,0,0,0,0,1,7,.100,.182,.100,.282,-22,1,1,0,0,0,0,1
1961,landiji01,Jim Landis,27,CHW,AL,140,618,534,87,151,18,8,22,85,19,5,65,71,.283,.362,.470,.832,123,251,10,4,10,5,0,*8
1961,landrho01,Hobie Landrith,31,SFG,NL,43,88,71,11,17,4,0,2,10,0,0,12,7,.239,.337,.380,.717,94,27,3,0,2,3,3,2
1961,landrdo01,Don Landrum,25,STL,NL,28,74,66,5,11,2,0,1,3,1,0,5,14,.167,.225,.242,.468,20,16,0,0,3,0,0,8/794
1961,larkeno01,Norm Larker,30,LAD,NL,97,312,282,29,76,16,1,5,38,0,0,24,22,.270,.326,.387,.712,83,109,11,1,2,3,7,3/9
1961,larsedo01,Don Larsen,31,TOT,AL,43,48,45,4,14,0,0,2,8,0,0,1,10,.311,.326,.444,.771,105,20,0,0,2,0,0,1/7
1961,larsedo01,Don Larsen,31,KCA,AL,18,22,20,2,6,0,0,1,4,0,0,1,5,.300,.333,.450,.783,108,9,0,0,1,0,0,/17
1961,larsedo01,Don Larsen,31,CHW,AL,25,26,25,2,8,0,0,1,4,0,0,0,5,.320,.320,.440,.760,103,11,0,0,1,0,0,1
1961,laryfr01,Frank Lary,31,DET,AL,42,115,108,13,25,2,0,1,5,0,0,3,27,.231,.259,.278,.537,42,30,2,1,3,0,0,1
1961,latmaba01,Barry Latman,25,CLE,AL,45,59,55,2,4,0,1,0,1,0,0,3,17,.073,.121,.109,.230,-37,6,1,0,1,0,0,1
1961,lauch01,Charlie Lau,28,TOT,MLB,45,151,129,6,25,5,0,1,9,1,1,15,14,.194,.279,.256,.535,48,33,2,1,4,2,4,2
1961,lauch01,Charlie Lau,28,MLN,NL,28,102,82,3,17,5,0,0,5,1,1,14,11,.207,.323,.268,.592,65,22,1,1,3,2,3,2
1961,lauch01,Charlie Lau,28,BAL,AL,17,49,47,3,8,0,0,1,4,0,0,1,3,.170,.188,.234,.422,14,11,1,0,1,0,1,2
1961,lawve01,Vern Law,31,PIT,NL,11,24,19,0,5,1,0,0,5,0,0,1,4,.263,.318,.316,.634,70,6,0,1,2,1,0,1
1961,leedo01,Don Lee,27,MIN,AL,37,34,30,2,2,0,0,0,2,0,0,0,11,.067,.065,.067,.131,-65,2,0,0,3,1,0,1
1961,leekge01,Gene Leek,24,LAA,AL,57,211,199,16,45,9,1,5,20,0,1,7,54,.226,.260,.357,.616,57,71,8,2,3,0,0,5/67
1961,lehewji01,Jim Lehew,23,BAL,AL,2,0,0,0,0,0,0,0,0,0,0,0,0,,,,,,0,0,0,0,0,0,/1
1961,lehmake01,Ken Lehman,33,PHI,NL,42,6,6,1,0,0,0,0,0,0,0,0,1,.000,.000,.000,.000,-100,0,0,0,0,0,0,1
1961,lemaydi01,Dick LeMay,22,SFG,NL,27,29,26,2,2,0,0,0,1,0,0,2,14,.077,.143,.077,.220,-38,2,0,0,1,0,0,1
1961,lemonji01,Jim Lemon,33,MIN,AL,129,480,423,57,109,26,1,14,52,1,1,44,98,.258,.329,.423,.752,96,179,11,4,2,6,2,*7/9
1961,lepcite01,Ted Lepcio,31,TOT,AL,52,125,114,11,19,3,1,7,19,1,0,9,31,.167,.232,.395,.627,61,45,3,1,0,1,1,54/6
1961,lepcite01,Ted Lepcio,31,CHW,AL,5,3,2,0,0,0,0,0,0,0,0,1,0,.000,.333,.000,.333,-1,0,1,0,0,0,1,/5
1961,lepcite01,Ted Lepcio,31,MIN,AL,47,122,112,11,19,3,1,7,19,1,0,8,31,.170,.230,.402,.631,62,45,2,1,0,1,0,54/6
1961,leppedo02,Don Leppert,29,PIT,NL,22,62,60,6,16,2,1,3,5,0,0,1,11,.267,.279,.483,.762,99,29,6,0,1,0,0,2
1961,lillibo01,Bob Lillis,31,TOT,NL,105,256,239,24,51,4,0,0,22,3,3,8,14,.213,.243,.230,.473,22,55,8,2,5,2,2,645
1961,lillibo01,Bob Lillis,31,LAD,NL,19,11,9,0,1,0,0,0,1,0,0,1,1,.111,.200,.111,.311,-17,1,2,0,1,0,0,5/46
1961,lillibo01,Bob Lillis,31,STL,NL,86,245,230,24,50,4,0,0,21,3,3,7,13,.217,.245,.235,.480,24,54,6,2,4,2,2,64
1961,lockebo01,Bobby Locke,27,CLE,AL,37,20,19,1,4,0,0,0,2,0,0,1,7,.211,.250,.211,.461,27,4,0,0,0,0,0,1
1961,loesbi01,Billy Loes,31,SFG,NL,26,38,32,0,5,0,0,0,0,0,1,2,3,.156,.206,.156,.362,0,5,1,0,4,0,0,1
1961,loganjo01,Johnny Logan,35,TOT,NL,45,76,71,5,14,5,0,0,6,0,0,5,11,.197,.250,.268,.518,40,19,3,0,0,0,0,/65
1961,loganjo01,Johnny Logan,35,MLN,NL,18,20,19,0,2,1,0,0,1,0,0,1,3,.105,.150,.158,.308,-15,3,1,0,0,0,0,/6
1961,loganjo01,Johnny Logan,35,PIT,NL,27,56,52,5,12,4,0,0,5,0,0,4,8,.231,.286,.308,.593,59,16,2,0,0,0,0,/56
1961,lollash01,Sherm Lollar,36,CHW,AL,116,384,337,38,95,10,1,7,41,0,0,37,22,.282,.360,.380,.740,100,128,5,6,1,3,10,2
1961,longda02,Dale Long,35,WSA,AL,123,423,377,52,94,20,4,17,49,0,0,39,41,.249,.317,.459,.776,111,173,7,1,0,6,5,3
1961,lookde01,Dean Look,23,CHW,AL,3,6,6,0,0,0,0,0,0,0,0,0,1,.000,.000,.000,.000,-100,0,0,0,0,0,0,/7
1961,lopezhe01,Hector Lopez,31,NYY,AL,93,274,243,27,54,7,2,3,22,1,0,24,38,.222,.292,.305,.596,64,74,8,1,2,3,1,7/9
1961,lowntu01,Turk Lown,37,CHW,AL,60,15,14,0,0,0,0,0,0,0,0,0,5,.000,.000,.000,.000,-100,0,0,0,1,0,0,1
1961,lumpeje01,Jerry Lumpe,28,KCA,AL,148,627,569,81,167,29,9,3,54,1,0,48,39,.293,.348,.392,.740,98,223,10,2,4,4,0,*4
1961,luploal01,Al Luplow,22,CLE,AL,5,20,18,0,1,0,0,0,0,0,0,2,6,.056,.150,.056,.206,-42,1,0,0,0,0,0,/97
1961,lynchje01,Jerry Lynch,30,CIN,NL,96,210,181,33,57,13,2,13,50,2,2,27,25,.315,.407,.624,1.031,168,113,2,1,1,0,6,7/9
1961,maasdu01,Duke Maas,32,NYY,AL,1,0,0,0,0,0,0,0,0,0,0,0,0,,,,,,0,0,0,0,0,0,/1
1961,mackego01,Gordon MacKenzie,23,KCA,AL,11,25,24,1,3,0,0,0,1,0,0,1,6,.125,.160,.125,.285,-22,3,1,0,0,0,0,/2
1961,mackeke01,Ken MacKenzie,27,MLN,NL,5,2,2,1,0,0,0,0,0,0,0,0,0,.000,.000,.000,.000,-100,0,0,0,0,0,0,/1
1961,maesthe01,Hector Maestri,26,WSA,AL,1,1,1,0,0,0,0,0,0,0,0,0,0,.000,.000,.000,.000,-100,0,0,0,0,0,0,/1
1961,mahafar01,Art Mahaffey,23,PHI,NL,36,79,63,3,8,2,0,0,3,0,0,3,20,.127,.164,.159,.323,-12,10,2,0,12,1,0,1
1961,mahonji01,Jim Mahoney,27,WSA,AL,43,114,108,10,26,0,1,0,6,1,2,5,23,.241,.274,.259,.534,48,28,2,0,1,0,0,6/4
1961,malkmbo01,Bobby Malkmus,29,PHI,NL,121,374,342,39,79,8,2,7,31,1,3,20,43,.231,.276,.327,.603,62,112,7,2,8,2,1,465
1961,malonji01,Jim Maloney,21,CIN,NL,30,32,29,6,11,0,0,1,4,0,0,2,4,.379,.438,.483,.920,144,14,0,1,1,0,0,1/7
1961,malzofr01,Frank Malzone,31,BOS,AL,151,643,590,74,157,21,4,14,87,1,3,44,49,.266,.314,.386,.700,86,228,19,1,0,9,3,*5
1961,mantife01,Felix Mantilla,26,MLN,NL,45,105,93,13,20,3,0,1,5,1,1,10,16,.215,.298,.280,.578,60,26,2,1,1,0,0,64/5897
1961,mantlmi01,Mickey Mantle,29,NYY,AL,153,646,514,131,163,16,6,54,128,12,1,126,112,.317,.448,.687,1.135,206,353,2,0,1,5,9,*8
1961,maricju01,Juan Marichal,23,SFG,NL,30,69,59,3,7,0,0,0,3,1,0,3,15,.119,.159,.119,.277,-23,7,2,0,5,1,0,1
1961,marisro01,Roger Maris,26,NYY,AL,161,698,590,132,159,16,4,61,141,0,0,94,67,.269,.372,.620,.993,167,366,16,7,0,7,0,*98
1961,marshji01,Jim Marshall,30,SFG,NL,44,40,36,5,8,0,0,1,7,0,0,3,8,.222,.275,.306,.581,57,11,1,0,0,1,0,/379
1961,martibi02,Billy Martin,33,TOT,MLB,114,404,380,45,92,15,5,6,36,3,2,13,43,.242,.271,.355,.626,63,135,9,3,5,3,0,*4/6
1961,martibi02,Billy Martin,33,MLN,NL,6,6,6,1,0,0,0,0,0,0,0,0,1,.000,.000,.000,.000,-100,0,0,0,0,0,0,
1961,martibi02,Billy Martin,33,MIN,AL,108,398,374,44,92,15,5,6,36,3,2,13,42,.246,.275,.361,.636,66,135,9,3,5,3,0,4/6
1961,martij.01,J.C. Martin,24,CHW,AL,110,300,274,26,63,8,3,5,32,1,2,21,31,.230,.290,.336,.625,69,92,2,2,3,0,2,35
1961,matheed01,Eddie Mathews,29,MLN,NL,152,672,572,103,175,23,6,32,91,12,7,93,95,.306,.402,.535,.937,156,306,10,2,1,4,3,*5
1961,mathene01,Nelson Mathews,19,CHC,NL,3,9,9,0,1,0,0,0,0,0,0,0,2,.111,.111,.111,.222,-41,1,0,0,0,0,0,/8
1961,mathica01,Carl Mathias,25,WSA,AL,4,5,5,2,1,0,0,0,0,0,0,0,0,.200,.200,.200,.400,11,1,0,0,0,0,0,/1
1961,maxwech01,Charlie Maxwell,34,DET,AL,79,153,131,11,30,4,2,5,18,0,0,20,24,.229,.333,.405,.738,94,53,1,1,0,1,2,7/9
1961,mayele01,Lee Maye,26,MLN,NL,110,417,373,68,101,11,5,14,41,10,1,36,50,.271,.337,.440,.777,112,164,1,3,2,3,2,97
1961,mayswi01,Willie Mays,30,SFG,NL,154,659,572,129,176,32,3,40,123,18,9,81,77,.308,.393,.584,.977,160,334,14,2,0,4,15,*8
1961,mazerbi01,Bill Mazeroski,24,PIT,NL,152,595,558,71,148,21,2,13,59,2,1,26,55,.265,.298,.380,.678,80,212,9,3,2,6,10,*4
1961,mcanaji01,Jim McAnany,24,CHC,NL,11,11,10,1,3,1,0,0,0,0,0,1,3,.300,.364,.400,.764,103,4,0,0,0,0,0,/9
1961,mcauldi01,Dick McAuliffe,21,DET,AL,80,315,285,36,73,12,4,6,33,2,3,24,39,.256,.322,.389,.711,87,111,5,4,1,1,0,65
1961,mcbeaal01,Al McBean,23,PIT,NL,28,16,15,2,4,0,0,1,3,0,0,0,3,.267,.267,.467,.733,91,7,0,0,1,0,0,1
1961,mcbrike01,Ken McBride,25,LAA,AL,45,93,83,5,7,3,0,0,2,0,0,3,35,.084,.116,.120,.237,-39,10,1,0,6,0,0,1
1961,mccarti01,Tim McCarver,19,STL,NL,22,68,67,5,16,2,1,1,6,0,0,0,5,.239,.239,.343,.582,47,23,1,0,1,0,0,2
1961,mcclajo01,Joe McClain,28,WSA,AL,33,72,68,4,14,4,0,0,4,0,0,1,16,.206,.214,.265,.479,31,18,0,0,2,1,0,1
1961,mccormi03,Mike McCormick,22,SFG,NL,40,89,80,3,15,2,0,0,4,0,0,4,25,.188,.226,.213,.439,20,17,0,0,5,0,0,1
1961,mccovwi01,Willie McCovey,23,SFG,NL,106,374,328,59,89,12,3,18,50,1,2,37,60,.271,.350,.491,.841,125,161,8,5,0,4,3,3
1961,mcdanli01,Lindy McDaniel,25,STL,NL,55,20,17,1,4,0,0,0,0,0,0,0,5,.235,.235,.235,.471,21,4,0,0,3,0,0,1
1961,mcdermi03,Mickey McDermott,32,TOT,MLB,29,20,19,1,2,2,0,0,4,0,0,1,6,.105,.150,.211,.361,-8,4,0,0,0,0,0,1
1961,mcdermi03,Mickey McDermott,32,STL,NL,22,14,14,1,1,1,0,0,3,0,0,0,4,.071,.071,.143,.214,-47,2,0,0,0,0,0,1
1961,mcdermi03,Mickey McDermott,32,KCA,AL,7,6,5,0,1,1,0,0,1,0,0,1,2,.200,.333,.400,.733,96,2,0,0,0,0,0,/1
1961,mcdevda01,Danny McDevitt,28,TOT,AL,24,5,4,1,0,0,0,0,0,0,0,1,4,.000,.200,.000,.200,-41,0,0,0,0,0,0,1
1961,mcdevda01,Danny McDevitt,28,NYY,AL,8,2,1,1,0,0,0,0,0,0,0,1,1,.000,.500,.000,.500,51,0,0,0,0,0,0,/1
1961,mcdevda01,Danny McDevitt,28,MIN,AL,16,3,3,0,0,0,0,0,0,0,0,0,3,.000,.000,.000,.000,-100,0,0,0,0,0,0,1
1961,mcdowsa01,Sam McDowell,18,CLE,AL,1,2,2,0,0,0,0,0,0,0,0,0,2,.000,.000,.000,.000,-100,0,0,0,0,0,0,/1
1961,mclisca01,Cal McLish,35,CHW,AL,31,58,54,2,9,1,0,0,5,0,0,1,24,.167,.182,.185,.367,0,10,1,0,3,0,0,1
1961,mcmahdo02,Don McMahon,31,MLN,NL,53,17,16,1,3,1,0,0,1,0,0,0,4,.188,.188,.250,.438,19,4,0,0,1,0,0,1
1961,mcmilro01,Roy McMillan,31,MLN,NL,154,588,505,42,111,16,0,7,48,2,4,61,86,.220,.305,.293,.598,66,148,16,4,11,7,2,*6
1961,mejiaro01,Roman Mejias,30,PIT,NL,4,1,1,1,0,0,0,0,0,0,0,0,1,.000,.000,.000,.000,-100,0,0,0,0,0,0,/7
1961,meyerja01,Jack Meyer,29,PHI,NL,1,0,0,0,0,0,0,0,0,0,0,0,0,,,,,,0,0,0,0,0,0,/1
1961,millebo04,Bob Miller,22,STL,NL,35,18,14,2,5,0,1,0,0,0,0,2,5,.357,.438,.500,.938,140,7,0,0,2,0,0,1
1961,millest01,Stu Miller,33,SFG,NL,64,25,20,2,4,1,0,0,1,1,1,4,5,.200,.333,.250,.583,61,5,0,0,1,0,0,1
1961,minchdo01,Don Mincher,23,MIN,AL,35,123,101,18,19,5,1,5,11,0,1,22,11,.188,.333,.406,.739,93,41,5,0,0,0,0,3
1961,minosmi01,Minnie Minoso,35,CHW,AL,152,635,540,91,151,28,3,14,82,9,4,67,46,.280,.369,.420,.789,113,227,11,16,0,12,2,*7
1961,mizelvi01,Vinegar Bend Mizell,30,PIT,NL,25,31,23,1,3,0,0,0,1,0,0,2,9,.130,.192,.130,.323,-12,3,0,0,5,1,0,1
1961,moellro01,Ron Moeller,22,LAA,AL,35,38,29,2,6,1,0,0,2,0,0,8,14,.207,.378,.241,.620,64,7,1,0,1,0,0,1
1961,monbobi01,Bill Monbouquette,24,BOS,AL,33,93,69,6,9,0,0,0,5,0,0,10,29,.130,.241,.130,.371,2,9,1,0,14,0,0,1
1961,montema01,Manny Montejo,25,DET,AL,12,0,0,0,0,0,0,0,0,0,0,0,0,,,,,,0,0,0,0,0,0,1
1961,moonwa01,Wally Moon,31,LAD,NL,134,561,463,79,152,25,3,17,88,7,5,89,79,.328,.434,.505,.940,142,234,9,1,4,4,9,*79
1961,moorera02,Ray Moore,35,MIN,AL,46,7,4,0,0,0,0,0,0,0,0,2,1,.000,.333,.000,.333,-4,0,1,0,1,0,0,1
1961,moranbi02,Billy Moran,27,LAA,AL,54,198,173,17,45,7,1,2,22,0,0,17,16,.260,.328,.347,.675,74,60,5,1,6,1,1,4/6
1961,morehse01,Seth Morehead,26,MLN,NL,12,0,0,0,0,0,0,0,0,0,0,0,0,,,,,,0,0,0,0,0,0,1
1961,morgajo01,Joe Morgan,30,CLE,AL,4,11,10,0,2,0,0,0,0,0,0,1,3,.200,.273,.200,.473,31,2,0,0,0,0,0,/8
1961,morgato01,Tom Morgan,31,LAA,AL,59,13,12,1,1,0,0,0,0,0,0,1,4,.083,.154,.083,.237,-37,1,0,0,0,0,0,1
1961,morhamo01,Moe Morhardt,24,CHC,NL,7,21,18,3,5,0,0,0,1,0,0,3,5,.278,.381,.278,.659,79,5,0,0,0,0,0,/3
1961,mortobu01,Bubba Morton,29,DET,AL,77,120,108,26,31,5,1,2,19,3,1,9,25,.287,.342,.407,.749,97,44,1,1,0,2,1,9/78
1961,morynwa01,Walt Moryn,35,TOT,NL,57,101,97,6,17,3,0,3,11,0,0,3,15,.175,.208,.299,.507,32,29,6,1,0,0,0,9/7
1961,morynwa01,Walt Moryn,35,STL,NL,17,33,32,0,4,2,0,0,2,0,0,1,5,.125,.152,.188,.339,-14,6,1,0,0,0,0,/97
1961,morynwa01,Walt Moryn,35,PIT,NL,40,68,65,6,13,1,0,3,9,0,0,2,10,.200,.235,.354,.589,55,23,5,1,0,0,0,/97
1961,mossido01,Don Mossi,32,DET,AL,35,91,79,8,13,2,0,1,8,0,0,6,28,.165,.224,.228,.451,20,18,0,0,6,0,0,1
1961,muffebi01,Billy Muffett,30,BOS,AL,38,27,23,4,5,0,0,1,2,0,0,3,9,.217,.308,.348,.656,75,8,1,0,1,0,0,1
1961,murphda04,Danny Murphy,18,CHC,NL,4,14,13,3,5,0,0,2,3,0,0,1,5,.385,.429,.846,1.275,229,11,0,0,0,0,0,/9
1961,musiast01,Stan Musial,40,STL,NL,123,431,372,46,107,22,4,15,70,0,0,52,35,.288,.371,.489,.860,119,182,7,1,0,6,17,*7
1961,naragha01,Hal Naragon,32,MIN,AL,57,147,139,10,42,2,1,2,11,0,0,4,8,.302,.326,.374,.700,84,52,5,1,3,0,0,2
1961,nealch01,Charlie Neal,30,LAD,NL,108,377,341,40,80,6,1,10,48,3,2,30,49,.235,.297,.346,.643,66,118,7,1,3,2,6,*4
1961,neemaca01,Cal Neeman,32,PHI,NL,19,36,31,0,7,1,0,0,2,1,0,4,8,.226,.306,.258,.564,54,8,2,0,0,1,1,2
1961,nelsoro01,Rocky Nelson,36,PIT,NL,75,146,127,15,25,5,1,5,13,0,0,17,11,.197,.301,.370,.671,78,47,3,2,0,0,2,3
1961,nichoch02,Chet Nichols,30,BOS,AL,26,10,9,1,1,0,0,0,0,0,0,1,1,.111,.200,.111,.311,-14,1,0,0,0,0,0,1
1961,niemabo01,Bob Nieman,34,TOT,MLB,45,89,82,2,31,7,0,2,12,1,0,7,6,.378,.427,.537,.964,157,44,0,0,0,0,0,7/9
1961,niemabo01,Bob Nieman,34,STL,NL,6,17,17,0,8,1,0,0,2,0,0,0,2,.471,.471,.529,1.000,156,9,0,0,0,0,0,/7
1961,niemabo01,Bob Nieman,34,CLE,AL,39,72,65,2,23,6,0,2,10,1,0,7,4,.354,.417,.538,.955,157,35,0,0,0,0,0,/79
1961,nischro01,Ron Nischwitz,23,DET,AL,6,2,2,0,0,0,0,0,0,0,0,0,2,.000,.000,.000,.000,-100,0,0,0,0,0,0,/1
1961,nixonru01,Russ Nixon,26,BOS,AL,87,263,242,24,70,12,2,1,19,0,1,13,19,.289,.327,.368,.695,85,89,5,2,2,3,1,2
1961,nottedo01,Don Nottebart,25,MLN,NL,38,42,38,4,7,0,0,0,1,0,0,3,9,.184,.244,.184,.428,20,7,3,0,1,0,0,1
1961,nunnho01,Howie Nunn,25,CIN,NL,24,8,8,1,2,0,0,0,0,0,0,0,2,.250,.250,.250,.500,33,2,0,0,0,0,0,1
1961,nuxhajo01,Joe Nuxhall,32,KCA,AL,56,76,65,5,19,2,1,2,13,0,0,6,18,.292,.352,.446,.798,112,29,2,0,5,0,0,1
1961,o'conda02,Danny O'Connell,32,WSA,AL,138,591,493,61,128,30,1,1,37,15,5,77,62,.260,.361,.331,.692,92,163,6,3,15,3,0,54
1961,o'delbi01,Billy O'Dell,28,SFG,NL,49,45,39,1,4,0,0,0,2,0,0,1,10,.103,.122,.103,.225,-38,4,0,0,4,1,0,1
1961,o'tooji01,Jim O'Toole,24,CIN,NL,39,101,93,7,16,1,0,0,6,0,0,3,29,.172,.206,.183,.389,4,17,5,1,4,0,0,1
1961,oldisbo01,Bob Oldis,33,PIT,NL,4,5,5,0,0,0,0,0,0,0,0,0,0,.000,.000,.000,.000,-100,0,1,0,0,0,0,/2
1961,olivaed01,Ed Olivares,22,STL,NL,21,31,30,2,5,0,0,0,1,1,0,0,4,.167,.161,.167,.328,-16,5,1,0,0,1,0,/79
1961,olivege01,Gene Oliver,26,STL,NL,22,61,52,8,14,2,0,4,9,0,0,6,10,.269,.367,.538,.905,129,28,2,2,1,0,1,2/7
1961,olivoch01,Chi-Chi Olivo,33,MLN,NL,3,0,0,0,0,0,0,0,0,0,0,0,0,,,,,,0,0,0,0,0,0,/1
1961,orsinjo01,John Orsino,23,SFG,NL,25,87,83,5,23,3,2,4,12,0,0,3,13,.277,.310,.506,.816,116,42,0,1,0,0,0,2
1961,ortegph01,Phil Ortega,21,LAD,NL,4,4,4,0,1,0,0,0,0,0,0,0,2,.250,.250,.250,.500,30,1,0,0,0,0,0,/1
1961,osborbo02,Bobo Osborne,25,DET,AL,71,114,93,8,20,7,0,2,13,1,0,20,15,.215,.354,.355,.709,88,33,1,0,1,0,0,3/5
1961,osteecl01,Claude Osteen,21,TOT,MLB,9,8,7,2,1,0,0,0,1,0,0,0,3,.143,.143,.143,.286,-21,1,0,0,1,0,0,/17
1961,osteecl01,Claude Osteen,21,CIN,NL,6,0,0,2,0,0,0,0,0,0,0,0,0,,,,,,0,0,0,0,0,0,/71
1961,osteecl01,Claude Osteen,21,WSA,AL,3,8,7,0,1,0,0,0,1,0,0,0,3,.143,.143,.143,.286,-21,1,0,0,1,0,0,/1
1961,owensji01,Jim Owens,27,PHI,NL,21,36,27,0,2,0,0,0,1,0,0,4,12,.074,.194,.074,.268,-24,2,2,0,5,0,0,1/
1961,paganjo01,Jose Pagan,26,SFG,NL,134,474,434,38,110,15,2,5,46,8,5,31,45,.253,.306,.332,.638,73,144,13,2,7,0,7,*6/79
1961,pagliji01,Jim Pagliaroni,23,BOS,AL,120,439,376,50,91,17,0,16,58,1,1,55,74,.242,.342,.415,.757,101,156,8,4,2,3,0,2
1961,palmqed01,Ed Palmquist,28,TOT,MLB,14,5,3,1,0,0,0,0,0,0,0,0,0,.000,.000,.000,.000,-100,0,0,0,2,0,0,1
1961,palmqed01,Ed Palmquist,28,LAD,NL,5,0,0,0,0,0,0,0,0,0,0,0,0,,,,,,0,0,0,0,0,0,/1
1961,palmqed01,Ed Palmquist,28,MIN,AL,9,5,3,1,0,0,0,0,0,0,0,0,0,.000,.000,.000,.000,-100,0,0,0,2,0,0,/1
1961,papajo01,John Papa,20,BAL,AL,2,0,0,0,0,0,0,0,0,0,0,0,0,,,,,,0,0,0,0,0,0,/1
1961,pappami01,Milt Pappas,22,BAL,AL,26,70,66,6,9,2,0,3,6,0,0,0,29,.136,.134,.303,.437,15,20,1,0,3,1,0,1
1961,pascuca02,Camilo Pascual,27,MIN,AL,35,95,85,4,14,3,0,0,4,0,0,5,15,.165,.211,.200,.411,9,17,5,0,5,0,0,1
1961,pearsal02,Albie Pearson,26,LAA,AL,144,537,427,92,123,21,3,7,41,11,3,96,40,.288,.420,.400,.821,113,171,3,3,7,2,1,*98/7
1961,perraro01,Ron Perranoski,25,LAD,NL,53,14,12,2,1,0,0,0,0,0,0,2,8,.083,.214,.083,.298,-19,1,0,0,0,0,0,1
1961,perryji01,Jim Perry,25,CLE,AL,35,79,73,4,12,2,0,0,3,0,0,1,14,.164,.176,.192,.367,0,14,2,0,5,0,0,1
1961,peterga01,Gary Peters,24,CHW,AL,3,3,3,1,1,0,0,0,0,0,0,0,1,.333,.333,.333,.667,81,1,0,0,0,0,0,/1
1961,pfistda01,Dan Pfister,24,KCA,AL,2,0,0,0,0,0,0,0,0,0,0,0,0,,,,,,0,0,0,0,0,0,/1
1961,phillda01,Dave Philley,41,BAL,AL,99,157,144,13,36,9,2,1,23,2,0,10,20,.250,.293,.361,.654,77,52,9,0,0,3,0,7/93
1961,phillbu02,Bubba Phillips,33,CLE,AL,143,590,546,64,144,23,1,18,72,1,0,29,61,.264,.305,.408,.714,92,223,14,5,7,3,4,*5
1961,pichero01,Ron Piche,26,MLN,NL,12,6,5,0,0,0,0,0,0,0,0,0,2,.000,.000,.000,.000,-100,0,0,0,1,0,0,1
1961,piercbi02,Billy Pierce,34,CHW,AL,39,63,56,3,8,0,0,0,3,0,0,1,11,.143,.158,.143,.301,-18,8,2,0,6,0,0,1
1961,piersji01,Jim Piersall,31,CLE,AL,121,536,484,81,156,26,7,6,40,8,2,43,46,.322,.378,.442,.820,122,214,18,2,4,3,1,*8
1961,pignajo01,Joe Pignatano,31,KCA,AL,92,292,243,31,59,10,3,4,22,2,2,36,42,.243,.347,.358,.705,90,87,0,4,7,2,2,2/5
1961,pilaral01,Al Pilarcik,30,TOT,AL,82,142,122,18,23,2,1,1,15,2,1,15,12,.189,.275,.246,.521,42,30,5,0,4,1,0,98/7
1961,pilaral01,Al Pilarcik,30,KCA,AL,35,69,60,9,12,1,1,0,9,1,0,6,7,.200,.269,.250,.519,40,15,3,0,2,1,0,9/8
1961,pilaral01,Al Pilarcik,30,CHW,AL,47,73,62,9,11,1,0,1,6,1,1,9,5,.177,.282,.242,.524,43,15,2,0,2,0,0,8/79
1961,pinsova01,Vada Pinson,22,CIN,NL,154,660,607,101,208,34,8,16,87,23,10,39,63,.343,.379,.504,.883,131,306,9,1,4,8,1,*8
1961,pizarju01,Juan Pizarro,24,CHW,AL,40,77,69,10,17,3,1,0,5,1,0,5,19,.246,.303,.319,.621,68,22,2,1,1,1,0,1
1961,pleisbi01,Bill Pleis,23,MIN,AL,37,9,9,0,1,0,0,0,0,0,0,0,5,.111,.111,.111,.222,-41,1,0,0,0,0,0,1
1961,podrejo01,Johnny Podres,28,LAD,NL,32,76,69,3,16,2,0,0,7,0,0,2,8,.232,.250,.261,.511,32,18,2,0,4,1,0,1
1961,posadle01,Leo Posada,25,KCA,AL,116,400,344,37,87,10,4,7,53,0,0,36,84,.253,.321,.366,.687,84,126,8,4,4,12,1,798
1961,postwa01,Wally Post,31,CIN,NL,99,306,282,44,83,16,3,20,57,0,1,22,61,.294,.346,.585,.932,141,165,7,1,0,1,1,79
1961,powelbo01,Boog Powell,19,BAL,AL,4,13,13,0,1,0,0,0,1,0,0,0,2,.077,.077,.077,.154,-58,1,0,0,0,0,0,/7
1961,powervi01,Vic Power,33,CLE,AL,147,622,563,64,151,34,4,5,63,4,3,38,16,.268,.309,.369,.679,84,208,19,1,8,12,5,*3/4
1961,prescbo01,Bobby Prescott,30,KCA,AL,10,14,12,0,1,0,0,0,0,0,0,2,5,.083,.214,.083,.298,-17,1,1,0,0,0,0,/7
1961,purkebo01,Bob Purkey,31,CIN,NL,36,90,80,6,8,2,0,1,4,0,0,2,32,.100,.133,.163,.295,-22,13,2,1,7,0,0,1
1961,rakowed01,Ed Rakow,26,KCA,AL,45,34,29,4,3,0,0,0,2,0,0,1,10,.103,.129,.103,.232,-37,3,1,0,3,1,0,1
1961,ramospe01,Pedro Ramos,26,MIN,AL,53,100,93,8,16,1,0,3,11,0,0,3,42,.172,.204,.280,.484,26,26,1,1,2,1,0,1
1961,raymocl01,Claude Raymond,24,MLN,NL,13,3,3,1,0,0,0,0,0,0,0,0,1,.000,.000,.000,.000,-100,0,0,0,0,0,0,1
1961,reedja01,Jack Reed,28,NYY,AL,28,14,13,4,2,0,0,0,1,0,0,1,1,.154,.214,.154,.368,3,2,0,0,0,0,0,87/9
1961,reganph01,Phil Regan,24,DET,AL,33,46,40,4,3,1,0,0,1,0,0,3,15,.075,.140,.100,.240,-35,4,1,0,3,0,0,1
1961,renifha01,Hal Reniff,22,NYY,AL,25,5,5,0,0,0,0,0,0,0,0,0,2,.000,.000,.000,.000,-100,0,0,0,0,0,0,1
1961,repulri01,Rip Repulski,32,BOS,AL,15,26,25,2,7,1,0,0,1,0,2,1,5,.280,.308,.320,.628,68,8,0,0,0,0,0,/7
1961,retzeke01,Ken Retzer,27,WSA,AL,16,57,53,7,18,4,0,1,3,1,0,4,5,.340,.386,.472,.858,135,25,1,0,0,0,0,2
1961,ricede01,Del Rice,38,LAA,AL,44,107,83,11,20,4,0,4,11,0,1,20,19,.241,.385,.434,.818,111,36,1,0,3,1,5,2
1961,richabo01,Bobby Richardson,25,NYY,AL,162,704,662,80,173,17,5,3,49,9,7,30,23,.261,.295,.316,.610,67,209,15,2,10,2,1,*4
1961,riverji01,Jim Rivera,39,TOT,AL,65,165,141,20,34,8,0,2,10,6,3,24,14,.241,.352,.340,.692,87,48,3,0,0,0,0,9/8
1961,riverji01,Jim Rivera,39,CHW,AL,1,0,0,0,0,0,0,0,0,0,1,0,0,,,,,,0,0,0,0,0,0,
1961,riverji01,Jim Rivera,39,KCA,AL,64,165,141,20,34,8,0,2,10,6,2,24,14,.241,.352,.340,.692,87,48,3,0,0,0,0,9/8
1961,roachme01,Mel Roach,28,TOT,NL,36,84,75,4,11,2,0,1,7,1,0,5,13,.147,.217,.213,.430,17,16,3,2,1,1,0,/374
1961,roachme01,Mel Roach,28,MLN,NL,13,42,36,3,6,0,0,1,6,0,0,2,4,.167,.244,.250,.494,37,9,0,2,1,1,0,/73
1961,roachme01,Mel Roach,28,CHC,NL,23,42,39,1,5,2,0,0,1,1,0,3,9,.128,.190,.179,.370,-1,7,3,0,0,0,0,/34
1961,roarkmi01,Mike Roarke,30,DET,AL,86,253,229,21,51,6,1,2,22,0,0,20,31,.223,.283,.284,.567,51,65,6,0,2,2,3,2
1961,roberro01,Robin Roberts,34,PHI,NL,26,36,33,1,3,0,0,0,0,0,0,1,11,.091,.143,.091,.234,-35,3,1,1,1,0,0,1
1961,robinbr01,Brooks Robinson,24,BAL,AL,163,736,668,89,192,38,7,7,61,1,3,47,57,.287,.334,.397,.730,98,265,21,4,8,9,2,*5/46
1961,robinea01,Earl Robinson,24,BAL,AL,96,256,222,37,59,12,3,8,30,4,3,31,54,.266,.354,.455,.809,119,101,5,0,2,1,1,9/78
1961,robinfl01,Floyd Robinson,25,CHW,AL,132,492,432,69,134,20,7,11,59,7,4,52,32,.310,.389,.465,.854,130,201,4,4,3,1,3,9
1961,robinfr02,Frank Robinson,25,CIN,NL,153,635,545,117,176,32,7,37,124,22,3,71,64,.323,.404,.611,1.015,164,333,15,10,0,10,23,*97/85
1961,rodgean01,Andre Rodgers,26,CHC,NL,73,243,214,27,57,17,0,6,23,1,1,25,54,.266,.343,.430,.773,104,92,6,1,1,2,1,36/94
1961,rodgebu01,Buck Rodgers,22,LAA,AL,16,57,56,8,18,2,0,2,13,0,0,1,6,.321,.333,.464,.798,103,26,3,0,0,0,0,2
1961,roebued01,Ed Roebuck,29,LAD,NL,5,2,2,0,0,0,0,0,0,0,0,0,1,.000,.000,.000,.000,-100,0,0,0,0,0,0,/1
1961,rolliri01,Rich Rollins,23,MIN,AL,13,20,17,3,5,1,0,0,3,0,0,2,2,.294,.400,.353,.753,100,6,0,1,0,0,0,/45
1961,romanjo01,John Romano,26,CLE,AL,142,580,509,76,152,29,1,21,80,0,0,61,60,.299,.377,.483,.860,132,246,10,5,1,4,3,*2
1961,roofph01,Phil Roof,20,MLN,NL,1,0,0,0,0,0,0,0,0,0,0,0,0,,,,,,0,0,0,0,0,0,/2
1961,rosebjo01,John Roseboro,28,LAD,NL,128,462,394,59,99,16,6,18,59,6,4,56,62,.251,.346,.459,.805,106,181,1,4,2,6,8,*2
1961,roselbo01,Bob Roselli,29,CHW,AL,22,39,38,2,10,3,0,0,4,0,0,0,11,.263,.263,.342,.605,62,13,1,0,1,0,0,2
1961,runnepe01,Pete Runnels,33,BOS,AL,143,414,360,49,114,20,3,3,38,5,1,46,32,.317,.396,.414,.810,117,149,12,3,2,3,2,*35/46
1961,sadecra01,Ray Sadecki,20,STL,NL,36,90,87,6,22,4,0,0,12,0,0,1,7,.253,.261,.299,.560,43,26,0,0,2,0,0,1
1961,sadowbo01,Bob Sadowski,24,PHI,NL,16,59,54,4,7,0,0,0,0,1,0,4,7,.130,.203,.130,.333,-8,7,2,1,0,0,0,5
1961,sadowed01,Ed Sadowski,30,LAA,AL,69,178,164,16,38,13,0,4,12,2,3,11,33,.232,.278,.384,.663,69,63,3,0,2,1,1,2
1961,sadowte01,Ted Sadowski,25,MIN,AL,15,6,6,0,0,0,0,0,0,0,0,0,2,.000,.000,.000,.000,-100,0,0,0,0,0,0,1
1961,sanfoja02,Jack Sanford,32,SFG,NL,39,85,74,13,16,2,0,3,6,0,0,5,22,.216,.263,.365,.627,68,27,2,0,5,1,0,1
1961,santoro01,Ron Santo,21,CHC,NL,154,655,578,84,164,32,6,23,83,2,3,73,77,.284,.362,.479,.842,122,277,25,0,1,3,7,*5
1961,satrito01,Tom Satriano,20,LAA,AL,35,110,96,15,19,5,1,1,8,2,0,12,16,.198,.294,.302,.596,54,29,1,1,1,0,0,54/6
1961,sawatca01,Carl Sawatski,33,STL,NL,86,200,174,23,52,8,0,10,33,0,0,25,17,.299,.385,.517,.902,129,90,4,0,0,1,7,2/8
1961,schafji01,Jimmie Schaffer,25,STL,NL,68,167,153,15,39,7,0,1,16,0,0,9,29,.255,.301,.320,.621,60,49,5,1,4,0,1,2
1961,schafjo01,Joe Schaffernoth,23,TOT,MLB,36,6,6,1,0,0,0,0,0,0,0,0,2,.000,.000,.000,.000,-100,0,0,0,0,0,0,1
1961,schafjo01,Joe Schaffernoth,23,CHC,NL,21,5,5,1,0,0,0,0,0,0,0,0,1,.000,.000,.000,.000,-100,0,0,0,0,0,0,1
1961,schafjo01,Joe Schaffernoth,23,CLE,AL,15,1,1,0,0,0,0,0,0,0,0,0,1,.000,.000,.000,.000,-100,0,0,0,0,0,0,1
1961,schilch01,Chuck Schilling,23,BOS,AL,158,737,646,87,167,25,2,5,62,7,6,78,77,.259,.340,.327,.666,79,211,8,2,11,1,0,*4
1961,schmibo02,Bob Schmidt,28,TOT,NL,29,86,76,4,10,0,0,1,5,0,0,8,15,.132,.212,.171,.383,3,13,5,0,1,1,1,2
1961,schmibo02,Bob Schmidt,28,SFG,NL,2,7,6,0,1,0,0,0,1,0,0,0,1,.167,.143,.167,.310,-17,1,0,0,0,1,0,/2
1961,schmibo02,Bob Schmidt,28,CIN,NL,27,79,70,4,9,0,0,1,4,0,0,8,14,.129,.218,.171,.389,5,12,5,0,1,0,1,2
1961,schoere01,Red Schoendienst,38,STL,NL,72,133,120,9,36,9,0,1,12,1,0,12,6,.300,.364,.400,.764,96,48,1,0,1,0,2,4
1961,schofdi01,Dick Schofield,26,PIT,NL,60,90,78,16,15,2,1,0,2,0,1,10,19,.192,.284,.244,.528,43,19,1,0,2,0,0,5/6479
1961,schroal01,Al Schroll,29,MIN,AL,11,20,18,3,5,1,0,1,3,0,0,2,4,.278,.350,.500,.850,120,9,0,0,0,0,0,1
1961,schulba01,Barney Schultz,34,CHC,NL,41,12,10,0,1,0,0,0,0,0,0,0,5,.100,.100,.100,.200,-47,1,0,0,2,0,0,1
1961,schwado01,Don Schwall,25,BOS,AL,27,73,61,5,11,2,0,0,6,0,0,1,10,.180,.194,.213,.407,9,13,1,0,11,0,0,1
1961,scorehe01,Herb Score,28,CHW,AL,8,7,6,0,0,0,0,0,0,0,0,0,5,.000,.000,.000,.000,-100,0,0,0,1,0,0,/1
1961,semprra01,Ray Semproch,30,LAA,AL,2,0,0,0,0,0,0,0,0,0,0,0,0,,,,,,0,0,0,0,0,0,/1
1961,shantbo01,Bobby Shantz,35,PIT,NL,44,20,16,3,7,1,0,0,3,0,0,2,1,.438,.526,.500,1.026,176,8,0,1,1,0,0,1
1961,shawbo01,Bob Shaw,28,TOT,AL,42,79,73,5,11,0,0,0,0,0,0,3,12,.151,.184,.151,.335,-9,11,3,0,3,0,0,1
1961,shawbo01,Bob Shaw,28,CHW,AL,14,23,18,0,0,0,0,0,0,0,0,3,6,.000,.143,.000,.143,-58,0,1,0,2,0,0,1
1961,shawbo01,Bob Shaw,28,KCA,AL,28,56,55,5,11,0,0,0,0,0,0,0,6,.200,.200,.200,.400,8,11,2,0,1,0,0,1
1961,sheldro01,Rollie Sheldon,24,NYY,AL,36,60,56,1,7,0,0,0,4,0,0,2,24,.125,.155,.125,.280,-22,7,0,0,2,0,0,1
1961,sherrla01,Larry Sherry,25,LAD,NL,53,15,13,2,2,0,0,0,1,0,0,1,2,.154,.267,.154,.421,13,2,0,1,0,0,0,1
1961,sherrno01,Norm Sherry,29,LAD,NL,47,130,121,10,31,2,0,5,21,0,0,9,30,.256,.308,.397,.704,81,48,7,0,0,0,2,2
1961,shetrba01,Barry Shetrone,22,BAL,AL,3,7,7,0,1,0,0,0,1,0,0,0,2,.143,.143,.143,.286,-22,1,0,0,0,0,0,/8
1961,shoemch01,Charlie Shoemaker,21,KCA,AL,7,28,26,5,10,2,0,0,1,0,0,2,2,.385,.429,.462,.890,139,12,1,0,0,0,0,/4
1961,shortch02,Chris Short,23,PHI,NL,40,45,37,1,6,0,0,0,2,1,0,1,10,.162,.184,.162,.346,-6,6,2,0,7,0,0,1/2
1961,siebeno01,Norm Siebern,27,KCA,AL,153,648,560,68,166,36,5,18,98,2,4,82,91,.296,.384,.475,.859,129,266,4,1,0,6,3,*37
1961,sievero01,Roy Sievers,34,CHW,AL,141,563,492,76,145,26,6,27,92,1,0,61,62,.295,.377,.537,.913,144,264,11,6,0,4,4,*3
1961,simmocu01,Curt Simmons,32,STL,NL,32,77,66,9,20,3,0,0,6,0,0,8,22,.303,.378,.348,.727,88,23,1,0,3,0,0,1
1961,sisleda01,Dave Sisler,29,WSA,AL,45,9,6,0,0,0,0,0,0,0,0,3,2,.000,.333,.000,.333,1,0,0,0,0,0,0,1
1961,skinnbo01,Bob Skinner,29,PIT,NL,119,442,381,61,102,20,3,3,42,3,5,51,49,.268,.358,.360,.718,93,137,6,4,4,2,9,7
1961,skowrbi01,Bill Skowron,30,NYY,AL,150,608,561,77,150,23,4,28,89,0,0,35,108,.267,.318,.472,.790,113,265,21,8,0,3,9,*3
1961,smithal04,Al Smith,33,CHW,AL,147,602,532,88,148,29,4,28,93,4,4,56,67,.278,.348,.506,.854,128,269,17,5,2,7,2,597/8
1961,smithbo04,Bobby Smith,27,PHI,NL,79,192,174,16,44,7,0,2,18,0,1,15,32,.253,.313,.328,.640,73,57,5,1,0,2,2,79/8
1961,smithch04,Charley Smith,23,TOT,NL,121,477,435,47,108,14,4,11,50,3,4,24,82,.248,.293,.375,.668,78,163,7,5,10,3,3,56
1961,smithch04,Charley Smith,23,LAD,NL,9,25,24,4,6,1,0,2,3,0,0,1,6,.250,.280,.542,.822,106,13,0,0,0,0,0,/56
1961,smithch04,Charley Smith,23,PHI,NL,112,452,411,43,102,13,4,9,47,3,4,23,76,.248,.294,.365,.659,76,150,7,5,10,3,3,56
1961,smithha08,Hal Smith,30,PIT,NL,67,208,193,12,43,10,0,3,26,0,0,11,38,.223,.267,.321,.588,56,62,6,1,2,1,1,2
1961,smithha09,Hal Smith,30,STL,NL,45,142,125,6,31,4,1,0,10,0,0,11,12,.248,.309,.296,.605,57,37,3,1,3,2,4,2
1961,snidedu01,Duke Snider,34,LAD,NL,85,266,233,35,69,8,3,16,56,1,1,29,43,.296,.375,.562,.937,138,131,6,1,2,1,3,98
1961,snydeji02,Jim Snyder,28,MIN,AL,3,5,5,0,0,0,0,0,0,0,0,0,1,.000,.000,.000,.000,-100,0,0,0,0,0,0,/4
1961,snyderu01,Russ Snyder,27,BAL,AL,115,341,312,46,91,13,5,1,13,5,3,20,32,.292,.333,.375,.708,93,117,4,0,8,1,0,789
1961,spahnwa01,Warren Spahn,40,MLN,NL,39,106,94,13,21,7,0,4,15,0,0,7,33,.223,.279,.426,.704,91,40,1,1,2,2,0,1
1961,spangal01,Al Spangler,27,MLN,NL,68,125,97,23,26,2,0,0,6,4,2,28,9,.268,.432,.289,.721,104,28,0,0,0,0,2,78/9
1961,spencda01,Daryl Spencer,32,TOT,NL,97,370,319,46,79,11,0,12,48,1,1,43,52,.248,.343,.395,.738,90,126,13,4,3,1,4,56
1961,spencda01,Daryl Spencer,32,STL,NL,37,153,130,19,33,4,0,4,21,1,0,23,17,.254,.366,.377,.743,91,49,8,0,0,0,3,6
1961,spencda01,Daryl Spencer,32,LAD,NL,60,217,189,27,46,7,0,8,27,0,1,20,35,.243,.327,.407,.735,89,77,5,4,3,1,1,5/6
1961,sprinja01,Jack Spring,28,LAA,AL,18,12,8,0,0,0,0,0,0,0,0,1,5,.000,.111,.000,.111,-68,0,0,0,3,0,0,1
1961,sproubo01,Bob Sprout,19,LAA,AL,1,1,0,0,0,0,0,0,0,0,0,0,0,,,,,,0,0,0,1,0,0,/1
1961,staffbi01,Bill Stafford,22,NYY,AL,36,75,67,5,12,2,1,0,3,0,0,4,11,.179,.225,.239,.464,27,16,0,0,3,0,0,1
1961,stalege01,Gerry Staley,40,TOT,AL,52,3,2,1,0,0,0,0,0,0,0,1,1,.000,.333,.000,.333,-2,0,0,0,0,0,0,1
1961,stalege01,Gerry Staley,40,CHW,AL,16,0,0,0,0,0,0,0,0,0,0,0,0,,,,,,0,0,0,0,0,0,1
1961,stalege01,Gerry Staley,40,KCA,AL,23,2,1,1,0,0,0,0,0,0,0,1,0,.000,.500,.000,.500,47,0,0,0,0,0,0,1
1961,stalege01,Gerry Staley,40,DET,AL,13,1,1,0,0,0,0,0,0,0,0,0,1,.000,.000,.000,.000,-100,0,0,0,0,0,0,1
1961,stalltr01,Tracy Stallard,23,BOS,AL,43,40,36,0,3,1,0,0,3,0,0,0,12,.083,.083,.111,.194,-49,4,1,0,4,0,0,1
1961,stangle01,Lee Stange,24,MIN,AL,7,1,1,0,0,0,0,0,0,0,0,0,1,.000,.000,.000,.000,-100,0,0,0,0,0,0,/1
1961,stephge01,Gene Stephens,28,TOT,AL,94,275,241,26,49,8,1,4,28,4,3,30,34,.203,.297,.295,.591,60,71,2,2,2,0,0,879
1961,stephge01,Gene Stephens,28,BAL,AL,32,72,58,4,11,2,0,0,2,1,1,14,7,.190,.347,.224,.571,60,13,0,0,0,0,0,7/98
1961,stephge01,Gene Stephens,28,KCA,AL,62,203,183,22,38,6,1,4,26,3,2,16,27,.208,.279,.317,.596,59,58,2,2,2,0,0,89/7
1961,stever_01,R C Stevens,26,WSA,AL,33,69,62,2,8,1,0,0,2,1,0,7,15,.129,.217,.145,.363,2,9,3,0,0,0,0,3
1961,stigmdi01,Dick Stigman,25,CLE,AL,22,16,16,1,2,0,0,0,1,0,0,0,7,.125,.125,.125,.250,-32,2,1,0,0,0,0,1
1961,stillro01,Ron Stillwell,21,WSA,AL,8,17,16,3,2,1,0,0,1,0,0,1,4,.125,.176,.188,.364,0,3,0,0,0,0,0,/6
1961,stobbch01,Chuck Stobbs,31,MIN,AL,24,9,8,2,3,1,0,0,1,0,0,1,2,.375,.444,.500,.944,148,4,0,0,0,0,0,1
1961,stockwe01,Wes Stock,27,BAL,AL,35,12,11,0,0,0,0,0,0,0,0,1,10,.000,.083,.000,.083,-75,0,0,0,0,0,0,1
1961,stuardi01,Dick Stuart,28,PIT,NL,138,576,532,83,160,28,8,35,117,0,3,34,121,.301,.344,.581,.925,141,309,22,4,1,5,1,*3/7
1961,sturdto01,Tom Sturdivant,31,TOT,MLB,28,65,58,3,10,0,0,0,1,0,1,2,13,.172,.200,.172,.372,2,10,1,0,5,0,0,1
1961,sturdto01,Tom Sturdivant,31,WSA,AL,15,32,26,1,2,0,0,0,0,0,0,2,5,.077,.143,.077,.220,-38,2,0,0,4,0,0,1
1961,sturdto01,Tom Sturdivant,31,PIT,NL,13,33,32,2,8,0,0,0,1,0,1,0,8,.250,.250,.250,.500,34,8,1,0,1,0,0,1
1961,sullifr01,Frank Sullivan,31,PHI,NL,49,41,33,2,5,0,0,0,2,0,0,5,10,.152,.263,.152,.415,16,5,1,0,3,0,0,1
1961,sulliha02,Haywood Sullivan,30,KCA,AL,117,379,331,42,80,16,2,6,40,1,0,46,45,.242,.333,.356,.690,85,118,9,0,1,1,0,23/97
1961,tannech01,Chuck Tanner,32,LAA,AL,7,10,8,0,1,0,0,0,0,0,0,2,2,.125,.300,.125,.425,14,1,0,0,0,0,0,/9
1961,tasbywi01,Willie Tasby,28,WSA,AL,141,561,494,54,124,13,2,17,63,4,10,58,94,.251,.330,.389,.718,97,192,15,2,3,4,2,*8/9
1961,taussdo01,Don Taussig,29,STL,NL,98,210,188,27,54,14,5,2,25,2,2,16,34,.287,.338,.447,.785,99,84,5,0,3,3,0,798
1961,tayloha04,Hawk Taylor,22,MLN,NL,20,29,26,1,5,0,0,1,1,0,1,3,11,.192,.276,.308,.584,61,8,0,0,0,0,0,/72
1961,taylosa02,Sammy Taylor,28,CHC,NL,89,264,235,26,56,8,2,8,23,0,0,23,39,.238,.316,.391,.707,87,92,6,4,1,1,7,2
1961,tayloto02,Tony Taylor,25,PHI,NL,106,437,400,47,100,17,3,2,26,11,5,29,59,.250,.304,.323,.626,69,129,10,2,6,0,4,4/5
1961,templjo01,Johnny Temple,33,CLE,AL,129,588,518,73,143,22,3,3,30,9,5,61,36,.276,.351,.347,.699,91,180,12,0,7,2,1,*4
1961,terryra01,Ralph Terry,25,NYY,AL,31,73,66,3,15,2,0,0,5,0,0,1,16,.227,.235,.258,.493,35,17,1,0,5,1,0,1
1961,thackmo01,Moe Thacker,27,CHC,NL,25,47,35,3,6,0,0,0,2,0,0,11,11,.171,.383,.171,.554,55,6,1,1,0,0,1,2
1961,thomafr03,Frank Thomas,32,TOT,NL,139,516,473,65,133,15,3,27,73,2,4,31,78,.281,.331,.497,.828,123,235,19,6,2,4,7,*73/9
1961,thomafr03,Frank Thomas,32,CHC,NL,15,52,50,7,13,2,0,2,6,0,0,2,8,.260,.288,.420,.708,86,21,3,0,0,0,0,7/3
1961,thomafr03,Frank Thomas,32,MLN,NL,124,464,423,58,120,13,3,25,67,2,4,29,70,.284,.335,.506,.841,128,214,16,6,2,4,7,*73/9
1961,thomage01,George Thomas,23,TOT,AL,96,316,288,41,79,12,1,13,59,3,6,21,70,.274,.328,.458,.786,100,132,3,3,3,2,1,578/96
1961,thomage01,George Thomas,23,DET,AL,17,6,6,2,0,0,0,0,0,0,0,0,4,.000,.000,.000,.000,-100,0,0,0,0,0,0,/96
1961,thomage01,George Thomas,23,LAA,AL,79,310,282,39,79,12,1,13,59,3,6,21,66,.280,.334,.468,.803,104,132,3,3,3,2,1,578/9
1961,thomale03,Lee Thomas,25,TOT,AL,132,507,452,77,129,11,5,24,70,0,5,47,74,.285,.353,.491,.844,115,222,12,2,2,3,2,937
1961,thomale03,Lee Thomas,25,NYY,AL,2,2,2,0,1,0,0,0,0,0,0,0,0,.500,.500,.500,1.000,175,1,0,0,0,0,0,
1961,thomale03,Lee Thomas,25,LAA,AL,130,505,450,77,128,11,5,24,70,0,5,47,74,.284,.353,.491,.844,115,221,12,2,2,3,2,937
1961,thomava01,Valmy Thomas,35,CLE,AL,27,92,86,7,18,3,0,2,6,0,0,6,7,.209,.261,.314,.575,55,27,7,0,0,0,0,2
1961,thronfa01,Faye Throneberry,30,LAA,AL,24,37,31,1,6,1,0,0,0,0,0,5,10,.194,.306,.226,.531,40,7,1,0,1,0,0,/79
1961,thronma01,Marv Throneberry,27,TOT,AL,96,258,226,26,51,5,1,11,35,0,0,31,50,.226,.319,.403,.722,94,91,6,0,1,0,1,39
1961,thronma01,Marv Throneberry,27,KCA,AL,40,150,130,17,31,2,1,6,24,0,0,19,30,.238,.336,.408,.743,98,53,4,0,1,0,1,39
1961,thronma01,Marv Throneberry,27,BAL,AL,56,108,96,9,20,3,0,5,11,0,0,12,20,.208,.296,.396,.692,87,38,2,0,0,0,0,93
1961,tiefebo01,Bobby Tiefenauer,31,STL,NL,3,0,0,0,0,0,0,0,0,0,0,0,0,,,,,,0,0,0,0,0,0,/1
1961,torgeea01,Earl Torgeson,37,TOT,AL,42,45,33,4,3,0,0,0,1,0,1,11,8,.091,.311,.091,.402,16,3,2,0,0,1,0,/3
1961,torgeea01,Earl Torgeson,37,CHW,AL,20,19,15,1,1,0,0,0,1,0,0,3,5,.067,.211,.067,.277,-21,1,1,0,0,1,0,/3
1961,torgeea01,Earl Torgeson,37,NYY,AL,22,26,18,3,2,0,0,0,0,0,1,8,3,.111,.385,.111,.496,43,2,1,0,0,0,0,/3
1961,torrejo01,Joe Torre,20,MLN,NL,113,441,406,40,113,21,4,10,42,3,5,28,60,.278,.330,.424,.754,106,172,10,4,2,1,4,*2
1961,treshto01,Tom Tresh,22,NYY,AL,9,8,8,1,2,0,0,0,0,0,0,0,1,.250,.250,.250,.500,38,2,1,0,0,0,0,/6
1961,triangu01,Gus Triandos,30,BAL,AL,115,445,397,35,97,21,0,17,63,0,0,44,60,.244,.320,.426,.746,101,169,13,1,1,2,7,*2
1961,turlebo01,Bob Turley,30,NYY,AL,15,25,21,1,2,0,0,0,3,0,0,0,11,.095,.091,.095,.186,-49,2,1,0,3,1,0,1
1961,tuttlbi01,Bill Tuttle,31,TOT,AL,138,520,454,53,113,14,5,5,46,1,3,52,50,.249,.323,.335,.658,74,152,15,0,9,5,4,85/94
1961,tuttlbi01,Bill Tuttle,31,KCA,AL,25,95,84,15,22,2,2,0,8,0,0,9,9,.262,.333,.333,.667,79,28,2,0,2,0,0,8
1961,tuttlbi01,Bill Tuttle,31,MIN,AL,113,425,370,38,91,12,3,5,38,1,3,43,41,.246,.321,.335,.656,73,124,13,0,7,5,4,58/94
1961,umbriji01,Jim Umbricht,30,PIT,NL,1,1,1,0,1,0,0,0,0,0,0,0,0,1.000,1.000,1.000,2.000,437,1,0,0,0,0,0,/1
1961,valdijo01,Jose Valdivielso,27,MIN,AL,76,158,149,15,29,5,0,1,9,1,1,8,19,.195,.234,.248,.482,27,37,6,0,0,1,0,645
1961,valoel01,Elmer Valo,40,TOT,MLB,83,88,75,4,13,4,0,1,12,0,0,11,9,.173,.295,.267,.562,51,20,2,2,0,0,1,/79
1961,valoel01,Elmer Valo,40,MIN,AL,33,36,32,0,5,2,0,0,4,0,0,3,3,.156,.250,.219,.469,24,7,2,1,0,0,1,/7
1961,valoel01,Elmer Valo,40,PHI,NL,50,52,43,4,8,2,0,1,8,0,0,8,6,.186,.327,.302,.629,71,13,0,1,0,0,0,/9
1961,vealco01,Coot Veal,28,WSA,AL,69,252,218,21,44,10,0,0,8,1,8,19,29,.202,.273,.248,.520,44,54,3,3,10,2,0,6
1961,versazo01,Zoilo Versalles,21,MIN,AL,129,542,510,65,143,25,5,7,53,16,9,25,61,.280,.314,.390,.704,84,199,8,1,4,2,2,*6
1961,virdobi01,Bill Virdon,30,PIT,NL,146,660,599,81,156,22,8,9,58,5,8,49,45,.260,.313,.369,.682,81,221,4,0,5,7,1,*8
1961,virgioz01,Ozzie Virgil,29,TOT,AL,31,52,51,2,7,0,0,1,1,0,0,1,8,.137,.154,.196,.350,-8,10,7,0,0,0,0,5/246
1961,virgioz01,Ozzie Virgil,29,DET,AL,20,31,30,1,4,0,0,1,1,0,0,1,5,.133,.161,.233,.395,3,7,2,0,0,0,0,/5246
1961,virgioz01,Ozzie Virgil,29,KCA,AL,11,21,21,1,3,0,0,0,0,0,0,0,3,.143,.143,.143,.286,-23,3,5,0,0,0,0,/52
1961,wagnele01,Leon Wagner,27,LAA,AL,133,511,453,74,127,19,2,28,79,5,1,48,65,.280,.348,.517,.865,120,234,5,3,0,7,2,*79
1961,walkeje01,Jerry Walker,22,KCA,AL,45,68,64,6,16,2,0,0,7,0,0,3,9,.250,.284,.281,.565,52,18,1,0,1,0,0,1
1961,wallsle01,Lee Walls,28,PHI,NL,91,285,261,32,73,6,4,8,30,2,2,19,48,.280,.329,.425,.754,101,111,9,0,5,0,1,357/98
1961,walteke01,Ken Walters,27,PHI,NL,86,190,180,23,41,8,2,2,14,2,2,5,25,.228,.251,.328,.579,55,59,6,1,3,1,0,9/385
1961,warwica01,Carl Warwick,24,TOT,NL,74,190,163,29,39,6,2,4,17,3,0,20,36,.239,.317,.374,.691,77,61,3,0,4,3,0,879
1961,warwica01,Carl Warwick,24,LAD,NL,19,13,11,2,1,0,0,0,1,0,0,2,3,.091,.231,.091,.322,-12,1,1,0,0,0,0,/789
1961,warwica01,Carl Warwick,24,STL,NL,55,177,152,27,38,6,2,4,16,3,0,18,33,.250,.324,.395,.718,83,60,2,0,4,3,0,879
1961,washbra01,Ray Washburn,23,STL,NL,3,8,8,1,1,0,0,0,0,0,0,0,4,.125,.125,.125,.250,-35,1,0,0,0,0,0,/1
1961,wertzvi01,Vic Wertz,36,TOT,AL,107,369,323,33,84,16,2,11,61,0,0,38,44,.260,.336,.424,.760,102,137,11,2,0,6,3,3
1961,wertzvi01,Vic Wertz,36,BOS,AL,99,363,317,33,83,16,2,11,60,0,0,38,43,.262,.339,.429,.768,104,136,11,2,0,6,3,3
1961,wertzvi01,Vic Wertz,36,DET,AL,8,6,6,0,1,0,0,0,1,0,0,0,1,.167,.167,.167,.333,-11,1,0,0,0,0,0,
1961,whisepe01,Pete Whisenant,31,TOT,MLB,36,23,21,7,3,0,0,0,1,1,0,3,6,.143,.250,.143,.393,7,3,1,0,0,0,0,7/952
1961,whisepe01,Pete Whisenant,31,MIN,AL,10,6,6,1,0,0,0,0,0,0,0,1,2,.000,.143,.000,.143,-59,0,0,0,0,0,0,/7
1961,whisepe01,Pete Whisenant,31,CIN,NL,26,17,15,6,3,0,0,0,1,1,0,2,4,.200,.294,.200,.494,34,3,1,0,0,0,0,7/952
1961,whitebi03,Bill White,27,STL,NL,153,663,591,89,169,28,11,20,90,8,11,64,84,.286,.354,.472,.826,110,279,13,1,2,5,4,*3
1961,whitesa02,Sammy White,33,MLN,NL,21,68,63,1,14,1,0,1,5,0,0,2,9,.222,.242,.286,.528,45,18,1,0,2,1,0,2
1961,wickeda01,Dave Wickersham,25,KCA,AL,17,3,3,1,2,1,0,0,3,0,0,0,0,.667,.667,1.000,1.667,340,3,0,0,0,0,0,1
1961,wilheho01,Hoyt Wilhelm,38,BAL,AL,51,24,20,1,1,0,0,0,2,0,0,2,10,.050,.136,.050,.186,-47,1,1,0,2,0,0,1
1961,willbo01,Bob Will,29,CHC,NL,86,130,113,9,29,9,0,0,8,0,1,15,19,.257,.341,.336,.677,81,38,1,0,1,1,0,9/73
1961,willeca01,Carl Willey,30,MLN,NL,35,58,54,0,1,0,0,0,0,0,0,1,26,.019,.036,.019,.055,-84,1,0,0,3,0,0,1
1961,willibi01,Billy Williams,23,CHC,NL,146,584,529,75,147,20,7,25,86,6,0,45,70,.278,.338,.484,.822,115,256,11,5,1,4,11,*79
1961,willidi02,Dick Williams,32,BAL,AL,103,340,310,37,64,15,2,8,24,0,4,20,38,.206,.251,.345,.596,61,107,7,0,5,5,0,73/589
1961,willige01,George Williams,21,PHI,NL,17,41,36,4,9,0,0,0,1,0,0,4,4,.250,.325,.250,.575,58,9,0,0,1,0,0,4
1961,willist02,Stan Williams,24,LAD,NL,41,91,78,3,13,2,0,0,5,0,0,7,39,.167,.235,.192,.428,12,15,1,0,6,0,0,1
1961,willsma01,Maury Wills,28,LAD,NL,148,687,613,105,173,12,10,1,31,35,15,59,50,.282,.346,.339,.685,78,208,6,1,13,1,2,*6
1961,willste01,Ted Wills,27,BOS,AL,17,2,2,0,0,0,0,0,0,0,0,0,2,.000,.000,.000,.000,-100,0,0,0,0,0,0,1
1961,windhgo01,Gordie Windhorn,27,LAD,NL,34,37,33,10,8,2,1,2,6,0,1,4,3,.242,.324,.545,.870,120,18,1,0,0,0,1,/978
1961,wittge01,Red Witt,29,PIT,NL,9,3,2,0,1,1,0,0,0,0,0,0,0,.500,.500,1.000,1.500,288,2,0,0,1,0,0,/1
1961,woodja01,Jake Wood,24,DET,AL,162,731,663,96,171,17,14,11,69,30,9,58,141,.258,.320,.376,.695,83,249,8,4,2,4,2,*4
1961,woodwi01,Wilbur Wood,19,BOS,AL,6,3,3,0,0,0,0,0,0,0,0,0,2,.000,.000,.000,.000,-100,0,0,0,0,0,0,/1
1961,woodeha01,Hal Woodeshick,28,TOT,AL,19,21,20,1,2,0,0,0,0,0,0,1,10,.100,.143,.100,.243,-32,2,0,0,0,0,0,1
1961,woodeha01,Hal Woodeshick,28,WSA,AL,7,16,16,0,2,0,0,0,0,0,0,0,9,.125,.125,.125,.250,-31,2,0,0,0,0,0,/1
1961,woodeha01,Hal Woodeshick,28,DET,AL,12,5,4,1,0,0,0,0,0,0,0,1,1,.000,.200,.000,.200,-42,0,0,0,0,0,0,1
1961,woodlge01,Gene Woodling,38,WSA,AL,110,396,342,39,107,16,4,10,57,1,0,50,24,.313,.403,.471,.873,140,161,10,2,1,1,3,97
1961,woodsji01,Jim Woods,21,PHI,NL,23,55,48,6,11,3,0,2,9,0,0,4,15,.229,.296,.417,.713,89,20,3,1,1,1,2,5
1961,wrighme01,Mel Wright,33,CHC,NL,11,2,2,0,0,0,0,0,0,0,0,0,1,.000,.000,.000,.000,-100,0,0,0,0,0,0,1
1961,wyattjo02,John Wyatt,26,KCA,AL,5,0,0,0,0,0,0,0,0,0,0,0,0,,,,,,0,0,0,0,0,0,/1
1961,wynnea01,Early Wynn,41,CHW,AL,17,41,37,4,6,0,0,0,2,0,0,3,11,.162,.225,.162,.387,7,6,1,0,1,0,0,1
1961,yastrca01,Carl Yastrzemski,21,BOS,AL,148,643,583,71,155,31,6,11,80,6,5,50,96,.266,.324,.396,.721,91,231,19,3,2,5,3,*7
1961,yosted01,Eddie Yost,34,LAA,AL,76,267,213,29,43,4,0,3,15,0,1,50,48,.202,.358,.263,.621,63,56,2,2,2,0,0,5
1961,zannido01,Dom Zanni,29,SFG,NL,8,0,0,0,0,0,0,0,0,0,0,0,0,,,,,,0,0,0,0,0,0,/1
1961,zimmedo01,Don Zimmer,30,CHC,NL,128,512,477,57,120,25,4,13,40,5,1,25,70,.252,.291,.403,.694,82,192,16,2,7,1,1,*4/59
1961,zimmeje01,Jerry Zimmerman,26,CIN,NL,76,222,204,8,42,5,0,0,10,1,1,11,21,.206,.252,.230,.483,29,47,10,2,4,1,0,2
1961,zipfebu01,Bud Zipfel,22,WSA,AL,50,190,170,17,34,7,5,4,18,1,1,15,49,.200,.262,.371,.633,72,63,3,0,3,2,0,3
1961,zupofr01,Frank Zupo,21,BAL,AL,5,5,4,1,2,1,0,0,0,0,0,1,1,.500,.600,.750,1.350,266,3,0,0,0,0,0,/2
