year_ID,player_ID,name_common,age,team_ID,lg_ID,G,PA,AB,R,H,2B,3B,HR,RBI,SB,CS,BB,SO,batting_avg,onbase_perc,slugging_perc,onbase_plus_slugging,onbase_plus_slugging_plus,TB,GIDP,HBP,SH,SF,IBB,pos_summary
1912,adamsba01,Babe Adams,30,PIT,NL,28,63,53,5,12,3,1,0,3,0,,8,9,.226,.328,.321,.649,78,17,,0,1,,,1
1912,adamsbe01,Bert Adams,21,CLE,AL,20,62,54,5,11,2,1,0,6,0,1,4,15,.204,.259,.278,.536,51,15,,0,4,,,2
1912,adamswi01,Willie Adams,21,SLB,AL,13,13,13,0,0,0,0,0,0,0,0,0,9,.000,.000,.000,.000,-100,0,,0,0,,,1
1912,aglerjo01,Joe Agler,25,WSH,AL,2,1,1,0,0,0,0,0,0,0,0,0,1,.000,.000,.000,.000,-100,0,,0,0,,,/3
1912,ainsmed01,Eddie Ainsmith,22,WSH,AL,61,212,186,22,42,7,2,0,22,4,3,14,38,.226,.280,.285,.565,61,53,,0,11,,,2
1912,aitonge01,George Aiton,21,SLB,AL,10,20,17,1,4,0,0,0,1,0,1,4,5,.235,.381,.235,.616,80,4,,0,0,,,/78
1912,akersje01,Jerry Akers,24,WSH,AL,5,6,6,0,2,0,0,0,0,0,0,0,2,.333,.333,.333,.667,90,2,,0,0,,,/1
1912,alexape01,Pete Alexander,25,PHI,NL,46,117,102,7,19,4,0,2,13,0,,6,14,.186,.231,.284,.516,37,29,,0,9,,,1
1912,alexawa01,Walt Alexander,21,SLB,AL,37,109,97,5,17,4,0,0,5,1,3,8,33,.175,.245,.216,.462,35,21,,1,5,,,2
1912,allenfr01,Frank Allen,23,BRO,NL,20,41,36,4,6,3,1,1,4,0,,3,15,.167,.231,.389,.620,71,14,,0,2,,,1
1912,allisma01,Mack Allison,25,SLB,AL,31,56,52,2,7,0,0,0,0,0,0,2,17,.135,.167,.135,.301,-12,7,,0,1,,,1
1912,almeira01,Rafael Almeida,25,CIN,NL,16,65,59,9,13,4,3,0,10,0,,5,8,.220,.281,.390,.671,84,23,,0,1,,,5
1912,altroni01,Nick Altrock,35,WSH,AL,1,1,1,0,0,0,0,0,0,0,0,0,0,.000,.000,.000,.000,-100,0,,0,0,,,/31
1912,amesre01,Red Ames,29,NYG,NL,33,63,58,6,13,3,0,0,2,1,,4,23,.224,.274,.276,.550,48,16,,0,1,,,1
1912,archeji01,Jimmy Archer,29,CHC,NL,120,424,385,35,109,20,2,5,61,7,,22,36,.283,.330,.384,.715,96,148,,5,14,,,*2
1912,austiji01,Jimmy Austin,32,SLB,AL,149,602,536,57,135,14,8,2,44,28,18,38,83,.252,.306,.319,.625,82,171,,4,26,,,*5/9
1912,baderlo01,King Bader,24,NYG,NL,2,3,3,0,0,0,0,0,0,0,,0,0,.000,.000,.000,.000,-100,0,,0,0,,,/1
1912,bagbyji01,Jim Bagby,22,CIN,NL,5,5,5,0,0,0,0,0,0,0,,0,3,.000,.000,.000,.000,-100,0,,0,0,,,/1
1912,bailebi01,Bill Bailey,24,SLB,AL,3,3,2,1,1,0,0,0,0,0,0,1,0,.500,.667,.500,1.167,241,1,,0,0,,,/1
1912,bakerfr01,Home Run Baker,26,PHA,AL,149,648,577,116,200,40,21,10,130,40,26,50,38,.347,.404,.541,.945,174,312,,6,11,,,*5
1912,bakerho01,Howard Baker,24,CLE,AL,11,36,30,1,5,0,0,0,2,0,1,5,11,.167,.286,.167,.452,28,5,,0,0,,,5
1912,ballne01,Neal Ball,31,TOT,AL,58,199,177,22,39,6,1,0,20,12,5,12,28,.220,.270,.266,.535,51,47,,0,5,,,4
1912,ballne01,Neal Ball,31,CLE,AL,40,150,132,12,30,4,1,0,14,7,4,9,24,.227,.277,.273,.549,55,36,,0,4,,,4
1912,ballne01,Neal Ball,31,BOS,AL,18,49,45,10,9,2,0,0,6,5,1,3,4,.200,.250,.244,.494,39,11,,0,1,,,4
1912,bargecy01,Cy Barger,27,BRO,NL,17,40,37,3,7,1,0,0,3,1,,3,7,.189,.250,.216,.466,30,8,,0,0,,,1
1912,barrocu01,Cuke Barrows,28,CHW,AL,8,18,13,0,3,0,0,0,2,1,1,2,3,.231,.333,.231,.564,64,3,,0,3,,,/9
1912,barryha01,Hardin Barry,21,PHA,AL,3,5,4,0,0,0,0,0,0,0,0,1,1,.000,.200,.000,.200,-40,0,,0,0,,,/1
1912,barryja01,Jack Barry,25,PHA,AL,140,560,483,75,126,19,9,0,55,22,16,47,38,.261,.335,.337,.673,96,163,,7,25,,,*6
1912,bashaal01,Al Bashang,23,DET,AL,6,15,12,3,1,0,0,0,0,0,0,3,6,.083,.267,.083,.350,3,1,,0,0,,,/78
1912,baskeji01,Jim Baskette,24,CLE,AL,29,48,40,3,5,0,1,0,2,0,0,6,15,.125,.255,.175,.430,22,7,,1,1,,,1
1912,batesjo02,Johnny Bates,29,CIN,NL,81,297,239,45,69,12,7,1,29,10,,47,16,.289,.406,.410,.816,125,98,,0,11,,,8/7
1912,battege01,George Batten,20,NYY,AL,1,3,3,0,0,0,0,0,0,0,0,0,1,.000,.000,.000,.000,-100,0,,0,0,,,/4
1912,baumapa01,Paddy Baumann,26,DET,AL,16,49,42,3,11,1,0,0,7,4,3,6,5,.262,.354,.286,.640,86,12,,0,0,,,/5487
1912,baumgge01,George Baumgardner,20,SLB,AL,30,88,76,8,11,2,1,0,5,1,0,12,26,.145,.270,.197,.467,36,15,,1,1,,,1
1912,beckebe01,Beals Becker,25,NYG,NL,125,471,402,67,106,18,8,6,62,30,,54,35,.264,.354,.393,.747,101,158,,2,11,,,*89/7
1912,beckech01,Charlie Becker,21,WSH,AL,4,2,2,0,1,0,0,0,0,0,0,0,1,.500,.500,.500,1.000,185,1,,0,0,,,/1
1912,bediehu01,Hugh Bedient,22,BOS,AL,41,92,73,11,14,0,0,0,7,0,0,13,29,.192,.314,.192,.506,43,14,,0,6,,,1
1912,bellra01,Ralph Bell,21,CHW,AL,3,2,2,0,0,0,0,0,0,0,0,0,2,.000,.000,.000,.000,-100,0,,0,0,,,/1
1912,bendech01,Chief Bender,28,PHA,AL,27,68,60,5,9,1,1,0,4,2,2,6,3,.150,.227,.200,.427,24,12,,0,3,,,1
1912,bentoru01,Rube Benton,22,CIN,NL,50,109,104,6,14,3,0,0,9,1,,0,31,.135,.143,.163,.306,-16,17,,1,3,,,1
1912,benzjo01,Joe Benz,26,CHW,AL,42,86,76,3,10,0,1,0,4,0,1,1,29,.132,.143,.158,.301,-13,12,,0,8,,,1
1912,berrade01,Dennis Berran,24,CHW,AL,2,4,4,1,1,0,0,0,0,0,0,0,0,.250,.250,.250,.500,45,1,,0,0,,,/7
1912,beschbo01,Bob Bescher,28,CIN,NL,145,645,548,120,154,29,11,4,38,67,,83,61,.281,.381,.396,.777,115,217,,6,9,,,*7
1912,birmijo01,Joe Birmingham,27,CLE,AL,107,416,369,49,94,19,3,1,45,15,9,26,34,.255,.311,.331,.641,80,122,,4,16,,,8/37
1912,bislari01,Rivington Bisland,22,PIT,NL,1,1,1,0,0,0,0,0,0,0,,0,0,.000,.000,.000,.000,-100,0,,0,0,,,
1912,blackea01,Earl Blackburn,19,TOT,NL,2,1,0,0,0,0,0,0,0,0,,1,0,,1.000,,,,0,,0,0,,,/2
1912,blackea01,Earl Blackburn,19,PIT,NL,1,0,0,0,0,0,0,0,0,0,,0,0,,,,,,0,,0,0,,,/2
1912,blackea01,Earl Blackburn,19,CIN,NL,1,1,0,0,0,0,0,0,0,0,,1,0,,1.000,,,,0,,0,0,,,/2
1912,blackle01,Lena Blackburne,25,CHW,AL,5,2,1,0,0,0,0,0,0,1,0,1,0,.000,.500,.000,.500,48,0,,0,0,,,/65
1912,blandfr01,Fred Blanding,24,CLE,AL,39,109,93,13,21,2,0,1,9,0,1,5,21,.226,.280,.280,.560,57,26,,2,9,,,1
1912,blissja01,Jack Bliss,30,STL,NL,49,141,114,11,28,3,1,0,18,3,,19,14,.246,.372,.289,.662,84,33,,4,4,,,2
1912,blockbr01,Bruno Block,27,CHW,AL,46,150,136,8,35,5,6,0,26,1,2,7,21,.257,.294,.382,.676,95,52,,0,6,,,2
1912,bodiepi01,Ping Bodie,24,CHW,AL,138,540,472,58,139,24,7,5,72,12,13,43,62,.294,.358,.407,.765,121,192,,4,18,,,*89/7
1912,boehlge01,George Boehler,20,DET,AL,5,10,10,0,1,0,0,0,0,0,0,1,4,.100,.182,.100,.282,-18,1,,0,0,,,/1
1912,boehljo01,Joe Boehling,21,WSH,AL,3,0,0,0,0,0,0,0,0,0,0,0,0,,,,,,0,,0,0,,,/1
1912,bortoba01,Babe Borton,23,CHW,AL,31,120,105,15,39,3,1,0,17,1,7,8,9,.371,.416,.419,.835,142,44,,0,5,,,3
1912,boyleja02,Jack Boyle,22,PHI,NL,15,26,25,4,7,1,0,0,2,0,,1,5,.280,.308,.320,.628,68,8,,0,0,,,/56
1912,bradlhu01,Hugh Bradley,27,BOS,AL,40,157,137,16,26,11,1,1,19,3,4,15,22,.190,.275,.307,.581,63,42,,1,7,,,3
1912,bradybi01,Bill Brady,22,BSN,NL,1,0,0,0,0,0,0,0,0,0,,0,0,,,,,,0,,0,0,,,/1
1912,bradyki01,King Brady,31,BSN,NL,1,1,1,0,0,0,0,0,0,0,,0,0,.000,.000,.000,.000,-100,0,,0,0,,,/1
1912,brennad01,Ad Brennan,24,PHI,NL,27,66,59,8,15,1,2,1,6,0,,4,9,.254,.313,.390,.702,87,23,,1,2,,,1
1912,brennbe01,Bert Brenner,24,CLE,AL,2,5,5,0,0,0,0,0,0,0,0,0,1,.000,.000,.000,.000,-100,0,,0,0,,,/1
1912,bresnro01,Roger Bresnahan,33,STL,NL,48,126,108,8,36,7,2,1,15,4,,14,9,.333,.419,.463,.882,144,50,,2,0,,,2
1912,bridwal01,Al Bridwell,28,BSN,NL,31,116,106,6,25,5,1,0,16,2,,5,5,.236,.270,.302,.572,56,32,,0,5,,,6
1912,briefbu01,Bunny Brief,19,SLB,AL,15,53,42,9,13,3,0,0,5,2,3,6,8,.310,.408,.381,.789,130,16,,1,4,,,/73
1912,brinkbi01,Bill Brinker,28,PHI,NL,9,20,18,1,4,1,0,0,2,0,,2,3,.222,.300,.278,.578,55,5,,0,0,,,/587
1912,bronkhe01,Herman Bronkie,27,CLE,AL,6,19,16,1,0,0,0,0,0,0,0,1,2,.000,.059,.000,.059,-83,0,,0,2,,,/5
1912,brownbi01,Bill Brown,18,SLB,AL,9,22,20,0,4,0,0,0,1,0,1,0,8,.200,.200,.200,.400,16,4,,0,1,,,/78
1912,brownbo01,Boardwalk Brown,23,PHA,AL,34,82,76,4,11,0,1,0,1,0,0,4,32,.145,.188,.171,.359,4,13,,0,4,,,1
1912,brownbu01,Buster Brown,30,BSN,NL,31,63,61,6,13,7,0,0,3,0,,2,18,.213,.238,.328,.566,54,20,,0,1,,,1
1912,browncu01,Curly Brown,23,SLB,AL,17,25,24,1,5,0,1,0,0,0,0,0,4,.208,.208,.292,.500,45,7,,0,0,,,1
1912,brownel01,Elmer Brown,28,SLB,AL,23,38,36,1,6,1,1,0,4,0,0,1,17,.167,.189,.250,.439,27,9,,0,2,,,1
1912,brownmo01,Mordecai Brown,35,CHC,NL,16,34,31,3,9,1,0,0,4,1,,2,6,.290,.333,.323,.656,80,10,,0,1,,,1
1912,brownge01,George Browne,36,PHI,NL,6,6,5,0,1,0,0,0,0,0,,1,0,.200,.333,.200,.533,44,1,,0,0,,,
1912,burksa01,Sandy Burk,25,TOT,NL,14,15,15,0,1,1,0,0,0,0,,0,6,.067,.067,.133,.200,-45,2,,0,0,,,1
1912,burksa01,Sandy Burk,25,BRO,NL,2,4,4,0,1,1,0,0,0,0,,0,3,.250,.250,.500,.750,106,2,,0,0,,,/1
1912,burksa01,Sandy Burk,25,STL,NL,12,11,11,0,0,0,0,0,0,0,,0,3,.000,.000,.000,.000,-100,0,,0,0,,,1
1912,burnsbi01,Bill Burns,32,DET,AL,6,16,13,0,3,2,0,0,0,0,0,3,6,.231,.375,.385,.760,120,5,,0,0,,,/1
1912,burnsed01,Ed Burns,24,STL,NL,1,1,1,0,0,0,0,0,1,0,,0,0,.000,.000,.000,.000,-100,0,,0,0,,,/2
1912,burnsge01,George Burns,22,NYG,NL,29,60,51,11,15,4,0,0,5,7,,8,8,.294,.400,.373,.773,108,19,,1,0,,,7/89
1912,bushjo01,Bullet Joe Bush,19,PHA,AL,1,4,4,1,2,0,1,0,3,0,0,0,2,.500,.500,1.000,1.500,333,4,,0,0,,,/1
1912,bushdo01,Donie Bush,24,DET,AL,144,643,511,107,118,14,8,2,38,37,18,117,53,.231,.377,.301,.679,97,154,,3,12,,,*6
1912,busheja01,Jack Bushelman,25,BOS,AL,3,4,3,1,0,0,0,0,0,0,0,1,2,.000,.250,.000,.250,-28,0,,0,0,,,/1
1912,butchha01,Hank Butcher,25,CLE,AL,26,92,82,9,16,4,1,1,10,1,4,6,17,.195,.250,.305,.555,56,25,,0,3,,,7/9
1912,butlear01,Art Butler,24,PIT,NL,43,173,154,19,42,4,2,1,14,2,,15,13,.273,.337,.344,.681,87,53,,0,4,,,4
1912,byrnebo01,Bobby Byrne,27,PIT,NL,130,599,528,99,152,31,11,3,37,20,,54,40,.288,.358,.405,.764,109,214,,4,12,,,*5
1912,cadyhi01,Hick Cady,26,BOS,AL,47,152,135,19,35,13,2,0,9,0,2,10,16,.259,.324,.385,.710,99,52,,3,7,,,2/3
1912,caldwra02,Ray Caldwell,24,NYY,AL,44,82,76,18,18,1,2,0,6,4,1,5,13,.237,.284,.303,.587,64,23,,0,1,,,1/79
1912,callani01,Jimmy Callahan,38,CHW,AL,111,443,408,45,111,9,7,1,52,19,11,12,28,.272,.298,.336,.634,83,137,,3,22,,,*7/8
1912,camniho01,Howie Camnitz,30,PIT,NL,41,109,98,7,23,1,0,0,8,1,,3,22,.235,.257,.245,.502,38,24,,0,8,,,1
1912,campbvi01,Vin Campbell,24,BSN,NL,145,680,624,102,185,32,9,3,52,19,,32,44,.296,.334,.391,.725,98,244,,3,22,,,*8
1912,caprora01,Ralph Capron,23,PIT,NL,1,0,0,0,0,0,0,0,0,0,,0,0,,,,,,0,,0,0,,,
1912,careyma01,Max Carey,22,PIT,NL,150,690,587,114,177,23,8,5,68,45,,61,79,.302,.372,.394,.766,109,231,,5,37,,,*7/8
1912,carisfr01,Fred Carisch,30,CLE,AL,24,72,69,4,19,3,1,0,5,3,1,1,7,.275,.286,.348,.634,78,24,,0,2,,,2
1912,carribi02,Bill Carrigan,28,BOS,AL,87,314,266,34,70,7,1,0,24,7,12,38,19,.263,.359,.297,.656,85,79,,2,8,,,2
1912,cashica01,Carl Cashion,23,WSH,AL,42,113,103,7,22,5,1,2,12,2,0,8,27,.214,.270,.340,.610,73,35,,0,1,,,1/9
1912,cathete01,Ted Cather,23,STL,NL,5,19,19,4,8,1,1,0,2,1,,0,4,.421,.421,.579,1.000,175,11,,0,0,,,/89
1912,chalmge01,George Chalmers,24,PHI,NL,12,19,16,2,3,0,0,0,0,0,,2,9,.188,.278,.188,.465,25,3,,0,1,,,1
1912,chancfr01,Frank Chance,35,CHC,NL,2,9,5,2,1,0,0,0,0,1,,3,0,.200,.500,.200,.700,96,1,,0,1,,,/3
1912,chapmha01,Harry Chapman,26,CHC,NL,1,4,4,1,1,0,1,0,1,1,,0,0,.250,.250,.750,1.000,169,3,,0,0,,,/2
1912,chapmra01,Ray Chapman,21,CLE,AL,31,136,109,29,34,6,3,0,19,10,5,10,13,.312,.375,.422,.797,124,46,,1,12,,,6
1912,chaseha01,Hal Chase,29,NYY,AL,131,565,522,61,143,21,9,4,58,33,22,17,40,.274,.299,.372,.671,87,194,,2,25,,,*3/4
1912,chenela01,Larry Cheney,26,CHC,NL,42,123,106,13,24,5,2,1,11,0,,6,25,.226,.274,.340,.614,68,36,,1,10,,,1
1912,cicoted01,Eddie Cicotte,28,TOT,AL,29,75,66,11,15,2,0,0,4,0,0,6,14,.227,.292,.258,.549,58,17,,0,3,,,1
1912,cicoted01,Eddie Cicotte,28,BOS,AL,9,16,13,1,2,0,0,0,1,0,0,4,2,.154,.353,.154,.507,44,2,,0,0,,,/1
1912,cicoted01,Eddie Cicotte,28,CHW,AL,20,59,53,10,13,2,0,0,3,0,0,2,12,.245,.273,.283,.556,61,15,,0,3,,,1
1912,clarkji01,Jim Clark,24,STL,NL,2,2,1,0,0,0,0,0,0,0,,0,1,.000,.000,.000,.000,-100,0,,0,0,,,
1912,clarkto01,Tommy Clarke,24,CIN,NL,72,182,146,19,41,7,2,0,22,9,,28,14,.281,.400,.356,.756,109,52,,1,5,,,2
1912,cobbty01,Ty Cobb,25,DET,AL,140,610,553,120,226,30,23,7,83,61,34,43,30,.409,.456,.584,1.040,200,323,,5,8,,,*8/7
1912,coleki01,King Cole,26,TOT,NL,20,22,20,2,4,1,0,0,6,0,,1,6,.200,.238,.250,.488,34,5,,0,1,,,1
1912,coleki01,King Cole,26,CHC,NL,8,5,5,0,2,1,0,0,1,0,,0,2,.400,.400,.600,1.000,173,3,,0,0,,,/1
1912,coleki01,King Cole,26,PIT,NL,12,17,15,2,2,0,0,0,5,0,,1,4,.133,.188,.133,.321,-12,2,,0,1,,,1
1912,colemcu01,Curt Coleman,25,NYY,AL,12,45,37,8,9,4,0,0,4,0,2,7,3,.243,.364,.351,.715,100,13,,0,0,,,5
1912,collied01,Eddie Collins,25,PHA,AL,153,677,543,137,189,25,11,0,64,63,22,101,28,.348,.450,.435,.885,158,236,,0,29,,,*4
1912,collira01,Ray Collins,25,BOS,AL,27,82,65,8,11,1,0,0,2,0,0,12,14,.169,.308,.185,.492,39,12,,1,3,,,1
1912,collish01,Shano Collins,26,CHW,AL,153,626,579,75,168,34,10,2,81,27,20,29,66,.290,.330,.394,.723,109,228,,5,19,,,*938/7
1912,comptpe01,Pete Compton,22,SLB,AL,103,302,268,26,75,6,4,2,30,11,6,22,36,.280,.339,.354,.694,102,95,,2,6,,,79
1912,coombja01,Jack Coombs,29,PHA,AL,56,124,110,10,28,2,0,0,13,1,2,14,18,.255,.344,.273,.617,80,30,,1,2,,,1
1912,coopewi01,Wilbur Cooper,20,PIT,NL,6,16,13,0,2,0,0,0,1,0,,1,2,.154,.214,.154,.368,2,2,,0,2,,,/1
1912,corrire01,Red Corriden,24,DET,AL,38,156,138,22,28,6,0,0,5,4,4,15,15,.203,.286,.246,.532,54,34,,1,3,,,5/46
1912,cottedi01,Dick Cotter,22,CHC,NL,26,61,54,6,15,0,2,0,9,1,,6,13,.278,.361,.352,.713,96,19,,1,0,,,2
1912,cottren01,Ensign Cottrell,23,CHC,NL,1,1,1,0,0,0,0,0,0,0,,0,0,.000,.000,.000,.000,-100,0,,0,0,,,/1
1912,covelst01,Stan Coveleski,22,PHA,AL,5,7,7,0,1,0,0,0,0,0,0,1,5,.143,.250,.143,.393,15,1,,0,0,,,/1
1912,covinte01,Tex Covington,25,DET,AL,14,18,15,1,2,1,0,0,0,0,0,3,6,.133,.278,.200,.478,39,3,,0,0,,,1
1912,crabbro01,Roy Crabb,21,TOT,AL,9,21,19,0,0,0,0,0,0,0,0,0,11,.000,.000,.000,.000,-100,0,,0,1,,,/1
1912,crabbro01,Roy Crabb,21,CHW,AL,2,3,3,0,0,0,0,0,0,0,0,0,3,.000,.000,.000,.000,-100,0,,0,0,,,/1
1912,crabbro01,Roy Crabb,21,PHA,AL,7,18,16,0,0,0,0,0,0,0,0,0,8,.000,.000,.000,.000,-100,0,,0,1,,,/1
1912,cramebi01,Bill Cramer,21,CIN,NL,1,1,1,0,0,0,0,0,0,0,,0,0,.000,.000,.000,.000,-100,0,,0,0,,,/1
1912,cranddo01,Doc Crandall,24,NYG,NL,50,89,80,9,25,6,2,0,16,0,,6,7,.313,.360,.438,.798,114,35,,0,3,,,1/43
1912,cravaga01,Gavvy Cravath,31,PHI,NL,130,503,436,63,124,30,9,11,70,15,,47,77,.284,.358,.470,.828,120,205,,3,16,,,*978
1912,crawfsa01,Sam Crawford,32,DET,AL,149,647,581,81,189,30,21,4,109,42,13,42,32,.325,.373,.470,.843,143,273,,2,19,,,*9/78
1912,creebi01,Birdie Cree,29,NYY,AL,50,220,190,25,63,11,6,0,22,12,19,20,25,.332,.409,.453,.862,140,86,,5,1,,,7/8
1912,crigelo01,Lou Criger,40,SLB,AL,1,3,2,1,0,0,0,0,0,0,0,0,0,.000,.000,.000,.000,-100,0,,0,0,,,/2
1912,crossfr02,Frank Crossin,21,SLB,AL,8,24,22,2,5,0,0,0,2,1,0,1,6,.227,.261,.227,.488,42,5,,0,0,,,/2
1912,cunnibi01,Bill Cunningham,26,WSH,AL,8,31,27,5,5,1,0,1,8,2,2,3,4,.185,.267,.333,.600,70,9,,0,1,,,/46
1912,curticl01,Cliff Curtis,30,TOT,NL,29,45,41,2,8,0,0,0,3,1,,2,9,.195,.233,.195,.428,18,8,,0,2,,,1
1912,curticl01,Cliff Curtis,30,PHI,NL,10,16,15,1,0,0,0,0,0,0,,1,5,.000,.063,.000,.063,-83,0,,0,0,,,1
1912,curticl01,Cliff Curtis,30,BRO,NL,19,29,26,1,8,0,0,0,3,1,,1,4,.308,.333,.308,.641,79,8,,0,2,,,1
1912,cutshge01,George Cutshaw,25,BRO,NL,102,405,357,41,100,14,4,0,28,16,,31,16,.280,.341,.342,.683,90,122,,2,15,,,4/56
1912,dalege01,Gene Dale,23,STL,NL,20,22,22,0,6,1,0,0,0,0,,0,7,.273,.273,.318,.591,63,7,,0,0,,,1
1912,daleyjo01,John Daley,25,SLB,AL,18,65,52,7,9,0,0,1,3,4,2,9,12,.173,.317,.231,.548,60,12,,2,1,,,6
1912,daleyju01,Jud Daley,28,BRO,NL,61,237,199,22,51,9,1,1,13,2,,24,17,.256,.342,.327,.669,86,65,,2,12,,,87/9
1912,danfoda01,Dave Danforth,22,PHA,AL,3,8,8,0,2,0,0,0,0,0,0,0,4,.250,.250,.250,.500,45,2,,0,0,,,/1
1912,daniebe01,Bert Daniels,29,NYY,AL,135,582,496,72,136,25,11,2,41,37,20,51,52,.274,.363,.381,.744,108,189,,18,19,,,*79/8
1912,daubeja01,Jake Daubert,28,BRO,NL,145,627,559,81,172,19,16,3,66,29,,48,45,.308,.369,.415,.784,118,232,,6,14,,,*3
1912,daussho01,Hooks Dauss,22,DET,AL,2,7,4,0,1,1,0,0,0,0,0,1,1,.250,.500,.500,1.000,190,2,,1,0,,,/1
1912,davisdi01,Dixie Davis,21,CIN,NL,7,10,10,0,2,0,0,0,0,0,,0,4,.200,.200,.200,.400,10,2,,0,0,,,/1
1912,davisha01,Harry Davis,38,CLE,AL,2,5,5,0,0,0,0,0,0,0,0,0,0,.000,.000,.000,.000,-100,0,,0,0,,,/3
1912,davisge02,Iron Davis,22,NYY,AL,10,20,18,0,2,0,0,0,1,0,0,2,10,.111,.200,.111,.311,-13,2,,0,0,,,1
1912,dealch01,Charlie Deal,20,DET,AL,42,158,142,13,32,4,2,0,11,4,5,9,28,.225,.272,.282,.553,60,40,,0,7,,,5
1912,delahji01,Jim Delahanty,33,DET,AL,79,321,266,34,76,14,1,0,41,9,7,42,13,.286,.397,.346,.743,115,92,,7,8,,,47/9
1912,delhifl01,Flame Delhi,19,CHW,AL,1,0,0,0,0,0,0,0,0,0,0,0,0,,,,,,0,,0,0,,,/1
1912,dellwh01,Wheezer Dell,26,STL,NL,3,0,0,0,0,0,0,0,0,0,,0,0,,,,,,0,,0,0,,,/1
1912,demaral01,Al Demaree,27,NYG,NL,2,5,5,0,0,0,0,0,0,0,,0,1,.000,.000,.000,.000,-100,0,,0,0,,,/1
1912,dented01,Eddie Dent,24,BRO,NL,1,1,1,0,0,0,0,0,0,0,,0,1,.000,.000,.000,.000,-100,0,,0,0,,,/1
1912,derricl01,Claud Derrick,26,PHA,AL,21,66,58,7,14,0,1,0,7,1,4,5,8,.241,.313,.276,.588,71,16,,1,3,,,6
1912,devliar01,Art Devlin,32,BSN,NL,124,496,436,59,126,18,8,0,57,11,,51,37,.289,.367,.367,.734,101,160,,3,8,,,356/7
1912,devorjo01,Josh Devore,24,NYG,NL,106,390,327,66,90,14,6,2,37,27,,51,43,.275,.381,.373,.754,103,122,,5,7,,,79/8
1912,dickswa01,Walt Dickson,33,BSN,NL,36,68,60,3,10,0,0,0,0,1,,5,16,.167,.242,.167,.409,13,10,,1,3,,,1
1912,doakbi01,Bill Doak,21,CIN,NL,1,0,0,0,0,0,0,0,0,0,,0,0,,,,,,0,,0,0,,,/1
1912,doddon01,Ona Dodd,25,PIT,NL,5,10,9,0,0,0,0,0,1,0,,1,3,.000,.100,.000,.100,-71,0,,0,0,,,/54
1912,dodgejo01,John Dodge,23,PHI,NL,30,102,92,3,11,1,0,0,3,2,,4,11,.120,.156,.130,.287,-23,12,,0,6,,,5/46
1912,dolanco02,Cozy Dolan,29,TOT,MLB,29,123,110,23,26,3,5,0,18,8,3,6,22,.236,.282,.355,.637,74,39,,1,4,,,5
1912,dolanco02,Cozy Dolan,29,NYY,AL,18,72,60,15,12,1,3,0,11,5,3,5,12,.200,.273,.317,.589,64,19,,1,4,,,5
1912,dolanco02,Cozy Dolan,29,PHI,NL,11,51,50,8,14,2,2,0,7,3,,1,10,.280,.294,.400,.694,84,20,,0,0,,,5
1912,donaled01,Ed Donalds,29,CIN,NL,1,1,1,0,0,0,0,0,0,0,,0,0,.000,.000,.000,.000,-100,0,,0,0,,,/1
1912,donlimi01,Mike Donlin,34,PIT,NL,77,274,244,27,77,9,8,2,35,8,,20,16,.316,.370,.443,.812,122,108,,1,10,,,98/7
1912,donneed01,Ed Donnelly,32,BSN,NL,38,78,69,9,19,4,0,0,2,1,,2,17,.275,.306,.333,.639,75,23,,1,4,,,1
1912,donovbi01,Bill Donovan,35,DET,AL,6,14,13,3,1,0,0,0,0,0,0,1,1,.077,.143,.077,.220,-36,1,,0,0,,,/139
1912,dooinre01,Red Dooin,33,PHI,NL,69,195,184,20,43,9,0,0,22,8,,5,12,.234,.262,.283,.544,45,52,,2,4,,,2
1912,doolami01,Mickey Doolin,32,PHI,NL,146,586,532,47,137,26,6,1,62,6,,34,59,.258,.305,.335,.639,71,178,,2,21,,,*6
1912,douglph01,Phil Douglas,22,CHW,AL,3,3,2,0,0,0,0,0,0,0,0,0,2,.000,.000,.000,.000,-100,0,,0,1,,,/1
1912,dowdjo01,John Dowd,21,NYY,AL,10,38,31,1,6,1,0,0,0,0,2,6,6,.194,.342,.226,.568,59,7,,1,0,,,6
1912,downeto01,Tom Downey,28,TOT,NL,67,231,193,31,54,6,5,1,27,3,,22,25,.280,.353,.378,.732,96,73,,0,16,,,5/64
1912,downeto01,Tom Downey,28,PHI,NL,54,207,171,27,50,6,3,1,23,3,,21,20,.292,.370,.380,.750,100,65,,0,15,,,5/6
1912,downeto01,Tom Downey,28,CHC,NL,13,24,22,4,4,0,2,0,4,0,,1,5,.182,.217,.364,.581,58,8,,0,1,,,/654
1912,downsre01,Red Downs,28,TOT,NL,52,139,127,11,33,7,3,1,18,8,,10,22,.260,.314,.386,.700,92,49,,0,3,,,4/65
1912,downsre01,Red Downs,28,BRO,NL,9,34,32,2,8,3,0,0,3,3,,1,5,.250,.273,.344,.616,71,11,,0,1,,,/4
1912,downsre01,Red Downs,28,CHC,NL,43,105,95,9,25,4,3,1,15,5,,9,17,.263,.327,.400,.727,99,38,,0,2,,,4/65
1912,doylela01,Larry Doyle,25,NYG,NL,143,629,558,98,184,33,8,10,91,36,,56,20,.330,.393,.471,.864,132,263,,2,13,,,*4
1912,drucklo01,Louis Drucke,23,NYG,NL,1,0,0,0,0,0,0,0,0,0,,0,0,,,,,,0,,0,0,,,/1
1912,dubucje01,Jean Dubuc,23,DET,AL,40,118,108,16,29,6,2,1,9,0,1,3,22,.269,.295,.389,.684,97,42,,1,1,,,1/79
1912,eastete01,Ted Easterly,27,TOT,AL,95,258,241,22,75,6,0,2,35,5,8,9,16,.311,.341,.361,.702,99,87,,2,5,,,2/7
1912,eastete01,Ted Easterly,27,CLE,AL,65,200,186,17,55,4,0,2,21,3,5,7,14,.296,.328,.349,.678,91,65,,2,4,,,2
1912,eastete01,Ted Easterly,27,CHW,AL,30,58,55,5,20,2,0,0,14,2,3,2,2,.364,.386,.400,.786,128,22,,0,1,,,2/7
1912,edingst01,Stump Edington,20,PIT,NL,15,59,53,4,16,0,2,0,14,0,,3,1,.302,.339,.377,.717,96,20,,0,3,,,9
1912,eganbe01,Ben Egan,28,PHA,AL,49,143,138,9,24,3,4,0,13,3,2,6,38,.174,.208,.254,.462,34,35,,0,1,,,2
1912,egandi01,Dick Egan,28,CIN,NL,149,594,507,69,125,14,5,0,52,24,,56,26,.247,.324,.294,.618,71,149,,2,29,,,*4
1912,eibelha01,Hack Eibel,18,CLE,AL,1,3,3,0,0,0,0,0,0,0,0,0,0,.000,.000,.000,.000,-100,0,,0,0,,,/9
1912,ellisru01,Rube Ellis,26,STL,NL,109,352,305,47,82,18,2,4,33,6,,34,36,.269,.342,.380,.723,100,116,,0,13,,,7/98
1912,emersch01,Chester Emerson,22,PHA,AL,1,1,1,0,0,0,0,0,0,0,0,0,0,.000,.000,.000,.000,-100,0,,0,0,,,
1912,engeljo01,Joe Engel,19,WSH,AL,17,22,17,1,1,0,0,0,0,0,0,4,11,.059,.238,.059,.297,-14,1,,0,1,,,1
1912,englecl01,Clyde Engle,28,BOS,AL,58,210,171,32,40,5,3,0,18,12,7,28,19,.234,.348,.298,.647,82,51,,2,6,,,345/69
1912,ensmu01,Mutz Ens,25,CHW,AL,3,6,6,0,0,0,0,0,0,0,0,0,2,.000,.000,.000,.000,-100,0,,0,0,,,/3
1912,erwinte01,Tex Erwin,26,BRO,NL,59,153,133,14,28,3,0,2,14,1,,18,16,.211,.305,.278,.583,63,37,,0,3,,,2
1912,esmonji01,Jimmy Esmond,22,CIN,NL,82,263,231,24,45,5,3,1,40,11,,20,31,.195,.259,.255,.514,42,59,,0,12,,,6
1912,evansst01,Steve Evans,27,STL,NL,135,559,491,59,139,23,9,6,72,11,,36,51,.283,.353,.403,.756,109,198,,17,15,,,*9
1912,eversjo01,Johnny Evers,30,CHC,NL,143,567,478,73,163,23,11,1,61,16,,74,18,.341,.431,.441,.873,140,211,,2,14,,,*4
1912,ewingbo01,Bob Ewing,39,STL,NL,1,0,0,0,0,0,0,0,0,0,,0,0,,,,,,0,,0,0,,,/1
1912,faheyho01,Howard Fahey,20,PHA,AL,5,6,8,0,0,0,0,0,0,0,0,0,1,.000,.000,.000,.000,-100,0,,0,0,,,/546
1912,ferryja01,Jack Ferry,25,PIT,NL,11,14,13,0,1,1,0,0,2,0,,1,3,.077,.143,.154,.297,-19,2,,0,0,,,1
1912,finneha01,Happy Finneran,21,PHI,NL,14,11,10,1,2,0,1,0,2,0,,0,4,.200,.200,.400,.600,58,4,,0,0,,,1
1912,fishebo01,Bob Fisher,25,BRO,NL,82,284,257,27,60,10,3,0,26,7,,14,32,.233,.273,.296,.569,58,76,,0,13,,,6/45
1912,fishegu01,Gus Fisher,26,NYY,AL,4,10,10,1,1,0,0,0,0,0,0,0,4,.100,.100,.100,.200,-44,1,,0,0,,,/2
1912,fishera01,Ray Fisher,24,NYY,AL,17,34,31,0,2,0,0,0,1,0,0,0,12,.065,.065,.065,.129,-64,2,,0,3,,,1
1912,fletcar01,Art Fletcher,27,NYG,NL,129,463,419,64,118,17,9,1,52,16,,16,29,.282,.330,.372,.702,89,156,,14,14,,,*6/45
1912,fletcsa01,Sam Fletcher,31,CIN,NL,2,4,4,0,2,0,0,0,2,0,,0,1,.500,.500,.500,1.000,176,2,,0,0,,,/1
1912,flynnjo03,John Flynn,28,WSH,AL,20,81,71,9,12,4,1,0,5,2,5,7,15,.169,.253,.254,.507,44,18,,1,1,,,3
1912,fordru01,Russ Ford,29,NYY,AL,40,126,112,15,32,8,0,1,8,2,1,6,31,.286,.322,.384,.706,97,43,,0,7,,,1/47
1912,fosteed02,Eddie Foster,25,WSH,AL,154,682,618,98,176,34,9,2,70,27,14,53,48,.285,.345,.379,.724,106,234,,4,3,,,*5
1912,fournja01,Jack Fournier,22,CHW,AL,35,81,73,6,14,5,2,0,2,2,2,4,16,.192,.263,.315,.578,67,23,,3,1,,,3
1912,frilljo01,John Frill,33,TOT,MLB,6,7,6,1,2,0,0,0,1,0,0,0,0,.333,.333,.333,.667,87,2,,0,0,,,/1
1912,frilljo01,John Frill,33,SLB,AL,3,3,2,1,1,0,0,0,1,0,0,0,0,.500,.500,.500,1.000,191,1,,0,0,,,/1
1912,frilljo01,John Frill,33,CIN,NL,3,4,4,0,1,0,0,0,0,0,,0,0,.250,.250,.250,.500,38,1,,0,0,,,/1
1912,frommar01,Art Fromme,28,CIN,NL,43,108,103,3,9,1,1,0,4,0,,1,22,.087,.096,.117,.213,-42,12,,0,5,,,1
1912,gainede01,Del Gainer,25,DET,AL,52,209,179,28,43,5,6,0,20,15,12,18,18,.240,.320,.335,.655,90,60,,3,9,,,3/8
1912,gallibe01,Bert Gallia,20,WSH,AL,2,0,0,0,0,0,0,0,0,0,0,0,0,,,,,,0,,0,0,,,/1
1912,galloji01,Jim Galloway,24,STL,NL,21,61,54,4,10,2,0,0,4,2,,5,8,.185,.254,.222,.476,33,12,,0,3,,,4/6
1912,gandich01,Chick Gandil,24,WSH,AL,117,492,443,59,135,20,15,2,81,19,17,27,43,.305,.350,.431,.781,122,191,,4,18,,,*3
1912,gardnea01,Earle Gardner,28,NYY,AL,43,172,160,14,45,3,1,0,26,11,8,5,8,.281,.303,.313,.616,72,50,,0,5,,,4
1912,gardnha01,Harry Gardner,25,PIT,NL,1,0,0,0,0,0,0,0,0,0,,0,0,,,,,,0,,0,0,,,/1
1912,gardnla01,Larry Gardner,26,BOS,AL,143,593,517,88,163,24,18,3,86,25,23,56,36,.315,.383,.449,.832,134,232,,1,16,,,*5
1912,gaspaha01,Harry Gaspar,29,CIN,NL,7,12,12,0,3,0,0,0,3,0,,0,0,.250,.250,.250,.500,38,3,,0,0,,,/1
1912,georgle01,Lefty George,25,CLE,AL,11,14,14,1,3,1,1,0,0,0,0,1,1,.214,.267,.429,.695,94,6,,0,1,,,1
1912,geyerru01,Rube Geyer,28,STL,NL,41,55,53,5,11,1,0,0,3,1,,3,10,.208,.250,.226,.476,32,12,,0,1,,,1
1912,gibsoge01,George Gibson,31,PIT,NL,95,330,300,23,72,14,3,2,36,0,,20,16,.240,.290,.327,.616,68,98,,1,10,,,2
1912,gilhofr01,Frank Gilhooley,20,STL,NL,13,52,49,5,11,0,0,0,2,0,,3,8,.224,.269,.224,.494,37,11,,0,0,,,8
1912,gleaski01,Kid Gleason,45,CHW,AL,1,2,2,0,1,0,0,0,0,0,0,0,0,.500,.500,.500,1.000,190,1,,0,0,,,/4
1912,gonzami01,Mike Gonzalez,21,BSN,NL,1,3,2,0,0,0,0,0,0,0,,1,1,.000,.333,.000,.333,-5,0,,0,0,,,/2
1912,goodwi01,Wilbur Good,26,CHC,NL,39,38,35,7,5,0,0,0,1,3,,3,7,.143,.211,.143,.353,-2,5,,0,0,,,/789
1912,goulate01,Ted Goulait,22,NYG,NL,1,3,2,0,1,0,0,0,0,0,,0,1,.500,.500,.500,1.000,170,1,,0,1,,,/1
1912,gowdyha01,Hank Gowdy,22,BSN,NL,44,115,96,16,26,6,1,3,9,3,,16,13,.271,.386,.448,.834,128,43,,2,1,,,2/3
1912,grahape01,Peaches Graham,35,PHI,NL,24,67,59,6,17,1,0,1,4,1,,8,5,.288,.373,.356,.729,95,21,,0,0,,,2
1912,graneja01,Jack Graney,26,CLE,AL,78,323,264,44,64,13,2,0,20,9,13,50,31,.242,.367,.307,.674,90,81,,2,5,,,7
1912,granted01,Eddie Grant,29,CIN,NL,96,281,255,37,61,6,1,2,20,11,,18,27,.239,.292,.294,.586,62,75,,1,7,,,65
1912,graydo02,Stan Gray,23,PIT,NL,6,21,20,4,5,0,1,0,2,0,,0,3,.250,.250,.350,.600,63,7,,0,1,,,/3
1912,greggve01,Vean Gregg,27,CLE,AL,37,107,97,3,17,4,1,0,13,1,2,2,24,.175,.192,.237,.429,20,23,,0,8,,,1
1912,gregofr01,Frank Gregory,23,CIN,NL,4,6,5,1,1,0,0,0,0,0,,1,3,.200,.333,.200,.533,49,1,,0,0,,,/1
1912,griffha01,Hank Griffin,25,BSN,NL,3,0,0,0,0,0,0,0,0,0,,0,0,,,,,,0,,0,0,,,/1
1912,griffcl01,Clark Griffith,42,WSH,AL,1,1,1,0,0,0,0,0,0,0,0,0,0,.000,.000,.000,.000,-100,0,,0,0,,,/41
1912,griggar01,Art Griggs,28,CLE,AL,89,317,273,29,83,16,7,0,39,10,8,33,37,.304,.381,.414,.795,123,113,,1,7,,,3
1912,grineda01,Dan Griner,24,STL,NL,12,16,13,2,1,0,0,0,1,1,,3,6,.077,.250,.077,.327,-7,1,,0,0,,,1
1912,grohhe01,Heinie Groh,22,NYG,NL,27,56,48,8,13,2,1,0,3,6,,8,7,.271,.375,.354,.729,97,17,,0,0,,,4/65
1912,groombo01,Bob Groom,27,WSH,AL,43,124,103,11,12,1,0,0,6,0,0,7,34,.117,.180,.126,.306,-12,13,,1,12,,,1
1912,grubbha01,Harvey Grubb,21,CLE,AL,1,1,0,0,0,0,0,0,0,0,0,0,0,,1.000,,,,0,,1,0,,,/5
1912,hagemca01,Casey Hageman,25,BOS,AL,2,0,0,0,0,0,0,0,0,0,0,1,0,,1.000,,,,0,,0,0,,,/1
1912,hallch02,Charley Hall,27,BOS,AL,34,85,75,10,20,4,2,1,14,0,2,4,16,.267,.321,.413,.734,106,31,,2,3,,,1
1912,hallied01,Ed Hallinan,23,SLB,AL,28,94,86,11,19,2,0,0,1,3,3,5,18,.221,.272,.244,.516,50,21,,1,4,,,6
1912,hamilea01,Earl Hamilton,20,SLB,AL,41,87,73,5,13,1,0,0,4,0,1,11,32,.178,.286,.192,.477,40,14,,0,6,,,1
1912,harmobo01,Bob Harmon,24,STL,NL,46,104,99,7,23,1,1,0,7,2,,1,31,.232,.248,.263,.510,41,26,,1,2,,,1
1912,harresl01,Slim Harrell,21,PHA,AL,1,1,1,0,0,0,0,0,0,0,0,0,1,.000,.000,.000,.000,-100,0,,0,0,,,/1
1912,hartefr01,Frank Harter,25,CIN,NL,6,11,11,0,1,0,0,0,0,0,,0,4,.091,.091,.091,.182,-50,1,,0,0,,,/1
1912,hartlgr01,Grover Hartley,23,NYG,NL,25,35,34,3,8,2,1,0,7,2,,0,4,.235,.257,.353,.610,63,12,,1,0,,,2
1912,hartzro01,Roy Hartzell,30,NYY,AL,125,494,416,50,113,10,11,1,38,20,12,64,35,.272,.370,.356,.726,103,148,,1,14,,,5986/4
1912,haugear01,Arthur Hauger,20,CLE,AL,15,19,18,0,1,0,0,0,0,0,0,1,6,.056,.105,.056,.161,-54,1,,0,0,,,/897
1912,hausear01,Arnold Hauser,23,STL,NL,133,542,479,73,124,14,7,1,42,26,,39,69,.259,.319,.324,.642,78,155,,3,21,,,*6
1912,hechimi01,Mike Hechinger,22,CHC,NL,2,5,3,0,0,0,0,0,0,0,,2,0,.000,.400,.000,.400,15,0,,0,0,,,/2
1912,hendrcl01,Claude Hendrix,23,PIT,NL,46,126,121,25,39,10,6,1,15,1,,3,18,.322,.339,.529,.868,135,64,,0,2,,,1/8
1912,hendrti01,Tim Hendryx,21,CLE,AL,23,86,70,9,17,2,4,1,14,3,3,8,12,.243,.329,.429,.758,112,30,,1,7,,,8
1912,henriol01,Olaf Henriksen,24,BOS,AL,44,75,56,20,18,3,1,0,8,0,1,14,14,.321,.457,.411,.868,145,23,,0,2,,,/98
1912,henryjo02,John Henry,22,WSH,AL,66,225,191,23,37,4,1,0,9,10,7,31,28,.194,.309,.225,.535,53,43,,1,3,,,2
1912,herrihe01,Herb Herring,20,WSH,AL,1,0,0,0,0,0,0,0,0,0,0,0,0,,,,,,0,,0,0,,,/1
1912,herzobu01,Buck Herzog,26,NYG,NL,140,562,482,72,127,20,9,2,51,37,,57,34,.263,.350,.355,.705,90,171,,7,17,,,*5
1912,hessot01,Otto Hess,33,BSN,NL,33,99,94,10,23,4,4,0,8,0,,0,26,.245,.245,.372,.617,67,35,,0,6,,,1
1912,higgibo01,Bob Higgins,25,BRO,NL,1,3,2,0,0,0,0,0,0,0,,0,1,.000,.000,.000,.000,-100,0,,0,0,,,/2
1912,hoblidi01,Dick Hoblitzell,23,CIN,NL,148,636,558,73,164,32,12,2,85,23,,48,28,.294,.352,.405,.757,108,226,,2,26,,,*3
1912,hoffre01,Red Hoff,21,NYY,AL,5,5,5,0,1,0,0,0,0,0,0,0,0,.200,.200,.200,.400,12,1,,0,0,,,/1
1912,hofmaso01,Solly Hofman,29,TOT,NL,53,210,178,35,49,15,1,0,23,5,,27,19,.275,.374,.371,.745,105,66,,1,4,,,8/3
1912,hofmaso01,Solly Hofman,29,CHC,NL,36,150,125,28,34,11,0,0,20,5,,22,13,.272,.385,.360,.745,105,45,,1,2,,,8/3
1912,hofmaso01,Solly Hofman,29,PIT,NL,17,60,53,7,15,4,1,0,3,0,,5,6,.283,.345,.396,.741,102,21,,0,2,,,8
1912,hoganwi01,Willie Hogan,27,SLB,AL,108,409,360,32,77,10,2,1,36,17,16,34,53,.214,.284,.261,.545,59,94,,1,13,,,7/89
1912,hoggbr01,Brad Hogg,23,BSN,NL,10,12,11,2,1,0,0,0,1,0,,1,3,.091,.167,.091,.258,-29,1,,0,0,,,1
1912,hohnhed01,Eddie Hohnhorst,27,CLE,AL,15,57,54,5,11,1,0,0,2,5,2,2,10,.204,.232,.222,.454,28,12,,0,1,,,3
1912,hoopeha01,Harry Hooper,24,BOS,AL,147,685,590,98,143,20,12,2,53,29,20,66,47,.242,.326,.327,.653,84,193,,7,21,,,*9/7
1912,horseha01,Hanson Horsey,22,CIN,NL,1,2,2,0,0,0,0,0,0,0,,0,0,.000,.000,.000,.000,-100,0,,0,0,,,/1
1912,houckby01,Byron Houck,20,PHA,AL,30,68,62,1,4,1,0,0,4,0,0,1,23,.065,.094,.081,.174,-49,5,,1,4,,,1
1912,housebe01,Ben Houser,28,BSN,NL,108,358,332,38,95,17,3,8,59,1,,22,29,.286,.332,.428,.760,107,142,,1,5,,,3
1912,howarda01,Dave Howard,23,WSH,AL,1,0,0,1,0,0,0,0,0,0,0,0,0,,,,,,0,,0,0,,,
1912,howelro01,Roland Howell,20,STL,NL,3,0,0,0,0,0,0,0,0,0,,0,0,,,,,,0,,0,0,,,/1
1912,huggimi01,Miller Huggins,34,STL,NL,120,529,431,82,131,15,4,0,29,35,,87,31,.304,.422,.357,.779,117,154,,1,11,,,*4
1912,hugheto01,Tom Hughes,33,WSH,AL,31,75,67,9,13,3,1,0,7,0,1,6,25,.194,.260,.269,.529,51,18,,0,3,,,1
1912,hummejo01,John Hummel,29,BRO,NL,122,470,411,55,116,21,7,5,54,7,,49,55,.282,.359,.404,.763,112,166,,0,10,,,493
1912,humphbe01,Bert Humphries,31,CIN,NL,30,59,51,3,7,0,0,0,2,0,,4,14,.137,.228,.137,.365,2,7,,2,2,,,1
1912,huntebi02,Bill Hunter,24,CLE,AL,21,69,55,6,9,2,0,0,2,0,3,10,5,.164,.303,.200,.503,42,11,,1,3,,,7/8
1912,hyattha01,Ham Hyatt,27,PIT,NL,46,105,97,13,28,3,1,0,21,2,,6,8,.289,.330,.340,.670,83,33,,0,2,,,9/38
1912,irvined01,Ed Irwin,30,DET,AL,1,3,3,0,2,0,2,0,0,0,0,0,1,.667,.667,2.000,2.667,663,6,,0,0,,,/5
1912,jacksge01,George Jackson,30,BSN,NL,110,456,397,55,104,13,5,4,51,22,,38,72,.262,.342,.350,.692,89,139,,10,11,,,*78
1912,jacksjo01,Shoeless Joe Jackson,24,CLE,AL,154,651,572,121,226,44,26,3,90,35,20,54,19,.395,.458,.579,1.036,191,331,,12,15,,,*98
1912,jamesbi01,Bill James,25,CLE,AL,3,5,3,0,0,0,0,0,0,0,0,1,2,.000,.250,.000,.250,-28,0,,0,1,,,/1
1912,jamesle01,Lefty James,22,CLE,AL,3,3,3,0,0,0,0,0,1,0,0,0,0,.000,.000,.000,.000,-100,0,,0,0,,,/1
1912,jantzhe01,Heinie Jantzen,22,SLB,AL,31,127,119,10,22,0,1,1,8,3,6,4,18,.185,.218,.227,.445,29,27,,1,4,,,9
1912,jennihu01,Hughie Jennings,43,DET,AL,1,1,1,0,0,0,0,0,0,0,0,0,1,.000,.000,.000,.000,-100,0,,0,0,,,
1912,jensewi01,Willie Jensen,22,DET,AL,5,11,11,0,0,0,0,0,0,0,0,0,8,.000,.000,.000,.000,-100,0,,0,0,,,/1
1912,johnswa02,Ellis Johnson,19,CHW,AL,3,3,3,0,0,0,0,0,0,0,0,1,2,.000,.250,.000,.250,-26,0,,0,0,,,/1
1912,johnser01,Ernie Johnson,24,CHW,AL,21,45,42,7,11,0,1,0,5,0,3,1,7,.262,.279,.310,.589,70,13,,0,1,,,6
1912,johnswa01,Walter Johnson,24,WSH,AL,55,158,144,16,38,6,4,2,20,2,0,7,41,.264,.298,.403,.701,99,58,,0,6,,,1
1912,johnsdo01,Doc Johnston,24,CLE,AL,43,180,164,22,46,7,4,1,11,8,6,11,12,.280,.326,.390,.716,101,64,,0,7,,,3
1912,jonesbi02,Bill Jones,25,BSN,NL,3,2,2,0,1,0,0,0,0,0,,0,1,.500,.500,.500,1.000,174,1,,0,0,,,
1912,jonesda01,Davy Jones,32,DET,AL,99,371,316,54,93,5,2,0,24,16,7,38,19,.294,.370,.323,.693,101,102,,0,12,,,7/89
1912,jordari01,Rip Jordan,22,CHW,AL,4,4,4,0,0,0,0,0,0,0,0,0,0,.000,.000,.000,.000,-100,0,,0,0,,,/1
1912,kahlege01,George Kahler,22,CLE,AL,41,86,80,2,9,2,0,0,4,1,0,4,18,.113,.165,.138,.302,-15,11,,1,1,,,1
1912,kaiseal01,Al Kaiser,25,BSN,NL,4,14,13,0,0,0,0,0,0,0,,0,3,.000,.000,.000,.000,-100,0,,0,1,,,/7
1912,kauffbe01,Benny Kauff,22,NYY,AL,5,14,11,4,3,0,0,0,2,1,0,3,0,.273,.429,.273,.701,97,3,,0,0,,,/89
1912,keatira01,Ray Keating,18,NYY,AL,6,16,16,1,6,1,0,0,3,0,0,1,5,.375,.412,.438,.849,137,7,,0,0,,,/1
1912,keefebo01,Bobby Keefe,30,CIN,NL,17,21,18,3,3,0,0,0,1,0,,1,7,.167,.211,.167,.377,5,3,,0,2,,,1
1912,kelihmi01,Mickey Keliher,22,PIT,NL,2,0,0,1,0,0,0,0,0,0,,0,0,,,,,,0,,0,0,,,
1912,kellejo02,John Kelleher,18,STL,NL,8,13,12,0,4,1,0,0,1,0,,0,2,.333,.333,.417,.750,107,5,,0,0,,,/5
1912,kellybi02,Billy Kelly,26,PIT,NL,48,140,132,20,42,3,2,1,12,8,,2,16,.318,.328,.394,.722,97,52,,0,7,,,2
1912,kentma01,Maury Kent,26,BRO,NL,20,38,35,2,8,1,0,0,5,0,,3,9,.229,.289,.257,.547,53,9,,0,0,,,1
1912,kenwobi01,Duke Kenworthy,25,WSH,AL,12,41,38,6,9,1,0,0,2,3,1,2,7,.237,.293,.263,.556,59,10,,1,0,,,/79
1912,ketteph01,Phil Ketter,28,SLB,AL,2,6,6,1,2,0,0,0,0,0,0,0,0,.333,.333,.333,.667,94,2,,0,0,,,/2
1912,kibblja01,Jack Kibble,20,CLE,AL,5,10,8,1,0,0,0,0,0,0,0,0,3,.000,.111,.000,.111,-68,0,,1,0,,,/54
1912,killebi01,Bill Killefer,24,PHI,NL,85,289,268,18,60,6,3,1,21,6,,4,14,.224,.241,.280,.521,39,75,,2,15,,,2
1912,kirbyla01,LaRue Kirby,22,NYG,NL,3,5,5,1,1,1,0,0,0,0,,0,0,.200,.200,.400,.600,59,2,,0,0,,,/1
1912,kirkeja01,Jay Kirke,24,BSN,NL,103,381,359,53,115,11,4,4,62,7,,9,46,.320,.339,.407,.745,103,146,,1,9,,,759/638
1912,kirkpen01,Enos Kirkpatrick,27,BRO,NL,32,107,94,13,18,1,1,0,6,5,,9,15,.191,.269,.223,.493,38,21,,1,3,,,5/6
1912,klingjo01,Johnny Kling,36,BSN,NL,81,274,252,26,80,10,3,2,29,3,,15,30,.317,.356,.405,.761,108,102,,0,7,,,2
1912,knabeot01,Otto Knabe,28,PHI,NL,126,493,426,56,120,11,4,0,46,16,,55,20,.282,.366,.326,.693,86,139,,2,11,,,*4
1912,knetzel01,Elmer Knetzer,26,BRO,NL,33,46,37,2,5,0,0,0,2,0,,4,14,.135,.238,.135,.373,5,5,,1,4,,,1
1912,knighjo02,John Knight,26,WSH,AL,32,118,93,10,15,2,1,0,9,4,2,16,25,.161,.284,.204,.489,40,19,,0,7,,,4/3
1912,knisepe01,Pete Knisely,27,CIN,NL,21,74,67,10,22,7,3,0,7,3,,4,5,.328,.375,.522,.897,146,35,,1,1,,,8/46
1912,kochebr01,Brad Kocher,24,DET,AL,29,67,63,5,13,3,1,0,9,0,1,2,9,.206,.231,.286,.516,49,18,,0,2,,,2
1912,koneted01,Ed Konetchy,26,STL,NL,143,619,538,81,169,26,13,8,82,25,,62,66,.314,.389,.455,.844,133,245,,4,17,,,*3/7
1912,krappge01,Gene Krapp,25,CLE,AL,13,24,22,2,7,0,0,0,2,1,0,1,6,.318,.348,.318,.666,88,7,,0,1,,,/1
1912,krausha01,Harry Krause,23,TOT,AL,6,4,4,1,1,0,0,0,0,0,0,0,0,.250,.250,.250,.500,45,1,,0,0,,,/1
1912,krausha01,Harry Krause,23,PHA,AL,4,3,4,1,1,0,0,0,0,0,0,0,0,.250,.250,.250,.500,45,1,,0,0,,,/1
1912,krausha01,Harry Krause,23,CLE,AL,2,1,0,0,0,0,0,0,0,0,0,0,0,,,,,,0,,0,0,,,/1
1912,krichpa01,Paul Krichell,29,SLB,AL,59,189,161,19,35,6,0,0,8,2,2,19,24,.217,.304,.255,.559,63,41,,1,3,,,2
1912,krohru01,Rube Kroh,25,BSN,NL,3,2,2,1,1,0,0,0,0,0,,0,1,.500,.500,.500,1.000,174,1,,0,0,,,/1
1912,krugma01,Marty Krug,23,BOS,AL,20,47,39,6,12,2,1,0,7,2,1,5,6,.308,.386,.410,.797,124,16,,0,3,,,6/4
1912,kuhnwa01,Walt Kuhn,25,CHW,AL,76,205,178,16,36,7,0,0,10,4,4,20,22,.202,.286,.242,.528,53,43,,1,8,,,2/4
1912,kutinjo01,Joe Kutina,27,SLB,AL,69,225,205,18,42,9,3,1,18,0,7,13,34,.205,.262,.293,.555,61,60,,3,5,,,3/7
1912,kylean01,Andy Kyle,22,CIN,NL,9,26,21,3,7,1,0,0,4,0,,4,2,.333,.440,.381,.821,127,8,,0,1,,,/87
1912,lafited01,Ed Lafitte,26,DET,AL,1,0,0,0,0,0,0,0,0,0,0,0,0,,,,,,0,,0,0,,,/1
1912,lajoina01,Nap Lajoie,37,CLE,AL,117,499,448,66,165,34,4,0,90,18,5,28,11,.368,.414,.462,.876,146,207,,7,17,,,43
1912,lakejo01,Joe Lake,31,TOT,AL,37,87,82,5,12,0,0,1,4,0,0,1,25,.146,.157,.183,.340,-2,15,,0,2,,,1
1912,lakejo01,Joe Lake,31,SLB,AL,11,22,20,1,3,0,0,0,0,0,0,0,9,.150,.150,.150,.300,-13,3,,0,0,,,1
1912,lakejo01,Joe Lake,31,DET,AL,26,65,62,4,9,0,0,1,4,0,0,1,16,.145,.159,.194,.352,2,12,,0,2,,,1
1912,lamlifr01,Fred Lamlein,24,CHW,AL,1,0,0,0,0,0,0,0,0,0,0,0,0,,,,,,0,,0,0,,,/1
1912,langefr01,Frank Lange,28,CHW,AL,41,75,65,4,14,4,1,0,7,0,0,4,18,.215,.271,.308,.579,67,20,,1,3,,,1/7
1912,laporfr01,Frank LaPorte,32,TOT,AL,120,454,402,45,125,20,5,1,55,10,10,32,45,.311,.366,.393,.759,119,158,,3,14,,,49
1912,laporfr01,Frank LaPorte,32,SLB,AL,80,301,266,32,83,11,4,1,38,7,8,20,36,.312,.367,.395,.762,121,105,,3,10,,,49
1912,laporfr01,Frank LaPorte,32,WSH,AL,40,153,136,13,42,9,1,0,17,3,2,12,9,.309,.365,.390,.755,115,53,,0,4,,,4/9
1912,lappja01,Jack Lapp,27,PHA,AL,91,302,281,26,82,15,6,1,35,3,9,19,25,.292,.337,.399,.735,113,112,,0,3,,,2
1912,lavenji01,Jimmy Lavender,28,CHC,NL,42,95,87,6,13,3,0,0,5,0,,5,34,.149,.196,.184,.380,5,16,,0,3,,,1
1912,leachto01,Tommy Leach,34,TOT,NL,110,439,362,74,93,14,5,2,53,20,,67,29,.257,.377,.340,.717,97,123,,3,7,,,8/5
1912,leachto01,Tommy Leach,34,PIT,NL,28,110,97,24,29,4,2,0,18,6,,12,9,.299,.376,.381,.758,107,37,,0,1,,,8
1912,leachto01,Tommy Leach,34,CHC,NL,82,329,265,50,64,10,3,2,35,14,,55,20,.242,.378,.325,.702,94,86,,3,6,,,8/5
1912,leifile01,Lefty Leifield,28,TOT,NL,19,39,33,5,4,1,1,0,2,0,,3,16,.121,.194,.212,.407,11,7,,0,3,,,1
1912,leifile01,Lefty Leifield,28,PIT,NL,6,9,7,2,1,0,0,0,0,0,,2,4,.143,.333,.143,.476,33,1,,0,0,,,/1
1912,leifile01,Lefty Leifield,28,CHC,NL,13,30,26,3,3,1,1,0,2,0,,1,12,.115,.148,.231,.379,3,6,,0,3,,,1
1912,leinhbi01,Bill Leinhauser,18,DET,AL,1,4,4,0,0,0,0,0,0,0,0,0,3,.000,.000,.000,.000,-100,0,,0,0,,,/8
1912,lelivja01,Jack Lelivelt,26,NYY,AL,36,154,149,12,54,6,7,2,23,7,8,4,9,.362,.383,.537,.920,156,80,,1,0,,,8/9
1912,lennoed01,Ed Lennox,28,CHC,NL,27,101,81,13,19,4,1,1,17,1,,12,10,.235,.347,.346,.693,91,28,,2,6,,,5
1912,lewisdu01,Duffy Lewis,24,BOS,AL,154,664,581,85,165,36,9,6,109,9,19,52,76,.284,.346,.408,.754,112,237,,3,31,,,*7/9
1912,littlja01,Jack Little,21,NYY,AL,3,14,12,2,3,0,0,0,0,2,0,1,4,.250,.357,.250,.607,70,3,,1,0,,,/8
1912,livinpa01,Paddy Livingston,32,CLE,AL,20,55,47,5,11,2,1,0,3,0,1,1,2,.234,.280,.319,.599,68,15,,2,4,,,2
1912,loanmi01,Mike Loan,17,PHI,NL,1,2,2,1,1,0,0,0,0,0,,0,0,.500,.500,.500,1.000,167,1,,0,0,,,/2
1912,loberha01,Hans Lobert,30,PHI,NL,65,286,257,37,84,12,5,2,33,13,,19,13,.327,.373,.436,.809,116,112,,0,10,,,5
1912,longto01,Tom Long,22,WSH,AL,1,1,1,0,0,0,0,0,0,0,0,0,0,.000,.000,.000,.000,-100,0,,0,0,,,
1912,lordbr01,Bris Lord,28,PHA,AL,97,432,378,63,90,12,9,0,25,15,16,34,36,.238,.309,.317,.627,82,120,,5,12,,,97
1912,lordha01,Harry Lord,30,CHW,AL,151,657,570,81,152,19,12,5,54,30,33,52,48,.267,.333,.368,.702,103,210,,5,29,,,*57/98
1912,loudeba01,Baldy Louden,28,DET,AL,122,483,403,57,97,12,4,1,36,27,20,58,44,.241,.352,.298,.649,88,120,,11,17,,,45/6
1912,lowdegr01,Grover Lowdermilk,27,CHC,NL,2,4,4,0,0,0,0,0,0,0,,0,1,.000,.000,.000,.000,-100,0,,0,0,,,/1
1912,lowdelo01,Lou Lowdermilk,25,STL,NL,4,5,4,1,1,0,0,0,1,0,,0,1,.250,.250,.250,.500,39,1,,0,1,,,/1
1912,luderfr01,Fred Luderus,26,PHI,NL,148,627,572,77,147,31,5,10,69,8,,44,65,.257,.318,.381,.699,86,218,,7,5,,,*3
1912,maddele01,Len Madden,21,CHC,NL,6,4,4,0,1,0,0,0,0,0,,0,3,.250,.250,.250,.500,37,1,,0,0,,,/1
1912,mageele01,Lee Magee,23,STL,NL,128,523,458,60,133,13,8,0,40,16,,39,29,.290,.347,.354,.701,94,162,,1,25,,,74/36
1912,mageesh01,Sherry Magee,27,PHI,NL,132,555,464,79,142,25,9,6,66,30,,55,54,.306,.388,.438,.825,120,203,,7,29,,,*7/3
1912,maggeha01,Harl Maggert,29,PHA,AL,74,284,242,39,62,8,6,1,13,10,7,36,34,.256,.357,.351,.708,106,85,,2,4,,,78/9
1912,maharbi01,Billy Maharg,31,DET,AL,1,1,1,0,0,0,0,0,0,0,0,0,0,.000,.000,.000,.000,-100,0,,0,0,,,/5
1912,malonpa01,Pat Maloney,24,NYY,AL,25,90,79,9,17,1,0,0,4,3,2,6,6,.215,.279,.228,.507,42,18,,1,4,,,8/9
1912,meanepa01,Vincent Maney,25,DET,AL,1,3,2,0,0,0,0,0,0,0,0,1,2,.000,.500,.000,.500,48,0,,1,0,,,/6
1912,manguge01,George Mangus,22,PHI,NL,10,26,25,2,5,3,0,0,3,0,,1,6,.200,.231,.320,.551,46,8,,0,0,,,/7
1912,maranra01,Rabbit Maranville,20,BSN,NL,26,102,86,9,18,2,0,0,8,1,,9,14,.209,.292,.233,.524,44,20,,1,5,,,6
1912,marquru01,Rube Marquard,25,NYG,NL,43,113,96,14,21,2,0,0,10,2,,7,17,.219,.279,.240,.518,40,23,,1,9,,,1
1912,marsaar01,Armando Marsans,24,CIN,NL,110,448,416,59,132,19,7,1,38,35,,20,17,.317,.353,.404,.757,108,168,,3,9,,,89/73
1912,marshru01,Rube Marshall,21,PHI,NL,2,0,0,0,0,0,0,0,0,0,,0,0,,,,,,0,,0,0,,,/1
1912,martido01,Doc Martin,24,PHA,AL,2,3,3,0,0,0,0,0,0,0,0,0,1,.000,.000,.000,.000,-100,0,,0,0,,,/1
1912,martija01,Jack Martin,25,NYY,AL,71,282,231,30,52,6,1,0,17,14,16,37,24,.225,.347,.260,.606,70,60,,6,7,,,6/54
1912,mathejo01,Joe Mathes,20,PHA,AL,4,15,14,0,2,0,0,0,0,0,0,0,4,.143,.200,.143,.343,0,2,,1,0,,,/5
1912,mathech01,Christy Mathewson,31,NYG,NL,43,120,110,14,29,4,1,0,12,2,,6,8,.264,.308,.318,.626,69,35,,1,3,,,1
1912,matteal01,Al Mattern,29,BSN,NL,2,2,2,0,0,0,0,0,0,0,,0,2,.000,.000,.000,.000,-100,0,,0,0,,,/1
1912,mattiwa01,Wally Mattick,25,CHW,AL,90,333,285,45,74,7,9,1,35,16,14,27,36,.260,.334,.358,.692,100,102,,5,17,,,89/7
1912,mayerer01,Erskine Mayer,22,PHI,NL,7,3,3,0,0,0,0,0,0,0,,0,1,.000,.000,.000,.000,-100,0,,0,0,,,/1
1912,mayerwa01,Wally Mayer,21,CHW,AL,9,11,9,1,0,0,0,0,0,0,0,1,5,.000,.100,.000,.100,-70,0,,0,0,,,/2
1912,mcbrige01,George McBride,31,WSH,AL,152,588,521,56,118,13,7,1,52,17,12,38,57,.226,.288,.284,.572,63,148,,7,19,,,*6
1912,mccaral01,Alex McCarthy,23,PIT,NL,111,450,401,53,111,12,4,1,40,8,,30,26,.277,.332,.334,.666,82,134,,3,16,,,*4/5
1912,mcconge01,George McConnell,34,NYY,AL,42,100,91,11,27,4,2,0,8,0,0,4,8,.297,.333,.385,.718,100,35,,1,1,,,1/3
1912,mccormo01,Moose McCormick,31,NYG,NL,42,45,39,4,13,4,1,0,7,1,,6,9,.333,.422,.487,.909,144,19,,0,0,,,/9387
1912,mcderre01,Red McDermott,23,DET,AL,5,18,15,2,4,1,0,0,0,1,0,0,3,.267,.313,.333,.646,87,5,,1,2,,,/7
1912,mcdoned02,Ed McDonald,25,BSN,NL,121,539,459,70,119,23,6,2,33,22,,70,91,.259,.363,.349,.712,95,160,,5,6,,,*5
1912,mcdonte01,Tex McDonald,21,CIN,NL,61,158,140,16,36,3,4,1,15,5,,13,24,.257,.329,.357,.686,89,50,,2,2,,,6/7
1912,mcgarji01,Jim McGarr,23,DET,AL,1,4,4,0,0,0,0,0,0,0,0,0,4,.000,.000,.000,.000,-100,0,,0,0,,,/4
1912,mcgarda01,Dan McGarvey,24,DET,AL,1,4,3,0,0,0,0,0,0,0,0,1,1,.000,.400,.000,.400,19,0,,1,0,,,/7
1912,mcgehpa01,Pat McGehee,23,DET,AL,1,0,0,0,0,0,0,0,0,0,0,0,0,,,,,,0,,0,0,,,/1
1912,mcgraho01,Howard McGraner,22,CIN,NL,4,8,8,0,2,0,1,0,0,0,,0,5,.250,.250,.500,.750,104,4,,0,0,,,/1
1912,mcguide01,Deacon McGuire,48,DET,AL,1,3,2,1,1,0,0,0,0,0,0,0,0,.500,.500,.500,1.000,190,1,,0,0,,,/2
1912,mcinnst01,Stuffy McInnis,21,PHA,AL,153,644,568,83,186,25,13,3,101,27,16,49,30,.327,.384,.433,.817,137,246,,3,29,,,*3
1912,mcintha01,Harry McIntire,33,CHC,NL,8,12,10,1,3,0,1,0,4,0,,1,1,.300,.364,.500,.864,136,5,,0,1,,,/1
1912,mcintma01,Matty McIntyre,32,CHW,AL,49,100,84,10,14,0,0,0,10,3,4,14,13,.167,.300,.167,.467,36,14,,2,1,,,79/8
1912,mckecbi01,Bill McKechnie,25,PIT,NL,24,79,73,8,18,0,1,0,4,2,,4,5,.247,.286,.274,.560,53,20,,0,2,,,5/643
1912,mclarpo01,Polly McLarry,21,CHW,AL,2,2,2,0,0,0,0,0,0,0,0,0,1,.000,.000,.000,.000,-100,0,,0,0,,,
1912,mcleala01,Larry McLean,30,CIN,NL,102,357,333,17,81,15,1,1,27,1,,18,15,.243,.284,.303,.587,62,101,,1,6,,,2
1912,mcmilto01,Tommy McMillan,24,NYY,AL,41,175,149,24,34,2,0,0,12,18,10,15,8,.228,.303,.242,.545,52,36,,1,9,,,6
1912,mctigbi01,Bill McTigue,21,BSN,NL,10,14,13,2,1,0,0,0,1,0,,1,5,.077,.143,.077,.220,-39,1,,0,0,,,1
1912,meixemo01,Moxie Meixell,24,CLE,AL,3,2,2,0,1,0,0,0,0,0,0,0,0,.500,.500,.500,1.000,181,1,,0,0,,,/9
1912,mensoed01,Ed Mensor,26,PIT,NL,39,123,99,19,26,3,2,0,1,10,,23,12,.263,.402,.333,.735,102,33,,0,0,,,89
1912,mercejo01,John Mercer,20,STL,NL,1,1,1,0,0,0,0,0,0,0,,0,0,.000,.000,.000,.000,-100,0,,0,0,,,/3
1912,merklfr01,Fred Merkle,23,NYG,NL,129,539,479,82,148,22,6,11,88,37,,42,70,.309,.374,.449,.823,121,215,,8,8,,,*3
1912,meyerch01,Chief Meyers,31,NYG,NL,126,437,371,60,133,16,5,6,60,8,,47,20,.358,.441,.477,.918,147,177,,8,9,,,*2
1912,midkiez01,Ezra Midkiff,29,NYY,AL,21,97,86,9,21,1,0,0,9,4,4,7,12,.244,.301,.256,.557,56,22,,0,4,,,5
1912,milancl01,Clyde Milan,25,WSH,AL,154,674,601,105,184,19,11,1,79,88,31,63,31,.306,.377,.379,.756,115,228,,5,5,,,*8
1912,millech01,Charlie Miller,20,SLB,AL,1,2,2,0,0,0,0,0,0,0,2,0,0,.000,.000,.000,.000,-100,0,,0,0,,,/6
1912,milledo03,Doc Miller,29,TOT,NL,118,414,378,50,98,20,6,2,47,9,,23,30,.259,.303,.360,.663,79,136,,1,13,,,9
1912,milledo03,Doc Miller,29,BSN,NL,51,224,201,26,47,8,1,2,26,6,,14,17,.234,.287,.313,.600,64,63,,1,8,,,9
1912,milledo03,Doc Miller,29,PHI,NL,67,190,177,24,51,12,5,0,21,3,,9,13,.288,.323,.412,.735,95,73,,0,5,,,9
1912,milledo02,Dots Miller,25,PIT,NL,148,629,567,74,156,33,12,4,86,18,,37,45,.275,.324,.397,.721,97,225,,4,20,,,*3
1912,milleed02,Ed Miller,23,SLB,AL,13,52,46,4,9,1,0,0,5,1,0,2,6,.196,.245,.217,.462,35,10,,1,2,,,/36
1912,milleel01,Elmer Miller,21,STL,NL,12,41,37,5,7,1,0,0,3,1,,4,9,.189,.268,.216,.485,35,8,,0,0,,,/798
1912,milleot01,Otto Miller,23,BRO,NL,98,346,316,35,88,18,1,1,31,11,,18,50,.278,.325,.351,.677,88,111,,4,7,,,2
1912,millewa02,Ward Miller,27,CHC,NL,86,276,241,45,74,11,4,0,26,11,,26,18,.307,.377,.386,.763,110,93,,1,8,,,897
1912,mitchmi01,Mike Mitchell,32,CIN,NL,147,611,552,60,156,14,13,4,78,23,,41,43,.283,.333,.377,.710,96,208,,1,18,,,*9
1912,mitchro01,Roy Mitchell,27,SLB,AL,13,25,19,5,6,1,0,0,1,1,0,7,1,.316,.500,.368,.868,154,7,,0,0,,,1
1912,mitchwi01,Willie Mitchell,22,CLE,AL,29,58,53,4,6,0,0,0,3,0,2,4,11,.113,.175,.113,.289,-18,6,,0,1,,,1
1912,moellda01,Danny Moeller,27,WSH,AL,132,587,519,90,143,26,10,6,46,30,14,52,112,.276,.346,.399,.745,112,207,,4,11,,,*97
1912,mogrige01,George Mogridge,23,CHW,AL,17,19,16,1,2,0,0,0,1,0,1,3,6,.125,.263,.125,.388,13,2,,0,0,,,1
1912,moorech01,Charley Moore,27,CHC,NL,5,9,9,2,2,0,1,0,1,0,,0,1,.222,.222,.444,.667,81,4,,0,0,,,/645
1912,mooreea01,Earl Moore,34,PHI,NL,31,61,56,2,6,1,0,0,1,0,,2,20,.107,.138,.125,.263,-30,7,,0,3,,,1
1912,moorege02,Gene Moore,26,CIN,NL,5,4,4,0,0,0,0,0,0,0,,0,3,.000,.000,.000,.000,-100,0,,0,0,,,/1
1912,moranha01,Harry Moran,23,DET,AL,5,5,5,1,1,0,0,0,0,0,0,0,2,.200,.200,.200,.400,16,1,,0,0,,,/1
1912,moranhe01,Herbie Moran,28,BRO,NL,130,593,508,77,140,18,10,1,40,28,,69,38,.276,.368,.356,.724,102,181,,5,9,,,*89/7
1912,moranpa01,Pat Moran,36,PHI,NL,13,27,26,1,3,1,0,0,1,0,,1,7,.115,.148,.154,.302,-19,4,,0,0,,,2
1912,moranro01,Roy Moran,27,WSH,AL,7,15,13,1,2,0,0,0,0,3,2,8,4,.154,.476,.154,.630,82,2,,0,1,,,/789
1912,morgacy01,Cy Morgan,33,PHA,AL,16,34,30,1,1,1,0,0,2,0,0,2,14,.033,.094,.067,.160,-53,2,,0,2,,,1
1912,morgara01,Ray Morgan,23,WSH,AL,81,324,273,40,65,10,7,1,30,12,11,29,45,.238,.318,.337,.655,86,92,,3,8,,,4/65
1912,moriage02,George Moriarty,26,DET,AL,105,431,375,38,93,23,1,0,54,30,9,26,40,.248,.316,.315,.630,83,118,,11,20,,,35
1912,moronji01,Jim Moroney,28,CHC,NL,10,6,6,0,3,1,0,0,1,0,,0,1,.500,.500,.667,1.167,219,4,,0,0,,,1
1912,mowremi01,Mike Mowrey,28,STL,NL,114,478,408,59,104,13,8,2,50,19,,46,29,.255,.335,.341,.675,87,139,,3,20,,,*5
1912,mullige01,George Mullin,31,DET,AL,38,108,90,13,25,5,1,0,12,0,0,17,14,.278,.393,.356,.748,117,32,,0,2,,,1
1912,murphda02,Danny Murphy,35,PHA,AL,36,151,130,27,42,6,2,2,20,8,4,16,8,.323,.401,.446,.848,146,58,,1,4,,,9
1912,murphed02,Eddie Murphy,20,PHA,AL,33,155,142,24,45,4,1,0,6,7,5,11,12,.317,.370,.359,.729,112,51,,1,1,,,9
1912,murphmi01,Mike Murphy,23,STL,NL,1,1,1,0,0,0,0,0,1,0,,0,0,.000,.000,.000,.000,-100,0,,0,0,,,/2
1912,murrare01,Red Murray,28,NYG,NL,143,605,549,82,152,26,20,3,88,38,,27,45,.277,.320,.413,.734,97,227,,8,19,,,*97
1912,mussepa01,Paul Musser,23,WSH,AL,7,7,7,0,0,0,0,0,0,0,0,0,4,.000,.000,.000,.000,-100,0,,0,0,,,/1
1912,nagello01,Lou Nagelsen,25,CLE,AL,2,3,3,0,0,0,0,0,0,0,0,0,0,.000,.000,.000,.000,-100,0,,0,0,,,/2
1912,napiebu01,Buddy Napier,22,SLB,AL,7,7,7,0,0,0,0,0,0,0,0,0,6,.000,.000,.000,.000,-100,0,,0,0,,,/1
1912,nashke01,Ken Nash,23,CLE,AL,11,26,23,2,4,0,0,0,0,0,1,3,9,.174,.269,.174,.443,25,4,,0,0,,,/68
1912,needhto01,Tom Needham,33,CHC,NL,33,104,90,13,16,5,0,0,12,3,,7,13,.178,.260,.233,.493,36,21,,3,4,,,2
1912,neherji01,Jim Neher,23,CLE,AL,1,0,0,0,0,0,0,0,0,0,0,0,0,,,,,,0,,0,0,,,/1
1912,nelsore01,Red Nelson,26,TOT,MLB,12,16,13,2,2,0,0,0,0,0,0,2,3,.154,.267,.154,.421,16,2,,0,0,,,1
1912,nelsore01,Red Nelson,26,SLB,AL,8,6,3,1,1,0,0,0,0,0,0,2,1,.333,.600,.333,.933,173,1,,0,0,,,/1
1912,nelsore01,Red Nelson,26,PHI,NL,4,10,10,1,1,0,0,0,0,0,,0,2,.100,.100,.100,.200,-47,1,,0,0,,,/1
1912,nichofr01,Frank Nicholson,22,PHI,NL,2,0,0,0,0,0,0,0,0,0,,0,0,,,,,,0,,0,0,,,/1
1912,nichoov01,Ovid Nicholson,23,PIT,NL,6,13,11,2,5,0,0,0,1,0,,1,2,.455,.500,.455,.955,162,5,,0,1,,,/7
1912,northhu01,Hub Northen,25,BRO,NL,118,466,412,54,116,26,6,3,46,8,,41,46,.282,.352,.396,.748,108,163,,4,9,,,987
1912,nunamle01,Les Nunamaker,23,BOS,AL,35,113,103,15,26,5,2,0,6,2,2,6,17,.252,.313,.340,.652,83,35,,3,3,,,2
1912,o'bribu01,Buck O'Brien,30,BOS,AL,37,107,94,4,13,1,1,0,6,0,0,6,27,.138,.190,.170,.360,1,16,,0,4,,,1
1912,o'leach01,Charley O'Leary,36,DET,AL,3,11,10,1,2,0,0,0,1,0,0,0,1,.200,.200,.200,.400,16,2,,0,0,,,/4
1912,o'marol01,Ollie O'Mara,21,DET,AL,1,4,4,0,0,0,0,0,0,0,0,0,1,.000,.000,.000,.000,-100,0,,0,0,,,/6
1912,o'neist01,Steve O'Neill,20,CLE,AL,69,230,215,17,49,4,0,0,14,2,3,12,28,.228,.272,.247,.518,46,53,,1,5,,,2
1912,o'roufr01,Frank O'Rourke,18,BSN,NL,61,216,196,11,24,3,1,0,15,1,,11,50,.122,.177,.148,.325,-11,29,,2,7,,,6/5
1912,o'tooma01,Marty O'Toole,23,PIT,NL,37,102,99,4,22,4,1,0,9,1,,2,19,.222,.238,.283,.520,42,28,,0,2,,,1
1912,oakesre01,Rebel Oakes,28,STL,NL,136,545,495,57,139,19,5,3,58,26,,31,24,.281,.328,.358,.686,90,177,,4,15,,,*8
1912,oldriru01,Rube Oldring,28,PHA,AL,99,427,395,61,119,14,5,1,24,17,14,10,40,.301,.324,.370,.693,101,146,,3,18,,,87
1912,olsoniv01,Ivy Olson,26,CLE,AL,125,522,467,68,118,13,1,0,33,16,10,21,23,.253,.291,.285,.575,62,133,,4,30,,,654/7
1912,onsloed01,Eddie Onslow,19,DET,AL,36,134,128,11,29,1,2,1,13,3,1,3,21,.227,.250,.289,.539,56,37,,1,2,,,3
1912,onsloja01,Jack Onslow,23,DET,AL,36,88,69,7,11,1,0,0,4,1,2,10,23,.159,.284,.174,.458,33,12,,2,5,,,2/8
1912,otisbi01,Bill Otis,22,NYY,AL,4,20,17,1,1,0,0,0,2,0,1,3,3,.059,.200,.059,.259,-27,1,,0,0,,,/8
1912,package01,Gene Packard,24,CIN,NL,1,4,4,1,1,0,1,0,1,0,,0,1,.250,.250,.750,1.000,170,3,,0,0,,,/1
1912,paddode01,Del Paddock,25,TOT,AL,47,186,157,26,45,5,3,1,14,9,8,23,22,.287,.391,.376,.767,114,59,,4,2,,,5/49
1912,paddode01,Del Paddock,25,CHW,AL,1,1,1,0,0,0,0,0,0,0,0,0,1,.000,.000,.000,.000,-100,0,,0,0,,,
1912,paddode01,Del Paddock,25,NYY,AL,46,185,156,26,45,5,3,1,14,9,8,23,21,.288,.393,.378,.772,116,59,,4,2,,,5/49
1912,papela01,Larry Pape,26,BOS,AL,13,17,17,1,4,1,0,0,1,0,0,2,9,.235,.316,.294,.610,72,5,,0,0,,,1
1912,paskedo01,Dode Paskert,30,PHI,NL,145,649,540,102,170,37,5,2,43,36,,91,67,.315,.420,.413,.833,123,223,,7,11,,,*8/45
1912,peckiro01,Roger Peckinpaugh,21,CLE,AL,70,260,236,18,50,4,1,1,22,11,4,16,46,.212,.262,.250,.512,44,59,,0,6,,,6
1912,peltyba01,Barney Pelty,31,TOT,AL,17,24,21,1,2,0,0,0,0,0,0,1,3,.095,.136,.095,.232,-33,2,,0,0,,,1
1912,peltyba01,Barney Pelty,31,SLB,AL,6,13,12,1,0,0,0,0,0,0,0,0,2,.000,.000,.000,.000,-100,0,,0,0,,,/1
1912,peltyba01,Barney Pelty,31,WSH,AL,11,11,9,0,2,0,0,0,0,0,0,1,1,.222,.300,.222,.522,49,2,,0,0,,,1
1912,pennohe01,Herb Pennock,18,PHA,AL,17,15,15,1,2,1,0,0,0,0,0,0,6,.133,.133,.200,.333,-4,3,,0,1,,,1
1912,perduhu01,Hub Perdue,30,BSN,NL,37,96,87,6,12,0,0,0,1,0,,3,23,.138,.167,.138,.305,-16,12,,0,6,,,1
1912,pernohu01,Hub Pernoll,24,DET,AL,3,3,3,0,0,0,0,0,0,0,0,0,0,.000,.000,.000,.000,-100,0,,0,0,,,/1
1912,perripo01,Pol Perritt,20,STL,NL,6,9,9,1,2,0,0,0,1,0,,0,6,.222,.222,.222,.444,23,2,,0,0,,,/1
1912,perryha01,Hank Perry,25,DET,AL,13,40,36,3,6,1,0,0,0,0,2,3,7,.167,.231,.194,.425,23,7,,0,1,,,/8
1912,peterru01,Rube Peters,27,CHW,AL,28,33,31,1,6,1,0,0,2,0,0,1,11,.194,.219,.226,.445,29,7,,0,2,,,1
1912,phelaar01,Art Phelan,24,CIN,NL,130,525,461,56,112,9,11,3,54,25,,46,37,.243,.314,.330,.644,78,152,,2,17,,,*5/4
1912,phelped01,Ed Phelps,33,BRO,NL,52,133,111,8,32,4,3,0,23,1,,16,15,.288,.388,.378,.766,113,42,,2,4,,,2
1912,pearcge01,George Pierce,24,CHC,NL,3,6,6,1,1,1,0,0,0,0,,0,2,.167,.167,.333,.500,36,2,,0,0,,,/1
1912,planked01,Eddie Plank,36,PHA,AL,37,107,90,5,24,2,1,0,9,0,2,4,18,.267,.305,.311,.616,79,28,,1,11,,,1
1912,powelbi01,Bill Powell,27,CHC,NL,1,0,0,0,0,0,0,0,0,0,,0,0,,,,,,0,,0,0,,,/1
1912,powelja01,Jack Powell,37,SLB,AL,32,88,82,8,15,2,1,1,7,0,0,5,14,.183,.239,.268,.507,47,22,,1,1,,,1
1912,prattde01,Del Pratt,24,SLB,AL,152,619,570,76,172,26,15,5,69,24,30,36,68,.302,.348,.426,.774,125,243,,4,12,,,*46/985
1912,priesjo01,Johnny Priest,21,NYY,AL,2,3,2,1,1,0,0,0,1,0,0,0,0,.500,.500,.500,1.000,179,1,,0,0,,,
1912,prougbi01,Bill Prough,24,CIN,NL,1,1,1,0,0,0,0,0,0,0,,0,1,.000,.000,.000,.000,-100,0,,0,0,,,/1
1912,quinnja01,Jack Quinn,28,NYY,AL,18,45,39,4,8,0,0,0,3,0,0,4,12,.205,.279,.205,.484,36,8,,0,1,,,1
1912,raganpa01,Pat Ragan,28,BRO,NL,36,73,67,1,4,1,0,0,2,0,,1,26,.060,.087,.075,.162,-55,5,,1,4,,,1
1912,raridbi01,Bill Rariden,24,BSN,NL,79,275,247,27,55,3,1,1,16,3,,18,35,.223,.281,.255,.536,47,63,,2,7,,,2
1912,rathmo01,Morrie Rath,25,CHW,AL,157,711,591,104,161,10,2,1,19,31,23,95,31,.272,.380,.301,.681,98,178,,7,16,,,*4
1912,reddiph01,Phil Redding,22,STL,NL,3,10,8,0,0,0,0,0,0,0,,1,1,.000,.111,.000,.111,-68,0,,0,1,,,/1
1912,rehgwa01,Wally Rehg,23,PIT,NL,8,9,9,1,0,0,0,0,0,0,,0,1,.000,.000,.000,.000,-100,0,,0,0,,,/89
1912,remneal01,Alex Remneas,26,DET,AL,1,0,0,0,0,0,0,0,0,0,0,1,0,,1.000,,,,0,,0,0,,,/1
1912,reulbed01,Ed Reulbach,29,CHC,NL,39,58,55,3,6,2,0,0,5,0,,4,23,.109,.169,.145,.315,-13,8,,0,1,,,1
1912,richile01,Lew Richie,28,CHC,NL,39,86,76,7,10,1,0,0,4,2,,5,19,.132,.185,.145,.330,-9,11,,0,6,,,1
1912,ritteha01,Hank Ritter,18,PHI,NL,3,1,1,0,0,0,0,0,0,0,,0,0,.000,.000,.000,.000,-100,0,,0,0,,,/1
1912,rixeyep01,Eppa Rixey,21,PHI,NL,23,57,53,3,9,2,0,0,1,0,,2,17,.170,.200,.208,.408,9,11,,0,2,,,1
1912,roachro01,Roxey Roach,29,WSH,AL,2,2,2,1,1,0,0,1,1,0,0,0,0,.500,.500,2.000,2.500,602,4,,0,0,,,/6
1912,roberda01,Dave Robertson,22,NYG,NL,3,2,2,0,1,0,0,0,0,1,,0,1,.500,.500,.500,1.000,170,1,,0,0,,,/37
1912,robinha01,Hank Robinson,24,PIT,NL,33,62,59,4,15,2,1,0,7,0,,2,4,.254,.279,.322,.601,64,19,,0,0,,,1
1912,rollira01,Ray Rolling,25,STL,NL,5,15,15,0,3,0,0,0,0,0,,0,5,.200,.200,.200,.400,11,3,,0,0,,,/4
1912,ruckena01,Nap Rucker,27,BRO,NL,45,109,102,8,25,2,1,0,12,1,,3,12,.245,.267,.284,.551,53,29,,0,4,,,1
1912,russele01,Lefty Russell,21,PHA,AL,5,5,4,0,0,0,0,0,0,0,0,1,3,.000,.200,.000,.200,-40,0,,0,0,,,/1
1912,ryanbu01,Buddy Ryan,26,CLE,AL,93,376,328,53,89,12,9,1,31,12,10,30,25,.271,.343,.372,.715,101,122,,6,12,,,79/8
1912,ryanja01,Jack Ryan,43,WSH,AL,1,1,1,0,0,0,0,0,0,0,0,0,0,.000,.000,.000,.000,-100,0,,0,0,,,/5
1912,saiervi01,Vic Saier,21,CHC,NL,122,500,451,74,130,25,14,2,62,11,,34,65,.288,.340,.419,.759,108,189,,1,14,,,*3
1912,sallesl01,Slim Sallee,27,STL,NL,48,111,103,9,14,2,1,0,0,0,,6,32,.136,.191,.175,.366,2,18,,1,2,,,1
1912,salmoro01,Roger Salmon,21,PHA,AL,2,2,1,0,0,0,0,0,0,0,0,0,0,.000,.000,.000,.000,-100,0,,0,1,,,/1
1912,savagji01,Jimmie Savage,28,PHI,NL,2,4,3,1,0,0,0,0,0,0,,1,0,.000,.250,.000,.250,-30,0,,0,0,,,/4
1912,schaege01,Germany Schaefer,36,WSH,AL,60,192,166,21,41,7,3,0,19,11,6,23,19,.247,.342,.325,.667,90,54,,1,4,,,934/1
1912,schalra01,Ray Schalk,19,CHW,AL,23,74,63,7,18,2,0,0,8,2,0,3,3,.286,.357,.317,.675,96,20,,4,3,,,2
1912,scharbi01,Bill Schardt,26,BRO,NL,7,6,6,0,0,0,0,0,0,0,,0,0,.000,.000,.000,.000,-100,0,,0,0,,,/1
1912,schegle01,Lefty Schegg,22,WSH,AL,2,2,2,0,0,0,0,0,0,0,0,0,1,.000,.000,.000,.000,-100,0,,0,0,,,/1
1912,schulfr01,Frank Schulte,29,CHC,NL,139,631,553,90,146,27,11,12,65,17,,53,70,.264,.336,.418,.754,106,231,,7,19,,,*9
1912,schuljo03,Joe Schultz,18,BSN,NL,4,12,12,1,3,1,0,0,3,0,,0,2,.250,.250,.333,.583,59,4,,0,0,,,/4
1912,schulal01,Al Schulz,23,NYY,AL,3,6,5,1,0,0,0,0,0,0,0,2,3,.000,.286,.000,.286,-18,0,,0,0,,,/1
1912,schwiar01,Art Schwind,22,BSN,NL,1,2,2,0,1,0,0,0,0,0,,0,0,.500,.500,.500,1.000,174,1,,0,0,,,/5
1912,scottji01,Jim Scott,24,CHW,AL,6,12,12,0,0,0,0,0,0,0,0,0,3,.000,.000,.000,.000,-100,0,,0,0,,,/1
1912,seatoto01,Tom Seaton,24,PHI,NL,44,87,83,8,18,3,1,0,5,0,,1,32,.217,.226,.277,.503,34,23,,0,4,,,1
1912,severha01,Hank Severeid,21,CIN,NL,50,127,114,10,27,0,3,0,13,0,,8,11,.237,.287,.289,.576,59,33,,0,4,,,2/378
1912,shafeti01,Tillie Shafer,23,NYG,NL,78,204,163,48,47,4,1,0,24,22,,30,19,.288,.408,.325,.733,99,53,,3,7,,,654
1912,shankho01,Howie Shanks,21,WSH,AL,116,458,399,52,92,14,7,1,48,21,17,40,64,.231,.305,.308,.614,75,123,,3,19,,,*7/9
1912,shanldo01,Doc Shanley,23,SLB,AL,5,9,8,1,0,0,0,0,1,0,0,2,5,.000,.200,.000,.200,-40,0,,0,0,,,/6
1912,sheanda01,Dave Shean,28,BSN,NL,4,12,10,1,3,0,0,0,3,0,,1,2,.300,.417,.300,.717,98,3,,1,0,,,/6
1912,shearge01,George Shears,22,NYY,AL,4,7,6,1,1,1,0,0,0,0,0,1,1,.167,.286,.333,.619,72,2,,0,0,,,/1
1912,sheckji01,Jimmy Sheckard,33,CHC,NL,146,663,523,85,128,22,10,3,44,15,,122,81,.245,.392,.342,.735,103,179,,5,10,,,*7
1912,shoreer01,Ernie Shore,21,NYG,NL,1,0,0,0,0,0,0,0,0,0,,0,0,,,,,,0,,0,0,,,/1
1912,shottbu01,Burt Shotton,27,SLB,AL,154,679,580,87,168,15,8,2,40,35,26,86,59,.290,.390,.353,.743,116,205,,9,6,,,*8/7
1912,shultto01,Toots Shultz,23,PHI,NL,23,22,21,1,5,2,0,0,2,0,,0,4,.238,.238,.333,.571,52,7,,0,0,,,1
1912,simmoha01,Hack Simmons,27,NYY,AL,110,446,401,45,96,17,2,0,41,19,15,33,49,.239,.308,.292,.600,68,117,,7,7,,,43/6
1912,simonmi01,Mike Simon,29,PIT,NL,42,118,113,10,34,2,1,0,10,1,,5,9,.301,.331,.336,.667,83,38,,0,0,,,2
1912,smithch02,Charlie Smith,32,CHC,NL,21,38,35,4,9,1,0,0,2,0,,1,4,.257,.278,.286,.563,55,10,,0,2,,,1
1912,smithdo01,Doug Smith,20,BOS,AL,1,0,0,0,0,0,0,0,0,0,0,0,0,,,,,,0,,0,0,,,/1
1912,smithfr03,Frank Smith,32,CIN,NL,7,8,6,2,0,0,0,0,0,0,,2,1,.000,.250,.000,.250,-28,0,,0,0,,,/1
1912,smithha05,Harry Smith,22,CHW,AL,1,2,1,0,0,0,0,0,1,0,0,0,1,.000,.000,.000,.000,-100,0,,0,1,,,/1
1912,smithja02,Jack Smith,18,DET,AL,1,0,0,0,0,0,0,0,0,0,0,0,0,,,,,,0,,0,0,,,/5
1912,smithkl01,Klondike Smith,25,NYY,AL,7,29,27,0,5,1,0,0,0,1,0,0,5,.185,.185,.222,.407,13,6,,0,1,,,/8
1912,smithre02,Red Smith,22,BRO,NL,128,560,486,75,139,28,6,4,57,22,,54,51,.286,.362,.393,.755,110,191,,4,16,,,*5
1912,smithsh01,Sherry Smith,21,PIT,NL,3,0,0,0,0,0,0,0,0,0,,0,0,,,,,,0,,0,0,,,/1
1912,smithwa01,Wally Smith,24,STL,NL,75,258,219,22,56,5,5,0,26,4,,29,27,.256,.351,.324,.675,87,71,,3,6,,,56/37
1912,smoyehe01,Henry Smoyer,22,SLB,AL,6,16,14,1,3,0,0,0,0,0,2,2,5,.214,.313,.214,.527,54,3,,0,0,,,/65
1912,snellch01,Charlie Snell,18,SLB,AL,8,20,19,0,4,1,0,0,0,0,0,3,3,.211,.348,.263,.611,78,5,,1,0,,,/2
1912,snodgfr01,Fred Snodgrass,24,NYG,NL,146,636,535,91,144,24,9,3,71,43,,70,65,.269,.362,.364,.727,96,195,,8,21,,,*873/94
1912,snydefr01,Frank Snyder,18,STL,NL,11,20,18,2,2,0,0,0,0,1,,2,7,.111,.200,.111,.311,-13,2,,0,0,,,2
1912,sommeru01,Rudy Sommers,25,CHC,NL,1,2,1,0,0,0,0,0,1,0,,1,0,.000,.500,.000,.500,43,0,,0,0,,,/1
1912,speaktr01,Tris Speaker,24,BOS,AL,153,674,580,136,222,53,12,10,90,52,28,82,36,.383,.464,.567,1.031,189,329,,6,7,,,*8
1912,spencha01,Hack Spencer,27,SLB,AL,1,0,0,0,0,0,0,0,0,0,0,0,0,,,,,,0,,0,0,,,/1
1912,spratha01,Harry Spratt,23,BSN,NL,27,96,89,6,23,3,2,3,12,2,,7,11,.258,.313,.438,.751,104,39,,0,0,,,6
1912,stacked01,Eddie Stack,24,BRO,NL,28,56,52,2,7,0,0,0,3,1,,2,12,.135,.167,.135,.301,-16,7,,0,2,,,1
1912,stahlja01,Jake Stahl,33,BOS,AL,95,381,326,40,98,21,6,3,60,13,22,31,51,.301,.372,.429,.801,125,140,,6,17,,,3
1912,stanaos01,Oscar Stanage,29,DET,AL,121,437,394,35,103,9,4,0,41,3,4,34,55,.261,.326,.305,.631,83,120,,4,8,,,*2
1912,starkdo01,Dolly Stark,27,BRO,NL,8,25,22,2,4,0,0,0,2,2,,1,3,.182,.217,.182,.399,12,4,,0,2,,,/6
1912,steelbi01,Bill Steele,25,STL,NL,41,72,61,5,11,2,1,0,8,0,,9,15,.180,.286,.246,.532,48,15,,0,1,,,1
1912,steenbi01,Bill Steen,24,CLE,AL,26,55,48,5,13,0,1,0,1,4,0,3,15,.271,.314,.313,.626,76,15,,0,1,,,1
1912,steinge01,Gene Steinbrenner,19,PHI,NL,3,9,9,0,2,1,0,0,1,0,,0,3,.222,.222,.333,.556,47,3,,0,0,,,/4
1912,stengca01,Casey Stengel,21,BRO,NL,17,73,57,9,18,1,0,1,13,5,,15,9,.316,.466,.386,.852,138,22,,1,1,,,8
1912,stephji01,Jim Stephens,28,SLB,AL,75,218,205,13,51,7,5,0,22,3,2,7,31,.249,.274,.332,.605,76,68,,0,7,,,2
1912,sterrdu01,Dutch Sterrett,22,NYY,AL,66,251,230,30,61,4,7,1,32,8,7,11,23,.265,.310,.357,.667,86,82,,4,6,,,832/94
1912,stovage01,George Stovall,34,SLB,AL,116,428,398,35,101,17,5,0,45,11,17,14,27,.254,.286,.322,.608,77,128,,4,8,,,3
1912,streega01,Gabby Street,29,NYY,AL,29,95,88,4,16,1,1,0,6,1,0,7,5,.182,.258,.216,.474,33,19,,2,1,,,2
1912,strunam01,Amos Strunk,23,PHA,AL,122,488,412,58,119,13,12,3,63,29,14,47,61,.289,.366,.400,.766,123,165,,3,25,,,*87
1912,stumpbi01,Bill Stumpf,20,NYY,AL,42,142,129,8,31,0,0,0,10,5,2,6,20,.240,.279,.240,.520,45,31,,1,7,,,6/45387
1912,sugdejo01,Joe Sugden,41,DET,AL,1,4,4,1,1,0,0,0,0,0,0,0,0,.250,.250,.250,.500,45,1,,0,0,,,/3
1912,suggsge01,George Suggs,29,CIN,NL,42,120,106,10,17,2,0,1,11,0,,9,26,.160,.226,.208,.434,20,22,,0,5,,,1
1912,sullibi03,Billy Sullivan,37,CHW,AL,41,107,91,9,19,2,1,0,15,0,2,9,16,.209,.287,.253,.540,57,23,,1,7,,,2
1912,summeed01,Ed Summers,27,DET,AL,3,6,6,1,3,0,0,0,0,0,0,0,0,.500,.500,.500,1.000,190,3,,0,0,,,/1
1912,sweenbi02,Bill Sweeney,26,BSN,NL,153,697,593,84,204,31,13,1,99,27,,68,34,.344,.416,.445,.861,135,264,,5,33,,,*4
1912,sweenje02,Ed Sweeney,23,NYY,AL,110,390,351,37,94,12,1,0,30,6,5,27,16,.268,.325,.308,.633,77,108,,3,7,,,*2
1912,tannele01,Lee Tannehill,31,CHW,AL,4,4,3,0,0,0,0,0,0,0,0,1,0,.000,.400,.000,.400,19,0,,1,0,,,/56
1912,taylobe01,Ben Taylor,23,CIN,NL,2,3,2,0,0,0,0,0,0,0,,1,0,.000,.333,.000,.333,-4,0,,0,0,,,/1
1912,taylowi01,Wiley Taylor,24,CHW,AL,3,6,5,0,0,0,0,0,0,0,0,0,3,.000,.000,.000,.000,-100,0,,0,0,,,/1
1912,tennato01,Tom Tennant,29,SLB,AL,2,2,2,1,0,0,0,0,0,0,0,0,0,.000,.000,.000,.000,-100,0,,0,0,,,
1912,tesreje01,Jeff Tesreau,24,NYG,NL,36,88,82,1,12,1,2,0,7,0,,4,12,.146,.186,.207,.393,6,17,,0,2,,,1
1912,thomair01,Ira Thomas,31,PHA,AL,48,154,139,14,30,4,2,1,13,3,1,8,7,.216,.268,.295,.563,64,41,,2,5,,,2
1912,thomapi01,Pinch Thomas,24,BOS,AL,13,35,30,0,6,0,0,0,5,1,0,2,3,.200,.250,.200,.450,27,6,,0,1,,,/2
1912,thompho01,Homer Thompson,21,NYY,AL,1,0,0,0,0,0,0,0,0,0,0,0,0,,,,,,0,,0,0,,,/2
1912,thompto01,Tommy Thompson,22,NYY,AL,8,12,10,0,3,0,0,0,0,0,1,2,3,.300,.417,.300,.717,101,3,,0,1,,,/1
1912,tinkejo01,Joe Tinker,31,CHC,NL,142,625,550,80,155,24,7,0,77,25,,38,21,.282,.331,.351,.681,87,193,,2,34,,,*6
1912,titusjo01,John Titus,36,TOT,NL,141,610,502,99,155,32,11,5,73,11,,82,34,.309,.416,.446,.862,134,224,,10,15,,,*9/7
1912,titusjo01,John Titus,36,PHI,NL,45,194,157,43,43,9,5,3,22,6,,33,14,.274,.403,.452,.855,128,71,,1,3,,,9
1912,titusjo01,John Titus,36,BSN,NL,96,416,345,56,112,23,6,2,51,5,,49,20,.325,.422,.443,.865,137,153,,9,12,,,9/7
1912,tompkch01,Chuck Tompkins,22,CIN,NL,1,1,1,0,1,0,0,0,0,0,,0,0,1.000,1.000,1.000,2.000,453,1,,0,0,,,/1
1912,toneyfr01,Fred Toney,23,CHC,NL,9,5,4,0,0,0,0,0,0,0,,1,0,.000,.200,.000,.200,-43,0,,0,0,,,/1
1912,toolebe01,Bert Tooley,25,BRO,NL,77,298,265,34,62,6,5,2,37,12,,19,21,.234,.285,.317,.602,67,84,,0,14,,,6
1912,traveal01,Allan Travers,20,DET,AL,1,3,3,0,0,0,0,0,0,0,0,0,1,.000,.000,.000,.000,-100,0,,0,0,,,/1
1912,troybu01,Bun Troy,23,DET,AL,1,2,2,0,0,0,0,0,0,0,0,0,2,.000,.000,.000,.000,-100,0,,0,0,,,/1
1912,turnete01,Terry Turner,31,CLE,AL,103,416,370,54,114,14,4,0,33,19,7,31,21,.308,.363,.368,.731,106,136,,1,17,,,*5
1912,tylerle01,Lefty Tyler,22,BSN,NL,42,101,96,8,19,3,0,0,3,0,,4,16,.198,.230,.229,.459,26,22,,0,1,,,1
1912,vandybe01,Ben Van Dyke,23,BOS,AL,3,4,4,0,1,0,0,0,0,0,0,0,1,.250,.250,.250,.500,41,1,,0,0,,,/1
1912,vaughhi01,Hippo Vaughn,24,TOT,AL,27,52,51,5,8,2,0,0,1,0,0,0,12,.157,.173,.196,.369,4,10,,1,0,,,1
1912,vaughhi01,Hippo Vaughn,24,NYY,AL,15,22,21,3,2,0,0,0,0,0,0,0,8,.095,.136,.095,.232,-35,2,,1,0,,,1
1912,vaughhi01,Hippo Vaughn,24,WSH,AL,12,30,30,2,6,2,0,0,1,0,0,0,4,.200,.200,.267,.467,32,8,,0,0,,,1
1912,veachbo01,Bobby Veach,24,DET,AL,23,90,79,8,27,5,1,0,15,2,4,5,3,.342,.388,.430,.819,137,34,,1,3,,,7/8
1912,vernojo01,Joe Vernon,22,CHC,NL,1,2,2,0,0,0,0,0,0,0,,0,0,.000,.000,.000,.000,-100,0,,0,0,,,/1
1912,vioxji01,Jim Viox,21,PIT,NL,33,75,70,8,13,2,3,1,6,2,,3,9,.186,.219,.343,.562,52,24,,0,3,,,5/694
1912,vittos01,Ossie Vitt,22,DET,AL,76,294,273,39,67,4,4,0,19,17,8,18,12,.245,.297,.289,.586,70,79,,2,5,,,754/89
1912,wagnehe01,Heinie Wagner,31,BOS,AL,144,583,504,75,138,25,6,2,68,21,20,62,57,.274,.358,.359,.717,102,181,,4,14,,,*6
1912,wagneho01,Honus Wagner,38,PIT,NL,145,634,558,91,181,35,20,7,101,26,,59,38,.324,.395,.496,.891,143,277,,6,11,,,*6
1912,waldefr01,Fred Walden,22,SLB,AL,1,0,0,0,0,0,0,0,0,0,0,0,0,,,,,,0,,0,0,,,/2
1912,walkedi01,Dixie Walker,24,WSH,AL,9,23,16,4,2,1,0,0,0,0,0,6,7,.125,.364,.188,.551,58,3,,0,0,,,/1
1912,walkemy01,Mysterious Walker,28,CLE,AL,1,0,0,0,0,0,0,0,0,0,0,0,0,,,,,,0,,0,0,,,/1
1912,walkero01,Roy Walker,19,CLE,AL,1,0,0,0,0,0,0,0,0,0,0,0,0,,,,,,0,,0,0,,,/1
1912,walketi01,Tillie Walker,24,WSH,AL,39,120,110,22,30,2,1,0,9,11,1,8,17,.273,.333,.309,.642,83,34,,2,0,,,9/784
1912,wallabo01,Bobby Wallace,38,SLB,AL,100,373,323,39,78,14,5,0,31,3,8,43,27,.241,.332,.316,.648,89,102,,1,5,,,65/4
1912,wallahu01,Huck Wallace,29,PHI,NL,4,1,0,0,0,0,0,0,0,0,,1,0,,1.000,,,,0,,0,0,,,/1
1912,walshed01,Ed Walsh,31,CHW,AL,62,152,136,12,33,4,1,0,12,0,1,14,41,.243,.313,.287,.600,74,39,,0,4,,,1
1912,walshji01,Jimmy Walsh,26,PHI,NL,51,165,150,16,40,6,3,2,19,3,,8,20,.267,.304,.387,.690,84,58,,0,7,,,45/2
1912,walshji02,Jimmy Walsh,24,PHA,AL,31,121,107,11,27,8,2,0,15,7,6,12,9,.252,.328,.364,.692,101,39,,0,2,,,7
1912,wardha01,Hap Ward,26,DET,AL,1,3,2,0,0,0,0,0,0,0,1,0,2,.000,.000,.000,.000,-100,0,,0,0,,,/9
1912,warhoja01,Jack Warhop,27,NYY,AL,39,101,92,12,19,2,0,0,6,2,1,7,6,.207,.270,.228,.498,39,21,,1,2,,,1
1912,warneed01,Ed Warner,23,PIT,NL,11,16,15,1,2,0,0,0,0,0,,1,5,.133,.188,.133,.321,-12,2,,0,0,,,1
1912,weavebu01,Buck Weaver,21,CHW,AL,147,553,523,55,117,21,8,1,43,13,20,9,74,.224,.245,.300,.546,58,157,,6,15,,,*6
1912,weilmca01,Carl Weilman,22,SLB,AL,9,20,17,1,2,0,0,0,1,0,0,3,4,.118,.250,.118,.368,8,2,,0,1,,,/1
1912,wheatza01,Zack Wheat,24,BRO,NL,123,505,453,70,138,28,7,8,65,16,,39,40,.305,.367,.450,.818,127,204,,6,7,,,*7
1912,wheatch01,Charlie Wheatley,19,DET,AL,5,12,12,0,0,0,0,0,0,0,0,0,4,.000,.000,.000,.000,-100,0,,0,0,,,/1
1912,whitedo01,Doc White,33,CHW,AL,32,65,56,5,7,1,1,0,0,0,0,7,7,.125,.222,.179,.401,16,10,,0,2,,,1
1912,whitest01,Steve White,27,TOT,MLB,4,3,3,0,0,0,0,0,0,0,0,0,3,.000,.000,.000,.000,-100,0,,0,0,,,/1
1912,whitest01,Steve White,27,WSH,AL,1,0,0,0,0,0,0,0,0,0,0,0,0,,,,,,0,,0,0,,,/1
1912,whitest01,Steve White,27,BSN,NL,3,3,3,0,0,0,0,0,0,0,,0,3,.000,.000,.000,.000,-100,0,,0,0,,,/1
1912,whitegi01,Gil Whitehouse,18,BSN,NL,2,3,3,0,0,0,0,0,0,0,,0,3,.000,.000,.000,.000,-100,0,,0,0,,,/2
1912,whittpo01,Possum Whitted,22,STL,NL,12,51,46,7,12,3,0,0,7,1,,3,5,.261,.306,.326,.632,75,15,,0,2,,,5
1912,wiliede01,Denney Wilie,21,STL,NL,30,59,48,2,11,0,1,0,6,0,,7,9,.229,.351,.271,.622,73,13,,2,2,,,9/78
1912,willeed01,Ed Willett,28,DET,AL,37,121,115,6,19,4,1,2,10,0,1,4,42,.165,.193,.270,.463,34,31,,0,3,,,1
1912,willibo01,Bob Williams,28,NYY,AL,20,58,44,7,6,1,0,0,3,0,0,9,8,.136,.283,.159,.442,24,7,,0,2,,,2
1912,willicy01,Cy Williams,24,CHC,NL,28,71,62,3,15,1,1,0,1,2,,6,14,.242,.309,.290,.599,65,18,,0,2,,,8/7
1912,willigu02,Gus Williams,24,SLB,AL,64,249,216,32,63,13,7,2,32,18,10,27,50,.292,.370,.444,.815,137,96,,0,3,,,9
1912,williri01,Rip Williams,30,WSH,AL,60,172,157,14,50,11,4,0,22,2,3,7,13,.318,.352,.439,.791,125,69,,1,3,,,2
1912,willijo01,Joe Willis,22,STL,NL,31,40,38,2,6,1,0,0,3,0,,1,11,.158,.179,.184,.364,1,7,,0,1,,,1
1912,wilsoar01,Art Wilson,26,NYG,NL,65,141,121,17,35,6,0,3,20,2,,13,14,.289,.358,.413,.771,107,50,,0,6,,,2
1912,wilsoch01,Chief Wilson,28,PIT,NL,152,640,583,80,175,19,36,11,94,16,,35,67,.300,.342,.513,.855,132,299,,2,23,,,*89
1912,wiltsho01,Hooks Wiltse,32,NYG,NL,28,49,46,5,15,2,0,0,3,1,,2,5,.326,.354,.370,.724,95,17,,0,1,,,1
1912,wingoiv01,Ivey Wingo,21,STL,NL,100,337,310,38,82,18,8,2,44,8,,23,45,.265,.317,.394,.711,96,122,,1,3,,,2
1912,wolfer01,Ernie Wolf,23,CLE,AL,1,2,2,0,0,0,0,0,0,0,0,0,2,.000,.000,.000,.000,-100,0,,0,0,,,/1
1912,wolfepo01,Polly Wolfe,23,CHW,AL,1,1,1,0,0,0,0,0,0,0,0,0,1,.000,.000,.000,.000,-100,0,,0,0,,,
1912,wolteha01,Harry Wolter,27,NYY,AL,12,43,32,8,11,2,1,0,1,5,3,10,4,.344,.512,.469,.980,174,15,,1,0,,,/98
1912,wolveha01,Harry Wolverton,38,NYY,AL,34,56,50,6,15,1,1,0,4,1,0,2,7,.300,.340,.360,.700,95,18,,1,1,,,/5
1912,woodjo02,Smoky Joe Wood,22,BOS,AL,43,141,124,16,36,13,1,1,13,0,2,11,26,.290,.348,.435,.784,120,54,,0,6,,,1
1912,woodbge01,Gene Woodburn,25,STL,NL,20,14,13,1,0,0,0,0,1,0,,1,9,.000,.071,.000,.071,-79,0,,0,0,,,1
1912,worksra01,Ralph Works,24,TOT,MLB,30,65,61,3,9,1,0,0,4,0,0,1,21,.148,.161,.164,.325,-6,10,,0,3,,,1
1912,worksra01,Ralph Works,24,DET,AL,27,61,56,3,8,1,0,0,4,0,0,1,20,.143,.158,.161,.319,-8,9,,0,3,,,1
1912,worksra01,Ralph Works,24,CIN,NL,3,4,5,0,1,0,0,0,0,0,,0,1,.200,.200,.200,.400,10,1,,0,0,,,/1
1912,yantzge01,George Yantz,25,CHC,NL,1,1,1,0,1,0,0,0,0,0,,0,0,1.000,1.000,1.000,2.000,450,1,,0,0,,,/2
1912,yerkest02,Steve Yerkes,24,BOS,AL,131,596,523,73,132,22,6,0,42,4,16,41,37,.252,.312,.317,.629,77,166,,4,25,,,*4
1912,yinglea01,Earl Yingling,23,BRO,NL,25,70,64,9,16,2,1,0,3,0,,4,6,.250,.304,.313,.617,72,20,,1,1,,,1
1912,zackege01,George Zackert,27,STL,NL,2,0,0,0,0,0,0,0,0,0,,0,0,,,,,,0,,0,0,,,/1
1912,zeidero01,Rollie Zeider,28,CHW,AL,130,492,420,57,103,12,10,1,42,48,28,50,40,.245,.330,.329,.658,91,138,,3,24,,,35/6
1912,zimmehe01,Heinie Zimmerman,25,CHC,NL,145,621,557,95,207,41,14,14,104,23,,38,60,.372,.418,.571,.989,170,318,,6,18,,,*53
1912,zinngu01,Guy Zinn,25,NYY,AL,106,460,401,56,105,15,10,6,55,17,11,50,57,.262,.345,.394,.739,106,158,,1,10,,,*987
