year_ID,player_ID,name_common,age,team_ID,lg_ID,G,PA,AB,R,H,2B,3B,HR,RBI,SB,CS,BB,SO,batting_avg,onbase_perc,slugging_perc,onbase_plus_slugging,onbase_plus_slugging_plus,TB,GIDP,HBP,SH,SF,IBB,pos_summary
1981,adamsgl01,Glenn Adams,33,MIN,AL,72,243,220,13,46,10,0,2,24,0,1,20,26,.209,.273,.282,.555,57,62,10,0,0,2,4,D
1981,aguaylu01,Luis Aguayo,22,PHI,NL,45,94,84,11,18,4,0,1,7,1,0,6,15,.214,.283,.298,.580,62,25,0,2,2,0,0,46/5
1981,aikenwi01,Willie Aikens,26,KCR,AL,101,419,349,45,93,16,0,17,53,0,0,62,47,.266,.377,.458,.836,143,160,11,3,0,5,12,*3
1981,aingeda01,Danny Ainge,22,TOR,AL,86,275,246,20,46,6,2,0,14,8,5,23,41,.187,.258,.228,.486,38,56,5,1,4,1,1,*5/684D9
1981,alexado01,Doyle Alexander,30,SFG,NL,24,58,51,5,9,4,0,0,6,0,0,2,12,.176,.204,.255,.459,31,13,2,0,4,1,0,1
1981,alexaga01,Gary Alexander,28,PIT,NL,21,51,47,6,10,4,1,1,6,0,0,3,12,.213,.255,.404,.659,82,19,1,0,0,1,0,/379
1981,alexama01,Matt Alexander,34,PIT,NL,15,11,11,5,4,0,0,0,0,3,2,0,1,.364,.364,.364,.727,104,4,0,0,0,0,0,/87
1981,allenki01,Kim Allen,28,SEA,AL,19,3,3,1,0,0,0,0,0,2,1,0,2,.000,.000,.000,.000,-100,0,0,0,0,0,0,/D48
1981,allenne01,Neil Allen,23,NYM,NL,43,7,5,0,1,0,1,0,0,0,0,0,4,.200,.200,.600,.800,122,3,0,0,2,0,0,1
1981,allenga01,Gary Allenson,26,BOS,AL,47,164,139,23,31,8,0,5,25,0,0,23,33,.223,.335,.388,.724,104,54,6,1,0,1,0,2
1981,almonbi01,Bill Almon,28,CHW,AL,103,377,349,46,105,10,2,4,41,16,6,21,60,.301,.341,.375,.717,110,131,4,2,2,3,0,*6
1981,alvarjo01,Jose Alvarez,25,ATL,NL,1,0,0,0,0,0,0,0,0,0,0,0,0,,,,,,0,0,0,0,0,0,/1
1981,anderji01,Jim Anderson,24,SEA,AL,70,181,162,12,33,7,0,2,19,3,5,17,29,.204,.283,.284,.567,62,46,4,1,1,0,0,6/5D
1981,andujjo01,Joaquin Andujar,28,TOT,NL,21,26,23,0,0,0,0,0,0,0,0,1,12,.000,.042,.000,.042,-87,0,0,0,2,0,0,1
1981,andujjo01,Joaquin Andujar,28,HOU,NL,9,6,4,0,0,0,0,0,0,0,0,1,3,.000,.200,.000,.200,-38,0,0,0,1,0,0,/1
1981,andujjo01,Joaquin Andujar,28,STL,NL,12,20,19,0,0,0,0,0,0,0,0,0,9,.000,.000,.000,.000,-100,0,0,0,1,0,0,1
1981,armasto01,Tony Armas,27,OAK,AL,109,462,440,51,115,24,3,22,76,5,1,19,115,.261,.294,.480,.774,126,211,6,2,0,1,6,*9/8
1981,armstmi01,Mike Armstrong,27,SDP,NL,10,0,0,0,0,0,0,0,0,0,0,0,0,,,,,,0,0,0,0,0,0,1
1981,ashbyal01,Alan Ashby,29,HOU,NL,83,296,255,20,69,13,0,4,33,0,2,35,33,.271,.356,.369,.725,111,94,6,0,3,2,6,*2
1981,ashfotu01,Tucker Ashford,26,NYY,AL,3,0,0,0,0,0,0,0,0,0,0,0,0,,,,,,0,0,0,0,0,0,/4
1981,asselbr01,Brian Asselstine,27,ATL,NL,56,91,86,8,22,5,0,2,10,1,0,5,7,.256,.297,.384,.680,90,33,4,0,0,0,0,9/7
1981,auerbri01,Rick Auerbach,31,SEA,AL,38,96,84,12,13,3,0,1,6,1,1,4,15,.155,.200,.226,.426,21,19,1,1,6,1,0,6
1981,avilera01,Ramon Aviles,29,PHI,NL,38,34,28,2,6,1,0,0,3,0,0,3,5,.214,.290,.250,.540,52,7,0,0,3,0,0,45/6
1981,ayalabe01,Benny Ayala,30,BAL,AL,44,100,86,12,24,2,0,3,13,0,1,11,9,.279,.364,.407,.771,123,35,2,1,1,1,0,D/7
1981,babitsh01,Shooty Babitt,22,OAK,AL,54,171,156,10,40,1,3,0,14,5,4,13,13,.256,.314,.301,.615,83,47,6,0,2,0,1,4
1981,backmwa01,Wally Backman,21,NYM,NL,26,42,36,5,10,2,0,0,0,1,0,4,7,.278,.350,.333,.683,97,12,0,0,2,0,0,4/5
1981,bahnsst01,Stan Bahnsen,36,MON,NL,25,9,9,0,1,0,0,0,0,0,0,0,4,.111,.111,.111,.222,-37,1,0,0,0,0,0,1
1981,bailobo01,Bob Bailor,29,NYM,NL,51,95,81,11,23,3,1,0,8,2,0,8,11,.284,.352,.346,.697,101,28,3,1,4,1,0,647/95
1981,baineha01,Harold Baines,22,CHW,AL,82,296,280,42,80,11,7,10,41,6,2,12,41,.286,.318,.482,.800,131,135,6,2,0,2,4,*9
1981,bairdo01,Doug Bair,31,TOT,NL,35,6,6,1,1,0,0,1,3,0,0,0,4,.167,.167,.667,.833,126,4,0,0,0,0,0,1
1981,bairdo01,Doug Bair,31,CIN,NL,24,3,3,1,1,0,0,1,3,0,0,0,1,.333,.333,1.333,1.667,352,4,0,0,0,0,0,1
1981,bairdo01,Doug Bair,31,STL,NL,11,3,3,0,0,0,0,0,0,0,0,0,3,.000,.000,.000,.000,-100,0,0,0,0,0,0,1
1981,bakerch02,Chuck Baker,28,MIN,AL,40,70,66,6,12,0,3,0,6,0,0,1,8,.182,.194,.273,.467,30,18,3,0,3,0,0,6/45D
1981,bakerdu01,Dusty Baker,32,LAD,NL,103,438,400,48,128,17,3,9,49,10,7,29,43,.320,.363,.445,.808,132,178,9,1,3,5,1,*7
1981,balbost01,Steve Balboni,24,NYY,AL,4,8,7,2,2,1,1,0,2,0,0,1,4,.286,.375,.714,1.089,211,5,0,0,0,0,0,/3D
1981,bandoch01,Chris Bando,25,CLE,AL,21,51,47,3,10,3,0,0,6,0,0,2,2,.213,.240,.277,.517,50,13,1,0,1,1,0,2/D
1981,bandosa01,Sal Bando,37,MIL,AL,32,73,65,10,13,4,0,2,9,1,1,6,3,.200,.268,.354,.621,82,23,1,0,2,0,1,5/3D
1981,bannial01,Alan Bannister,29,CLE,AL,68,250,232,36,61,11,1,1,17,16,2,16,19,.263,.309,.332,.641,86,77,0,0,1,1,2,479/836
1981,barfije01,Jesse Barfield,21,TOR,AL,25,100,95,7,22,3,2,2,9,4,3,4,19,.232,.270,.368,.638,79,35,4,1,0,0,0,9
1981,barrage01,German Barranca,24,CIN,NL,9,6,6,2,2,0,0,0,1,0,0,0,0,.333,.333,.333,.667,89,2,0,0,0,0,0,
1981,bassra01,Randy Bass,27,SDP,NL,69,201,176,13,37,4,1,4,20,0,1,20,28,.210,.293,.313,.605,77,55,7,1,3,1,1,3
1981,baumgro01,Ross Baumgarten,26,CHW,AL,2,0,0,0,0,0,0,0,0,0,0,0,0,,,,,,0,0,0,0,0,0,1/D
1981,baylodo01,Don Baylor,32,CAL,AL,103,432,377,52,90,18,1,17,66,3,3,42,51,.239,.322,.427,.749,116,161,13,7,0,6,1,*D/37
1981,beamoch02,Charlie Beamon,27,TOR,AL,8,17,15,1,3,1,0,0,0,0,0,2,2,.200,.294,.267,.561,59,4,0,0,0,0,0,/D3
1981,bedrost01,Steve Bedrosian,23,ATL,NL,15,2,2,0,0,0,0,0,0,0,0,0,1,.000,.000,.000,.000,-100,0,0,0,0,0,0,1
1981,belanma01,Mark Belanger,37,BAL,AL,64,158,139,9,23,3,2,1,10,2,1,12,25,.165,.242,.237,.479,39,33,4,2,5,0,0,6
1981,bellbu01,Buddy Bell,29,TEX,AL,97,415,360,44,106,16,1,10,64,3,3,42,30,.294,.364,.428,.792,134,154,6,3,0,10,10,*5/6
1981,bellge02,George Bell,21,TOR,AL,60,168,163,19,38,2,1,5,12,3,2,5,27,.233,.256,.350,.606,69,57,1,0,0,0,1,79/D
1981,benchjo01,Johnny Bench,33,CIN,NL,52,196,178,14,55,8,0,8,25,0,2,17,21,.309,.369,.489,.858,141,87,4,0,1,0,3,3/2
1981,benedbr01,Bruce Benedict,25,ATL,NL,90,339,295,26,78,12,1,5,35,1,1,33,21,.264,.341,.363,.704,98,107,8,3,5,3,4,*2
1981,beniqju01,Juan Beniquez,31,CAL,AL,58,187,166,18,30,5,0,3,13,2,1,15,16,.181,.251,.265,.516,50,44,6,1,4,1,0,87/9D
1981,berenbr01,Bruce Berenyi,26,CIN,NL,21,48,42,4,8,3,0,0,1,0,0,2,18,.190,.222,.262,.484,36,11,1,0,3,1,0,1
1981,bergmda01,Dave Bergman,28,TOT,NL,69,173,151,17,38,9,0,4,14,2,0,19,18,.252,.333,.391,.724,107,59,4,0,2,1,3,37
1981,bergmda01,Dave Bergman,28,HOU,NL,6,6,6,1,1,0,0,1,1,0,0,0,0,.167,.167,.667,.833,133,4,0,0,0,0,0,/3
1981,bergmda01,Dave Bergman,28,SFG,NL,63,167,145,16,37,9,0,3,13,2,0,19,18,.255,.339,.379,.719,106,55,4,0,2,1,3,37
1981,bernato01,Tony Bernazard,24,CHW,AL,106,450,384,53,106,14,4,6,34,4,4,54,66,.276,.367,.380,.748,119,146,7,2,9,1,6,*4/6
1981,berrada01,Dale Berra,24,PIT,NL,81,257,232,21,56,12,0,2,27,11,1,17,34,.241,.302,.319,.621,74,74,3,3,2,0,4,564
1981,bevacku01,Kurt Bevacqua,34,PIT,NL,29,34,27,2,7,1,0,1,4,0,0,4,6,.259,.333,.407,.741,107,11,1,0,1,2,0,/45
1981,bibbyji01,Jim Bibby,36,PIT,NL,14,34,28,4,4,2,0,1,3,0,0,1,11,.143,.200,.321,.521,44,9,0,1,4,0,0,1
1981,biittla01,Larry Biittner,34,CIN,NL,42,66,61,1,13,4,0,0,8,0,0,4,4,.213,.258,.279,.536,51,17,3,0,0,1,1,/39
1981,birddo01,Doug Bird,31,TOT,MLB,12,23,20,0,2,0,0,0,0,0,0,1,11,.100,.143,.100,.243,-31,2,0,0,2,0,0,1
1981,birddo01,Doug Bird,31,CHC,NL,12,23,20,0,2,0,0,0,0,0,0,1,11,.100,.143,.100,.243,-31,2,0,0,2,0,0,1
1981,blackti01,Tim Blackwell,28,CHC,NL,58,182,158,21,37,10,2,1,11,2,1,23,23,.234,.331,.342,.673,89,54,2,0,1,0,4,2
1981,bluevi01,Vida Blue,31,SFG,NL,18,43,35,4,7,2,0,0,1,0,0,3,10,.200,.263,.257,.520,50,9,1,0,5,0,0,1
1981,bochtbr01,Bruce Bochte,30,SEA,AL,99,385,335,39,87,16,0,6,30,1,3,47,53,.260,.354,.361,.715,104,121,5,2,1,0,5,*37/D
1981,boggsto01,Tommy Boggs,25,ATL,NL,25,47,46,2,7,1,0,0,3,0,0,0,6,.152,.152,.174,.326,-8,8,1,0,1,0,0,1
1981,boitada01,Dan Boitano,28,NYM,NL,16,0,0,0,0,0,0,0,0,0,0,0,0,,,,,,0,0,0,0,0,0,1
1981,bombama01,Mark Bomback,28,TOR,AL,1,0,0,0,0,0,0,0,0,0,0,0,0,,,,,,0,0,0,0,0,0,1
1981,bondsbo01,Bobby Bonds,35,CHC,NL,45,190,163,26,35,7,1,6,19,5,6,24,44,.215,.323,.380,.703,96,62,4,2,1,0,5,8/9
1981,bonilju01,Juan Bonilla,25,SDP,NL,99,407,369,30,107,13,2,1,25,4,9,25,23,.290,.337,.344,.681,99,127,7,2,9,2,5,*4
1981,bonneba01,Barry Bonnell,27,TOR,AL,66,243,227,21,50,7,4,4,28,4,3,12,25,.220,.263,.339,.602,69,77,8,1,3,0,0,98/7
1981,bonnebo01,Bobby Bonner,24,BAL,AL,10,29,27,6,8,2,0,0,2,1,0,1,4,.296,.310,.370,.681,96,10,0,0,0,1,0,/6
1981,boonebo01,Bob Boone,33,PHI,NL,76,253,227,19,48,7,0,4,24,2,2,22,16,.211,.279,.295,.574,60,67,6,0,2,2,2,*2
1981,booneda02,Danny Boone,27,SDP,NL,37,5,4,0,2,0,0,0,0,0,0,0,0,.500,.500,.500,1.000,193,2,0,0,1,0,0,1
1981,bosetri01,Rick Bosetti,27,TOT,AL,34,72,66,9,13,2,0,0,5,0,2,5,9,.197,.254,.227,.481,39,15,2,0,1,0,0,8/7D9
1981,bosetri01,Rick Bosetti,27,TOR,AL,25,50,47,5,11,2,0,0,4,0,2,2,6,.234,.265,.277,.542,53,13,2,0,1,0,0,8/79D
1981,bosetri01,Rick Bosetti,27,OAK,AL,9,22,19,4,2,0,0,0,1,0,0,3,3,.105,.227,.105,.333,2,2,0,0,0,0,0,/8D9
1981,bosleth01,Thad Bosley,24,MIL,AL,42,112,105,11,24,2,0,0,3,2,1,6,13,.229,.270,.248,.518,54,26,4,0,1,0,0,9/87D
1981,bowala01,Larry Bowa,35,PHI,NL,103,391,360,34,102,14,3,0,31,16,7,26,17,.283,.331,.339,.670,87,122,8,0,4,1,2,*6
1981,boylado01,Doe Boyland,26,PIT,NL,11,9,8,0,0,0,0,0,0,0,0,1,3,.000,.111,.000,.111,-67,0,0,0,0,0,0,
1981,bradfla01,Larry Bradford,31,ATL,NL,25,1,1,1,1,0,0,0,0,0,0,0,0,1.000,1.000,1.000,2.000,464,1,0,0,0,0,0,1
1981,bradlma01,Mark Bradley,24,LAD,NL,9,6,6,2,1,1,0,0,0,0,0,0,1,.167,.167,.333,.500,41,2,0,0,0,0,0,/97
1981,braunst01,Steve Braun,33,STL,NL,44,62,46,9,9,2,1,0,2,1,0,15,7,.196,.393,.283,.676,93,13,1,0,1,0,0,/795
1981,breinfr01,Fred Breining,25,SFG,NL,45,13,11,0,0,0,0,0,0,0,0,1,7,.000,.083,.000,.083,-74,0,0,0,1,0,0,1
1981,brenlbo01,Bob Brenly,27,SFG,NL,19,52,45,5,15,2,1,1,4,0,1,6,4,.333,.423,.489,.912,161,22,1,1,0,0,0,2/57
1981,brettge01,George Brett,28,KCR,AL,89,379,347,42,109,27,7,6,43,14,6,27,23,.314,.361,.484,.846,145,168,7,1,0,4,7,*5
1981,briggda01,Dan Briggs,28,MON,NL,9,11,11,0,1,0,0,0,0,0,1,0,3,.091,.091,.091,.182,-48,1,0,0,0,0,0,/3879
1981,brookto01,Tom Brookens,27,DET,AL,71,265,239,19,58,10,1,4,25,5,3,14,43,.243,.284,.343,.627,78,82,5,2,4,6,0,*5
1981,brookhu01,Hubie Brooks,24,NYM,NL,98,389,358,34,110,21,2,4,38,9,5,23,65,.307,.345,.411,.756,116,147,9,1,1,6,2,*5/976
1981,brouhma01,Mark Brouhard,25,MIL,AL,60,199,186,19,51,6,3,2,20,1,1,7,41,.274,.305,.371,.676,99,69,7,2,2,2,1,9/D7
1981,brownbo04,Bobby Brown,27,NYY,AL,31,69,62,5,14,1,0,0,6,4,2,5,15,.226,.279,.242,.521,53,15,1,0,1,1,0,98/7D
1981,brownda01,Darrell Brown,25,DET,AL,16,4,4,4,1,0,0,0,0,1,0,0,1,.250,.250,.250,.500,43,1,0,0,0,0,0,/D987
1981,brownsc01,Scott Brown,24,CIN,NL,10,1,1,0,0,0,0,0,0,0,0,0,1,.000,.000,.000,.000,-100,0,0,0,0,0,0,1
1981,brummgl01,Glenn Brummer,26,STL,NL,21,33,30,2,6,1,0,0,2,0,0,1,2,.200,.219,.233,.452,27,7,1,0,1,1,0,2
1981,brunato01,Tom Brunansky,20,CAL,AL,11,41,33,7,5,0,0,3,6,1,0,8,10,.152,.317,.424,.741,114,14,0,0,0,0,0,7
1981,brusswa01,Warren Brusstar,29,PHI,NL,14,0,0,0,0,0,0,0,0,0,0,0,0,,,,,,0,0,0,0,0,0,1
1981,bucknbi01,Bill Buckner,31,CHC,NL,106,453,421,45,131,35,3,10,75,5,2,26,16,.311,.349,.480,.829,130,202,17,1,0,5,9,*3
1981,budasma01,Mark Budaska,28,OAK,AL,9,36,32,3,5,1,0,0,2,0,1,4,10,.156,.250,.188,.438,32,6,0,0,0,0,0,/D
1981,bullibu01,Bud Bulling,28,SEA,AL,62,180,154,15,38,3,0,2,15,0,0,21,20,.247,.341,.305,.646,85,47,2,1,4,0,0,2
1981,bumbral01,Al Bumbry,34,BAL,AL,101,451,392,61,107,18,2,1,27,22,15,51,51,.273,.358,.337,.695,102,132,6,2,4,2,2,*8/7
1981,burleri01,Rick Burleson,30,CAL,AL,109,490,430,53,126,17,1,5,33,4,6,42,38,.293,.357,.372,.729,112,160,8,3,11,4,2,*6
1981,burrira01,Ray Burris,30,MON,NL,22,49,37,4,7,0,0,0,2,0,0,4,12,.189,.262,.189,.451,30,7,0,0,7,1,0,1
1981,burroje01,Jeff Burroughs,30,SEA,AL,89,360,319,32,81,13,1,10,41,0,1,41,64,.254,.339,.395,.734,108,126,7,0,0,0,3,*9/D7
1981,butersa01,Sal Butera,28,MIN,AL,62,194,167,13,40,7,1,0,18,0,0,22,14,.240,.325,.293,.618,76,49,8,0,3,2,0,2/3D
1981,butlebr01,Brett Butler,24,ATL,NL,40,145,126,17,32,2,3,0,4,9,1,19,17,.254,.352,.317,.669,89,40,0,0,0,0,0,78/9
1981,bystrma01,Marty Bystrom,22,PHI,NL,9,18,17,0,2,0,0,0,0,0,1,0,10,.118,.118,.118,.235,-34,2,0,0,1,0,0,/1
1981,cabelen01,Enos Cabell,31,SFG,NL,96,413,396,41,101,20,1,2,36,6,7,10,47,.255,.274,.326,.600,72,129,6,1,4,2,0,*35
1981,camacer01,Ernie Camacho,26,PIT,NL,7,5,4,0,0,0,0,0,0,0,0,0,1,.000,.000,.000,.000,-100,0,0,0,1,0,0,/1
1981,campri01,Rick Camp,28,ATL,NL,48,13,12,1,0,0,0,0,0,0,0,0,6,.000,.000,.000,.000,-100,0,0,0,1,0,0,1
1981,campabe01,Bert Campaneris,39,CAL,AL,55,91,82,11,21,2,1,1,10,5,2,5,10,.256,.295,.341,.637,85,28,0,0,3,1,0,5/64
1981,candejo01,John Candelaria,27,PIT,NL,6,16,13,0,3,0,0,0,3,0,0,0,1,.231,.214,.231,.445,25,3,0,0,2,1,0,/1
1981,capildo01,Doug Capilla,29,CHC,NL,42,3,3,0,0,0,0,0,0,0,0,0,1,.000,.000,.000,.000,-100,0,0,0,0,0,0,1
1981,carewro01,Rod Carew,35,CAL,AL,93,421,364,57,111,17,1,2,21,16,9,45,45,.305,.380,.374,.753,120,136,8,0,10,2,7,*3/D
1981,carltst01,Steve Carlton,36,PHI,NL,24,71,67,5,9,2,2,0,4,0,0,2,16,.134,.159,.224,.383,6,15,2,0,2,0,0,1
1981,cartega01,Gary Carter,27,MON,NL,100,419,374,48,94,20,2,16,68,1,5,35,35,.251,.313,.444,.756,112,166,6,1,3,6,4,*2/3
1981,castibo01,Bobby Castillo,26,LAD,NL,34,9,9,1,4,2,0,0,1,0,0,0,2,.444,.444,.667,1.111,217,6,0,0,0,0,0,1
1981,castima02,Marty Castillo,24,DET,AL,6,8,8,1,1,0,0,0,0,0,0,0,2,.125,.125,.125,.250,-28,1,0,0,0,0,0,/527
1981,castijo01,John Castino,26,MIN,AL,101,409,381,41,102,13,9,6,36,4,5,18,52,.268,.301,.396,.697,95,151,3,1,7,2,3,*5/4
1981,caudibi01,Bill Caudill,24,CHC,NL,30,17,14,0,2,0,0,0,1,0,0,2,6,.143,.250,.143,.393,12,2,0,0,1,0,0,1
1981,cedence01,Cesar Cedeno,30,HOU,NL,82,338,306,42,83,19,0,5,34,12,7,24,31,.271,.321,.382,.704,104,117,6,1,2,5,2,38
1981,ceronri01,Rick Cerone,27,NYY,AL,71,254,234,23,57,13,2,2,21,0,2,12,24,.244,.276,.342,.618,79,80,10,0,4,4,0,*2
1981,ceyro01,Ron Cey,33,LAD,NL,85,359,312,42,90,15,2,13,50,0,2,40,55,.288,.372,.474,.846,143,148,7,3,1,3,3,*5
1981,chalkda01,Dave Chalk,30,KCR,AL,27,56,49,2,11,3,0,0,5,0,1,4,2,.224,.283,.286,.569,66,14,1,0,3,0,0,54/6
1981,chambch01,Chris Chambliss,32,ATL,NL,107,455,404,44,110,25,2,8,51,4,1,44,41,.272,.343,.403,.746,109,163,11,1,2,3,10,*3
1981,charbjo01,Joe Charboneau,26,CLE,AL,48,147,138,14,29,7,1,4,18,1,0,7,22,.210,.247,.362,.609,75,50,5,0,1,1,0,7D/9
1981,chrisla01,Larry Christenson,27,PHI,NL,20,35,30,2,3,0,0,0,1,0,0,1,16,.100,.125,.100,.225,-37,3,0,0,3,1,0,1
1981,clarkbo04,Bobby Clark,26,CAL,AL,34,95,88,12,22,2,1,4,19,0,0,7,18,.250,.305,.432,.737,112,38,2,0,0,0,0,7/89
1981,clarkbr01,Bryan Clark,24,SEA,AL,1,0,0,0,0,0,0,0,0,0,0,0,0,,,,,,0,0,0,0,0,0,1/D
1981,clarkja01,Jack Clark,25,SFG,NL,99,437,385,60,103,19,2,17,53,1,1,45,45,.268,.341,.460,.801,128,177,12,1,0,6,6,*9
1981,collida02,Dave Collins,28,CIN,NL,95,412,360,63,98,18,6,3,23,26,10,41,41,.272,.355,.381,.735,108,137,6,6,3,2,1,*9/87
1981,combege01,Geoff Combe,25,CIN,NL,14,0,0,0,0,0,0,0,0,0,0,0,0,,,,,,0,0,0,0,0,0,1
1981,conceda01,Dave Concepcion,33,CIN,NL,106,468,421,57,129,28,0,5,67,4,5,37,61,.306,.358,.409,.767,116,172,13,1,2,7,1,*6
1981,conceon01,Onix Concepcion,23,KCR,AL,2,0,0,0,0,0,0,0,0,0,0,0,0,,,,,,0,0,0,0,0,0,/6
1981,coopece01,Cecil Cooper,31,MIL,AL,106,453,416,70,133,35,1,12,60,5,4,28,30,.320,.363,.495,.858,151,206,16,3,1,5,2,*3/D
1981,corcoti01,Tim Corcoran,28,MIN,AL,22,58,51,4,9,3,0,0,4,0,0,6,7,.176,.259,.235,.494,40,12,3,0,0,1,0,3/D
1981,coreyma01,Mark Corey,25,BAL,AL,10,10,8,2,0,0,0,0,0,0,0,2,2,.000,.200,.000,.200,-38,0,0,0,0,0,0,/79
1981,cowenal01,Al Cowens,29,DET,AL,85,284,253,27,66,11,4,1,18,3,3,22,36,.261,.319,.348,.667,90,88,3,1,5,3,3,*89
1981,coxje01,Jeff Cox,25,OAK,AL,2,0,0,0,0,0,0,0,0,0,0,0,0,,,,,,0,0,0,0,0,0,/4
1981,coxla01,Larry Cox,33,TEX,AL,5,13,13,0,3,1,0,0,0,0,0,0,4,.231,.231,.308,.538,59,4,0,0,0,0,0,/2
1981,coxte02,Ted Cox,26,TOR,AL,16,55,50,6,15,4,0,2,9,0,1,5,10,.300,.364,.500,.864,142,25,0,0,0,0,0,5/3D
1981,cromawa01,Warren Cromartie,27,MON,NL,99,400,358,41,109,19,2,6,42,2,3,39,27,.304,.370,.419,.789,123,150,8,0,0,3,12,39
1981,crowlte01,Terry Crowley,34,BAL,AL,68,166,134,12,33,6,0,4,25,0,0,29,12,.246,.376,.381,.756,119,51,3,0,1,2,5,D/3
1981,cruzhe01,Hector Cruz,28,CHC,NL,53,127,109,15,25,5,0,7,15,2,2,17,24,.229,.331,.468,.799,122,51,3,0,0,1,0,59/7
1981,cruzjo01,Jose Cruz,33,HOU,NL,107,451,409,53,109,16,5,13,55,5,7,35,49,.267,.319,.425,.745,115,174,7,0,0,7,4,*7
1981,cruzju01,Julio Cruz,26,SEA,AL,94,401,352,57,90,12,3,2,24,43,8,39,40,.256,.332,.324,.656,87,114,4,3,4,3,0,*4/6
1981,cruzvi01,Victor Cruz,23,PIT,NL,22,5,4,0,0,0,0,0,0,0,0,0,3,.000,.000,.000,.000,-100,0,0,0,1,0,0,1
1981,cubbami01,Mike Cubbage,30,NYM,NL,67,90,80,9,17,2,2,1,4,0,0,9,15,.213,.289,.325,.614,76,26,2,0,0,1,1,5
1981,curtijo01,John Curtis,33,SDP,NL,28,16,13,1,1,0,0,0,2,0,0,0,6,.077,.067,.077,.144,-58,1,1,0,1,2,0,1
1981,dauerri01,Rich Dauer,28,BAL,AL,96,404,369,41,97,27,0,4,38,0,0,27,18,.263,.317,.369,.685,98,136,6,3,3,2,0,*4/5
1981,davisbo02,Bob Davis,29,CAL,AL,1,2,2,0,0,0,0,0,0,0,0,0,0,.000,.000,.000,.000,-100,0,0,0,0,0,0,/2
1981,davisch01,Chili Davis,21,SFG,NL,8,16,15,1,2,0,0,0,0,2,0,1,2,.133,.188,.133,.321,-7,2,1,0,0,0,0,/987
1981,davisdi02,Dick Davis,27,PHI,NL,45,106,96,12,32,6,1,2,19,1,2,8,13,.333,.387,.479,.866,140,46,1,1,0,1,0,9/7
1981,davisjo02,Jody Davis,24,CHC,NL,56,207,180,14,46,5,1,4,21,0,1,21,28,.256,.333,.361,.694,94,65,6,1,3,2,3,2
1981,davisma01,Mark Davis,20,PHI,NL,9,14,11,2,1,0,0,0,1,0,0,2,2,.091,.231,.091,.322,-7,1,0,0,1,0,0,/1
1981,davismi02,Mike Davis,22,OAK,AL,17,22,20,0,1,1,0,0,0,0,0,2,4,.050,.136,.100,.236,-29,2,1,0,0,0,0,/D73
1981,dawsoan01,Andre Dawson,26,MON,NL,103,441,394,71,119,21,3,24,64,26,4,35,50,.302,.365,.553,.918,157,218,6,7,0,5,14,*8
1981,dejesiv01,Ivan de Jesus,28,CHC,NL,106,460,403,49,78,8,4,0,13,21,9,46,61,.194,.276,.233,.509,44,94,2,0,10,1,2,*6
1981,decindo01,Doug DeCinces,30,BAL,AL,100,391,346,49,91,23,2,13,55,0,3,41,32,.263,.341,.454,.795,128,157,12,1,1,2,2,*5/37
1981,deleolu01,Luis DeLeon,22,STL,NL,10,1,1,0,0,0,0,0,0,0,0,0,0,.000,.000,.000,.000,-100,0,0,0,0,0,0,1
1981,dempsri01,Rick Dempsey,31,BAL,AL,92,287,251,24,54,10,1,6,15,0,1,32,36,.215,.306,.335,.641,85,84,5,1,3,0,1,*2
1981,dentbu01,Bucky Dent,29,NYY,AL,73,258,227,20,54,11,0,7,27,0,1,19,17,.238,.300,.379,.679,97,86,1,2,8,2,0,*6
1981,dernibo01,Bob Dernier,24,PHI,NL,10,4,4,0,3,0,0,0,0,2,1,0,0,.750,.750,.750,1.500,319,3,0,0,0,0,0,/8
1981,diazbo01,Bo Diaz,28,CLE,AL,63,199,182,25,57,19,0,7,38,2,2,13,23,.313,.359,.533,.892,156,97,7,1,1,2,2,2/D
1981,dillast01,Steve Dillard,30,CHC,NL,53,127,119,18,26,7,1,2,11,0,0,8,20,.218,.268,.345,.612,70,41,1,0,0,0,0,4/56
1981,dilonmi01,Miguel Dilone,26,CLE,AL,72,289,269,33,78,5,5,0,19,29,10,18,28,.290,.334,.346,.680,98,93,6,0,2,0,1,7D
1981,dotsori01,Richard Dotson,22,CHW,AL,3,0,0,0,0,0,0,0,0,0,0,0,0,,,,,,0,0,0,0,0,0,1/D
1981,downibr01,Brian Downing,30,CAL,AL,93,370,317,47,79,14,0,9,41,1,1,46,35,.249,.351,.379,.730,112,120,11,4,3,0,1,72/D
1981,doylebr01,Brian Doyle,27,OAK,AL,17,43,40,2,5,0,0,0,3,0,1,1,2,.125,.146,.125,.271,-19,5,1,0,2,0,0,4
1981,driesda01,Dan Driessen,29,CIN,NL,82,280,233,35,55,14,0,7,33,2,4,40,31,.236,.349,.386,.735,107,90,5,2,2,3,3,*3
1981,drumrke01,Keith Drumright,26,OAK,AL,31,92,86,8,25,1,1,0,11,0,0,4,4,.291,.319,.326,.644,92,28,3,0,1,1,0,4/D
1981,duranda01,Dan Duran,27,TEX,AL,13,17,16,1,4,0,0,0,0,0,0,1,1,.250,.294,.250,.544,63,4,1,0,0,0,0,/73
1981,durhale01,Leon Durham,23,CHC,NL,87,355,328,42,95,14,6,10,35,25,11,27,53,.290,.344,.460,.804,123,151,6,0,0,0,6,*9/3
1981,dwyerji01,Jim Dwyer,31,BAL,AL,68,157,134,16,30,0,1,3,10,0,2,20,19,.224,.318,.306,.624,81,41,2,0,0,3,0,79/38D
1981,dybzije01,Jerry Dybzinski,25,CLE,AL,48,67,57,10,17,0,0,0,6,7,1,5,8,.298,.355,.298,.653,92,17,0,0,5,0,0,6/45D
1981,dyerdu01,Duffy Dyer,35,DET,AL,2,0,0,0,0,0,0,0,0,0,0,0,0,,,,,,0,0,0,0,0,0,/2
1981,easlemi01,Mike Easler,30,PIT,NL,95,369,339,43,97,18,5,7,42,4,7,24,45,.286,.328,.431,.759,111,146,10,0,0,6,7,*79
1981,eastwra01,Rawly Eastwick,30,CHC,NL,30,2,2,0,0,0,0,0,0,0,0,0,2,.000,.000,.000,.000,-100,0,0,0,0,0,0,1
1981,edelejo01,Joe Edelen,25,TOT,NL,18,5,5,0,1,0,0,0,0,0,0,0,2,.200,.200,.200,.400,13,1,0,0,0,0,0,1
1981,edelejo01,Joe Edelen,25,STL,NL,13,3,3,0,1,0,0,0,0,0,0,0,1,.333,.333,.333,.667,88,1,0,0,0,0,0,1
1981,edelejo01,Joe Edelen,25,CIN,NL,5,2,2,0,0,0,0,0,0,0,0,0,1,.000,.000,.000,.000,-100,0,0,0,0,0,0,/1
1981,edlerda01,Dave Edler,24,SEA,AL,29,94,78,7,11,3,0,0,5,3,3,11,13,.141,.250,.179,.429,24,14,1,1,2,2,0,5/6
1981,edwarda01,Dave Edwards,27,SDP,NL,58,125,112,13,24,4,1,2,13,3,1,11,24,.214,.282,.321,.604,76,36,3,0,1,1,0,97/8
1981,edwarma01,Marshall Edwards,28,MIL,AL,40,58,58,10,14,1,1,0,4,6,2,0,2,.241,.241,.293,.534,57,17,1,0,0,0,0,89/7D
1981,eicheju01,Juan Eichelberger,27,SDP,NL,25,52,46,1,4,0,0,0,0,0,0,0,21,.087,.087,.087,.174,-49,4,1,0,6,0,0,1
1981,ellisjo01,John Ellis,32,TEX,AL,23,64,58,2,8,3,0,1,7,0,1,5,10,.138,.219,.241,.460,37,14,3,1,0,0,1,3/D
1981,engleda01,Dave Engle,24,MIN,AL,82,265,248,29,64,14,4,5,32,0,1,13,37,.258,.295,.407,.703,97,101,9,1,1,2,1,*9/5D
1981,engleri01,Rick Engle,24,MON,NL,1,0,0,0,0,0,0,0,0,0,0,0,0,,,,,,0,0,0,0,0,0,/1
1981,espinni01,Nino Espinosa,27,TOT,MLB,14,23,20,0,4,0,0,0,2,0,0,0,8,.200,.200,.200,.400,12,4,0,0,3,0,0,1
1981,espinni01,Nino Espinosa,27,PHI,NL,14,23,20,0,4,0,0,0,2,0,0,0,8,.200,.200,.200,.400,12,4,0,0,3,0,0,1
1981,essiaji01,Jim Essian,30,CHW,AL,27,57,52,6,16,3,0,0,5,0,1,4,5,.308,.357,.365,.723,112,19,2,0,1,0,0,2/5
1981,evansba01,Barry Evans,25,SDP,NL,54,106,93,11,30,5,0,0,7,2,2,9,9,.323,.371,.376,.748,119,35,4,0,1,3,2,53/46
1981,evansda01,Darrell Evans,34,SFG,NL,102,419,357,51,92,13,4,12,48,2,3,54,33,.258,.356,.417,.773,121,149,4,2,3,3,8,*53
1981,evansdw01,Dwight Evans,29,BOS,AL,108,504,412,84,122,19,4,22,71,3,2,85,85,.296,.415,.522,.937,163,215,8,1,3,3,1,*9
1981,faedole01,Lenny Faedo,21,MIN,AL,12,43,41,3,8,0,1,0,6,0,0,1,5,.195,.209,.244,.453,28,10,0,0,0,1,0,6
1981,faheybi01,Bill Fahey,31,DET,AL,27,72,67,5,17,2,0,1,9,0,1,2,4,.254,.271,.328,.600,71,22,1,0,2,1,0,2
1981,falcope01,Pete Falcone,27,NYM,NL,35,22,22,1,4,0,0,1,5,0,0,0,4,.182,.182,.318,.500,41,7,1,0,0,0,0,1
1981,fergujo01,Joe Ferguson,34,TOT,MLB,29,57,44,7,9,2,0,1,6,0,0,11,13,.205,.357,.318,.675,97,14,1,0,1,1,0,/279
1981,fergujo01,Joe Ferguson,34,LAD,NL,17,16,14,2,2,1,0,0,1,0,0,2,5,.143,.250,.214,.464,35,3,0,0,0,0,0,/9
1981,fergujo01,Joe Ferguson,34,CAL,AL,12,41,30,5,7,1,0,1,5,0,0,9,8,.233,.400,.367,.767,124,11,1,0,1,1,0,/279
1981,fialane01,Neil Fiala,24,TOT,NL,5,5,5,1,1,0,0,0,1,0,0,0,2,.200,.200,.200,.400,13,1,0,0,0,0,0,
1981,fialane01,Neil Fiala,24,STL,NL,3,3,3,0,0,0,0,0,0,0,0,0,1,.000,.000,.000,.000,-100,0,0,0,0,0,0,
1981,fialane01,Neil Fiala,24,CIN,NL,2,2,2,1,1,0,0,0,1,0,0,0,1,.500,.500,.500,1.000,183,1,0,0,0,0,0,
1981,fingero01,Rollie Fingers,34,MIL,AL,1,0,0,0,0,0,0,0,0,0,0,0,0,,,,,,0,0,0,0,0,0,1
1981,fireost01,Steve Fireovid,24,SDP,NL,5,7,7,0,1,0,0,0,0,0,0,0,4,.143,.143,.143,.286,-16,1,0,0,0,0,0,/1
1981,firovda01,Dan Firova,24,SEA,AL,13,2,2,0,0,0,0,0,0,0,0,0,1,.000,.000,.000,.000,-100,0,0,0,0,0,0,2
1981,fischmi01,Mike Fischlin,25,CLE,AL,22,48,43,3,10,1,0,0,5,3,2,3,6,.233,.277,.256,.532,56,11,0,0,1,1,0,6/4
1981,fiskca01,Carlton Fisk,33,CHW,AL,96,394,338,44,89,12,0,7,45,3,2,38,37,.263,.354,.361,.715,110,122,9,12,1,5,3,*2/357
1981,flannti01,Tim Flannery,23,SDP,NL,37,72,67,4,17,4,1,0,6,1,0,2,4,.254,.268,.343,.611,77,23,1,0,1,2,1,5/4
1981,fletcsc01,Scott Fletcher,22,CHC,NL,19,48,46,6,10,4,0,0,1,0,0,2,4,.217,.250,.304,.554,55,14,0,0,0,0,0,4/65
1981,flynndo01,Doug Flynn,30,NYM,NL,105,343,325,24,72,12,4,1,20,1,2,11,19,.222,.247,.292,.539,54,95,12,0,7,0,8,*4/6
1981,foliti01,Tim Foli,30,PIT,NL,86,351,316,32,78,12,2,0,20,7,7,17,10,.247,.285,.297,.582,63,94,2,1,14,3,0,*6
1981,footeba01,Barry Foote,29,TOT,MLB,49,163,147,12,26,4,0,6,11,0,0,11,28,.177,.233,.327,.559,61,48,8,0,4,1,0,2/D3
1981,footeba01,Barry Foote,29,CHC,NL,9,26,22,0,0,0,0,0,1,0,0,3,7,.000,.115,.000,.115,-65,0,1,0,0,1,0,/2
1981,footeba01,Barry Foote,29,NYY,AL,40,137,125,12,26,4,0,6,10,0,0,8,21,.208,.256,.384,.640,84,48,7,0,4,0,0,2/D3
1981,fordda01,Dan Ford,29,CAL,AL,97,409,375,53,104,14,1,15,48,2,2,23,71,.277,.327,.440,.767,121,165,16,5,5,1,3,*9/7
1981,forscbo01,Bob Forsch,31,STL,NL,20,48,41,0,5,1,0,0,3,0,0,1,10,.122,.143,.146,.289,-19,6,2,0,6,0,0,1
1981,forstte01,Terry Forster,29,LAD,NL,21,2,2,0,0,0,0,0,0,0,0,0,0,.000,.000,.000,.000,-100,0,0,0,0,0,0,1
1981,fostege01,George Foster,32,CIN,NL,108,472,414,64,122,23,2,22,90,4,0,51,75,.295,.373,.519,.892,150,215,12,3,0,4,5,*7
1981,francte01,Terry Francona,22,MON,NL,34,104,95,11,26,0,1,1,8,1,0,5,6,.274,.317,.326,.643,83,31,0,1,3,0,1,7/93
1981,friaspe01,Pepe Frias,32,LAD,NL,25,39,36,6,9,1,0,0,3,0,0,1,3,.250,.282,.278,.560,62,10,0,1,0,1,1,6/45
1981,frymawo01,Woodie Fryman,41,MON,NL,35,5,3,0,2,0,0,0,0,0,0,0,0,.667,.667,.667,1.333,279,2,0,0,2,0,0,1
1981,fundema01,Mark Funderburk,24,MIN,AL,8,18,15,2,3,1,0,0,2,0,0,2,1,.200,.278,.267,.544,54,4,0,0,0,1,0,/7D
1981,gaettga01,Gary Gaetti,22,MIN,AL,9,26,26,4,5,0,0,2,3,0,0,0,6,.192,.192,.423,.615,69,11,1,0,0,0,0,/5D
1981,galeri01,Rich Gale,27,KCR,AL,1,0,0,0,0,0,0,0,0,0,0,0,0,,,,,,0,0,0,0,0,0,1
1981,gamblos01,Oscar Gamble,31,NYY,AL,80,227,189,24,45,8,0,10,27,0,2,35,23,.238,.357,.439,.796,131,83,4,1,0,2,2,D97
1981,gantnji01,Jim Gantner,28,MIL,AL,107,397,352,35,94,14,1,2,33,3,6,29,29,.267,.325,.330,.654,94,116,6,3,9,4,5,*4
1981,garbege01,Gene Garber,33,ATL,NL,35,5,5,0,0,0,0,0,0,0,0,0,1,.000,.000,.000,.000,-100,0,0,0,0,0,0,1
1981,garcida01,Damaso Garcia,24,TOR,AL,64,263,250,24,63,8,1,1,13,13,3,9,32,.252,.277,.304,.581,64,76,6,0,3,1,1,4/D
1981,garcida02,Danny Garcia,27,KCR,AL,12,14,14,4,2,0,0,0,0,0,0,0,2,.143,.143,.143,.286,-16,2,0,0,0,0,0,/937
1981,garciki01,Kiko Garcia,27,HOU,NL,48,150,136,9,37,6,1,0,15,2,2,10,16,.272,.324,.331,.655,91,45,2,1,2,1,3,65/4
1981,gardero01,Ron Gardenhire,23,NYM,NL,27,53,48,2,13,1,0,0,3,2,2,5,9,.271,.340,.292,.631,83,14,0,0,0,0,2,6/45
1981,garneph01,Phil Garner,32,TOT,NL,87,340,294,35,73,9,3,1,26,10,8,36,32,.248,.326,.310,.636,81,91,4,0,6,4,2,*4
1981,garneph01,Phil Garner,32,PIT,NL,56,207,181,22,46,6,2,1,20,4,6,21,21,.254,.327,.326,.653,83,59,3,0,2,3,1,4
1981,garneph01,Phil Garner,32,HOU,NL,31,133,113,13,27,3,1,0,6,6,2,15,11,.239,.326,.283,.609,78,32,1,0,4,1,1,4
1981,garvest01,Steve Garvey,32,LAD,NL,110,461,431,63,122,23,1,10,64,3,5,25,49,.283,.322,.411,.732,110,177,8,1,1,3,6,*3
1981,gatesmi01,Mike Gates,24,MON,NL,1,2,2,1,1,0,1,0,1,0,0,0,1,.500,.500,1.500,2.000,449,3,0,0,0,0,0,/4
1981,gedmari01,Rich Gedman,21,BOS,AL,62,219,205,22,59,15,0,5,26,0,0,9,31,.288,.317,.434,.751,110,89,9,1,1,3,1,2
1981,geiseda01,Dave Geisel,26,CHC,NL,11,4,3,0,0,0,0,0,0,0,0,1,2,.000,.250,.000,.250,-25,0,0,0,0,0,0,1
1981,geronce01,Cesar Geronimo,33,KCR,AL,59,133,118,14,29,0,2,2,13,6,1,11,16,.246,.305,.331,.636,86,39,3,0,2,2,2,9/78
1981,gibsoki01,Kirk Gibson,24,DET,AL,83,313,290,41,95,11,3,9,40,17,5,18,64,.328,.369,.479,.848,141,139,9,2,1,2,1,98/D7
1981,gilesbr01,Brian Giles,21,NYM,NL,9,8,7,0,0,0,0,0,0,0,0,0,3,.000,.000,.000,.000,-100,0,0,0,1,0,0,/46
1981,goltzda01,Dave Goltz,32,LAD,NL,26,21,17,0,1,0,0,0,2,0,0,1,9,.059,.158,.059,.217,-35,1,0,1,2,0,0,1
1981,gomezlu01,Luis Gomez,29,ATL,NL,35,41,35,4,7,0,0,0,1,0,1,6,4,.200,.317,.200,.517,48,7,0,0,0,0,0,6/541
1981,gonzaju02,Julio Gonzalez,28,STL,NL,20,24,22,2,7,1,0,1,3,0,0,1,3,.318,.348,.500,.848,136,11,2,0,1,0,0,/645
1981,goodwda01,Danny Goodwin,27,MIN,AL,59,169,151,18,34,6,1,2,17,3,1,16,32,.225,.298,.318,.615,74,48,3,0,1,1,2,3/D7
1981,gormato03,Tom Gorman,23,MON,NL,9,0,0,0,0,0,0,0,0,0,0,0,0,,,,,,0,0,0,0,0,0,/1
1981,grahada01,Dan Graham,26,BAL,AL,55,156,142,7,25,3,0,2,11,0,0,13,32,.176,.244,.239,.483,40,34,3,0,0,1,1,2/D5
1981,grayga01,Gary Gray,28,SEA,AL,69,214,208,27,51,7,1,13,31,2,0,4,44,.245,.257,.476,.733,104,99,9,0,0,2,1,3D/7
1981,greenda03,David Green,20,STL,NL,21,40,34,6,5,1,0,0,2,0,1,6,5,.147,.275,.176,.451,29,6,0,0,0,0,1,8
1981,grichbo01,Bobby Grich,32,CAL,AL,100,404,352,56,107,14,2,22,61,2,4,40,71,.304,.378,.543,.921,165,191,5,4,5,3,4,*4
1981,griffke01,Ken Griffey,31,CIN,NL,101,442,396,65,123,21,6,2,34,12,4,39,42,.311,.370,.409,.780,120,162,9,1,2,4,6,*8/9
1981,griffal01,Alfredo Griffin,23,TOR,AL,101,414,388,30,81,19,6,0,21,8,12,17,38,.209,.243,.289,.531,49,112,6,1,6,2,1,*6/54
1981,griffmi02,Mike Griffin,24,TOT,MLB,16,15,13,0,2,0,0,0,0,0,0,0,8,.154,.154,.154,.308,-14,2,0,0,2,0,0,1
1981,griffmi02,Mike Griffin,24,CHC,NL,16,15,13,0,2,0,0,0,0,0,0,0,8,.154,.154,.154,.308,-14,2,0,0,2,0,0,1
1981,griffto02,Tom Griffin,33,SFG,NL,22,50,41,1,8,1,0,1,5,0,0,2,12,.195,.227,.293,.520,48,12,1,0,6,1,0,1
1981,grossgr01,Greg Gross,28,PHI,NL,83,119,102,14,23,6,1,0,7,2,2,15,5,.225,.319,.304,.623,75,31,4,0,0,2,4,97/8
1981,grosswa01,Wayne Gross,29,OAK,AL,82,287,243,29,50,7,1,10,31,2,1,34,28,.206,.304,.366,.670,98,89,7,2,4,4,0,*5/3D
1981,groteje01,Jerry Grote,38,TOT,MLB,24,64,58,4,17,3,1,1,9,1,0,3,3,.293,.333,.431,.764,121,25,2,1,1,1,0,2
1981,groteje01,Jerry Grote,38,KCR,AL,22,62,56,4,17,3,1,1,9,1,0,3,2,.304,.344,.446,.791,129,25,1,1,1,1,0,2
1981,groteje01,Jerry Grote,38,LAD,NL,2,2,2,0,0,0,0,0,0,0,0,0,1,.000,.000,.000,.000,-100,0,1,0,0,0,0,/2
1981,grubbjo01,Johnny Grubb,32,TEX,AL,67,226,199,26,46,9,1,3,26,0,3,23,25,.231,.316,.332,.647,92,66,6,2,1,1,0,9/7
1981,guerrpe01,Pedro Guerrero,25,LAD,NL,98,387,347,46,104,17,2,12,48,5,9,34,57,.300,.365,.464,.829,138,161,12,2,3,1,3,*95/83
1981,guldebr01,Brad Gulden,25,SEA,AL,8,16,16,0,3,2,0,0,1,0,0,0,2,.188,.188,.313,.500,40,5,0,0,0,0,0,/2
1981,gullibi01,Bill Gullickson,22,MON,NL,22,53,46,1,7,1,0,0,1,0,0,3,13,.152,.204,.174,.378,8,8,1,0,4,0,0,1
1981,gwosddo01,Doug Gwosdz,21,SDP,NL,16,30,24,1,4,2,0,0,3,0,0,3,6,.167,.241,.250,.491,44,6,0,0,1,2,2,2
1981,hairsje01,Jerry Hairston,29,CHW,AL,9,29,25,5,7,1,0,1,6,0,0,2,4,.280,.345,.440,.785,129,11,0,1,0,1,0,/789
1981,hallal02,Albert Hall,23,ATL,NL,6,3,2,1,0,0,0,0,0,0,0,1,1,.000,.333,.000,.333,1,0,0,0,0,0,0,/79
1981,hallme01,Mel Hall,20,CHC,NL,10,12,11,1,1,0,0,1,2,0,0,1,4,.091,.167,.364,.530,45,4,0,0,0,0,0,/87
1981,hancoga01,Garry Hancock,27,BOS,AL,26,47,45,4,7,3,0,0,3,0,0,2,4,.156,.191,.222,.414,16,10,2,0,0,0,1,/8D9
1981,hannapr01,Preston Hanna,26,ATL,NL,20,5,4,0,1,0,0,0,0,0,0,1,0,.250,.400,.250,.650,86,1,0,0,0,0,0,1
1981,hargeal01,Alan Hargesheimer,26,SFG,NL,6,6,5,0,1,0,0,0,1,0,0,0,2,.200,.200,.200,.400,15,1,0,0,1,0,0,/1
1981,hargrmi01,Mike Hargrove,31,CLE,AL,94,398,322,43,102,21,0,2,49,5,4,60,16,.317,.424,.401,.824,141,129,14,5,4,7,5,*3/D
1981,harlola01,Larry Harlow,29,CAL,AL,43,100,82,13,17,1,0,0,4,1,1,16,25,.207,.337,.220,.556,65,18,3,0,2,0,0,79/8
1981,harpebr01,Brian Harper,21,CAL,AL,4,12,11,1,3,0,0,0,1,1,0,0,0,.273,.250,.273,.523,52,3,0,0,0,1,0,/D79
1981,harpete01,Terry Harper,25,ATL,NL,40,85,73,9,19,1,0,2,8,5,1,11,17,.260,.353,.356,.709,100,26,2,0,0,1,0,9/7
1981,harrato01,Toby Harrah,32,CLE,AL,103,427,361,64,105,12,4,5,44,12,1,57,44,.291,.382,.388,.770,124,140,5,1,0,8,8,*5/6D
1981,harrigr01,Greg Harris,25,NYM,NL,17,22,22,1,4,1,0,0,0,0,0,0,13,.182,.182,.227,.409,17,5,0,0,0,0,0,1
1981,harrijo04,John Harris,26,CAL,AL,36,80,77,5,19,3,0,3,9,0,0,3,11,.247,.275,.403,.678,95,31,4,0,0,0,0,37/D
1981,hassero01,Ron Hassey,28,CLE,AL,61,215,190,8,44,4,0,1,25,0,1,17,11,.232,.297,.268,.566,65,51,5,2,3,3,0,2/3D
1981,hatchmi01,Mickey Hatcher,26,MIN,AL,99,402,377,36,96,23,2,3,37,3,1,15,29,.255,.285,.350,.635,78,132,10,2,5,3,2,*8/375D
1981,hausmto01,Tom Hausman,28,NYM,NL,20,3,2,0,0,0,0,0,0,0,0,1,1,.000,.333,.000,.333,2,0,0,0,0,0,0,1
1981,hayesbi01,Bill Hayes,23,CHC,NL,1,0,0,0,0,0,0,0,0,0,0,0,0,,,,,,0,0,0,0,0,0,/2
1981,hayesvo01,Von Hayes,22,CLE,AL,43,131,109,21,28,8,2,1,17,8,1,14,10,.257,.346,.394,.741,115,43,2,2,4,2,1,D7/59
1981,heathmi02,Mike Heath,26,OAK,AL,84,321,301,26,71,7,1,8,30,3,3,13,36,.236,.269,.346,.615,81,104,9,1,5,1,1,*2/79
1981,hebneri01,Richie Hebner,33,DET,AL,78,258,226,19,51,8,2,5,28,1,2,27,28,.226,.311,.345,.656,87,78,5,2,1,2,5,3D
1981,heepda01,Danny Heep,23,HOU,NL,33,106,96,6,24,3,0,0,11,0,0,10,11,.250,.321,.281,.602,76,27,3,0,0,0,2,3/9
1981,hendeda01,Dave Henderson,22,SEA,AL,59,145,126,17,21,3,0,6,13,2,1,16,24,.167,.264,.333,.597,69,42,4,1,1,1,1,89/7
1981,henderi01,Rickey Henderson,22,OAK,AL,108,493,423,89,135,18,7,6,35,56,22,64,68,.319,.408,.437,.845,151,185,7,2,0,4,4,*7
1981,hendest01,Steve Henderson,28,CHC,NL,82,337,287,32,84,9,5,5,35,5,7,42,61,.293,.382,.411,.793,122,118,7,2,2,4,7,*7
1981,hendrge01,George Hendrick,31,STL,NL,101,441,394,67,112,19,3,18,61,4,2,41,44,.284,.356,.485,.841,134,191,10,4,0,2,7,*98
1981,hernake01,Keith Hernandez,27,STL,NL,103,444,376,65,115,27,4,8,48,12,5,61,45,.306,.401,.463,.864,142,174,9,2,0,5,6,*3/7
1981,hernawi01,Willie Hernandez,26,CHC,NL,13,0,0,0,0,0,0,0,0,0,0,0,0,,,,,,0,0,0,0,0,0,1
1981,herndla01,Larry Herndon,27,SFG,NL,96,391,364,48,105,15,8,5,41,15,6,20,55,.288,.325,.415,.740,111,151,12,1,3,3,2,*79/8
1981,herrto01,Tom Herr,25,STL,NL,103,463,411,50,110,14,9,0,46,23,7,39,30,.268,.329,.345,.674,90,142,9,1,6,5,3,*4
1981,hillma01,Marc Hill,29,CHW,AL,16,6,6,0,0,0,0,0,0,0,0,0,1,.000,.000,.000,.000,-100,0,0,0,0,0,0,2/35
1981,hislela01,Larry Hisle,34,MIL,AL,27,97,87,11,20,4,0,4,11,0,0,6,17,.230,.289,.414,.702,106,36,1,2,0,2,0,D
1981,hobsobu01,Butch Hobson,29,CAL,AL,85,310,268,27,63,7,4,4,36,1,1,35,60,.235,.321,.336,.657,91,90,4,1,2,4,0,*5/D
1981,hodgero01,Ron Hodges,32,NYM,NL,35,48,43,5,13,2,0,1,6,1,0,5,8,.302,.375,.419,.794,128,18,0,0,0,0,2,/2
1981,hoffmgl01,Glenn Hoffman,22,BOS,AL,78,261,242,28,56,10,0,1,20,0,1,12,25,.231,.271,.285,.556,57,69,7,1,6,0,0,*6/5
1981,hollaal01,Al Holland,28,SFG,NL,47,22,16,1,1,0,0,0,1,1,0,1,8,.063,.118,.063,.180,-47,1,0,0,5,0,0,1
1981,hootobu01,Burt Hooton,31,LAD,NL,23,53,42,3,8,3,0,0,3,0,0,4,13,.190,.261,.262,.523,51,11,0,0,7,0,0,1
1981,hornebo01,Bob Horner,23,ATL,NL,79,336,300,42,83,10,0,15,42,2,3,32,39,.277,.345,.460,.805,125,138,6,1,0,3,3,*5
1981,hosleti01,Tim Hosley,34,OAK,AL,18,23,21,2,2,0,0,1,5,0,0,2,5,.095,.174,.238,.412,21,5,0,0,0,0,0,/D3
1981,hosteda01,Dave Hostetler,25,MON,NL,5,6,6,1,3,0,0,1,1,0,0,0,2,.500,.500,1.000,1.500,317,6,0,0,0,0,0,/3
1981,housepa02,Paul Householder,22,CIN,NL,23,79,69,12,19,4,0,2,9,3,1,10,16,.275,.367,.420,.787,122,29,2,0,0,0,0,9/87
1981,howarmi01,Mike Howard,23,NYM,NL,14,30,24,4,4,1,0,0,3,2,0,4,6,.167,.276,.208,.484,41,5,0,0,0,1,0,/978
1981,howear01,Art Howe,34,HOU,NL,103,406,361,43,107,22,4,3,36,1,3,41,23,.296,.365,.404,.770,124,146,8,0,1,3,7,*5/3
1981,howest01,Steve Howe,23,LAD,NL,41,2,1,0,0,0,0,0,0,0,0,1,1,.000,.500,.000,.500,54,0,0,0,0,0,0,1
1981,howelja01,Jay Howell,25,CHC,NL,10,5,2,2,0,0,0,0,0,0,0,1,0,.000,.333,.000,.333,0,0,0,0,2,0,0,1
1981,howelro02,Roy Howell,27,MIL,AL,76,273,244,37,58,13,1,6,33,0,0,23,39,.238,.306,.373,.679,100,91,6,2,2,2,4,5D/39
1981,hraboal01,Al Hrabosky,31,ATL,NL,24,1,1,0,0,0,0,0,0,0,0,0,1,.000,.000,.000,.000,-100,0,0,0,0,0,0,1
1981,hrbekke01,Kent Hrbek,21,MIN,AL,24,73,67,5,16,5,0,1,7,0,0,5,9,.239,.301,.358,.660,85,24,0,1,0,0,1,3/D
1981,hubbagl01,Glenn Hubbard,23,ATL,NL,99,400,361,39,85,13,5,6,33,4,2,33,59,.235,.302,.349,.651,83,126,7,2,3,1,2,*4
1981,humeto01,Tom Hume,28,CIN,NL,51,4,4,0,0,0,0,0,0,0,0,0,2,.000,.000,.000,.000,-100,0,0,0,0,0,0,1
1981,hurdlcl01,Clint Hurdle,23,KCR,AL,28,89,76,12,25,3,1,4,15,0,0,13,10,.329,.427,.553,.980,184,42,2,0,0,0,3,9
1981,huttoto01,Tom Hutton,35,MON,NL,31,31,29,1,3,0,0,0,2,0,0,2,1,.103,.161,.103,.265,-24,3,0,0,0,0,0,/379
1981,iorgda01,Dane Iorg,31,STL,NL,75,227,217,23,71,11,2,2,39,2,0,7,9,.327,.344,.424,.768,115,92,7,0,0,3,0,79/35
1981,iorgga01,Garth Iorg,26,TOR,AL,70,225,215,17,52,11,0,0,10,2,3,7,31,.242,.269,.293,.562,59,63,3,1,2,0,1,45/63D
1981,irelati01,Tim Ireland,28,KCR,AL,4,0,0,1,0,0,0,0,0,0,1,0,0,,,,,,0,0,0,0,0,0,/3
1981,iviemi01,Mike Ivie,28,TOT,NL,26,63,59,3,15,5,0,0,9,0,1,2,12,.254,.270,.339,.609,76,20,0,0,0,2,0,3
1981,iviemi01,Mike Ivie,28,SFG,NL,7,18,17,1,5,2,0,0,3,0,0,0,1,.294,.278,.412,.690,96,7,0,0,0,1,0,/3
1981,iviemi01,Mike Ivie,28,HOU,NL,19,45,42,2,10,3,0,0,6,0,1,2,11,.238,.267,.310,.576,67,13,0,0,0,1,0,3
1981,jacksgr01,Grant Jackson,38,TOT,NL,45,2,2,0,0,0,0,0,0,0,0,0,1,.000,.000,.000,.000,-100,0,0,0,0,0,0,1
1981,jacksgr01,Grant Jackson,38,PIT,NL,35,2,2,0,0,0,0,0,0,0,0,0,1,.000,.000,.000,.000,-100,0,0,0,0,0,0,1
1981,jacksgr01,Grant Jackson,38,MON,NL,10,0,0,0,0,0,0,0,0,0,0,0,0,,,,,,0,0,0,0,0,0,1
1981,jacksre01,Reggie Jackson,35,NYY,AL,94,382,334,33,79,17,1,15,54,0,3,46,82,.237,.330,.428,.758,120,143,8,1,0,1,2,9D
1981,jacksro02,Ron Jackson,28,TOT,AL,85,295,270,29,73,17,1,5,40,6,3,18,26,.270,.316,.396,.712,101,107,3,1,4,2,0,3/D759
1981,jacksro02,Ron Jackson,28,MIN,AL,54,191,175,17,46,9,0,4,28,2,2,10,15,.263,.305,.383,.688,93,67,3,1,4,1,0,3/D759
1981,jacksro02,Ron Jackson,28,DET,AL,31,104,95,12,27,8,1,1,12,4,1,8,11,.284,.337,.421,.758,115,40,0,0,0,1,0,3
1981,jacobbr01,Brook Jacoby,21,ATL,NL,11,10,10,0,2,0,0,0,1,0,0,0,3,.200,.200,.200,.400,13,2,1,0,0,0,0,/5
1981,johnsbo04,Bob Johnson,21,TEX,AL,6,19,18,2,5,0,0,2,4,0,0,1,3,.278,.316,.611,.927,170,11,1,0,0,0,0,/23
1981,johnscl01,Cliff Johnson,33,OAK,AL,84,310,273,40,71,8,0,17,59,5,3,28,60,.260,.329,.476,.805,137,130,3,3,0,6,2,D/3
1981,johnsla02,Lamar Johnson,30,CHW,AL,41,142,134,10,37,7,0,1,15,0,2,5,14,.276,.298,.351,.649,89,47,5,0,1,2,1,3/D
1981,johnsto03,Tony Johnson,25,MON,NL,2,1,1,0,0,0,0,0,0,0,0,0,0,.000,.000,.000,.000,-100,0,0,0,0,0,0,/7
1981,johnswa03,Wallace Johnson,24,MON,NL,11,10,9,1,2,0,1,0,3,1,1,1,1,.222,.300,.444,.744,109,4,1,0,0,0,1,/4
1981,johnsgr01,Greg Johnston,26,MIN,AL,7,18,16,2,2,0,0,0,0,0,0,2,5,.125,.222,.125,.347,0,2,0,0,0,0,0,/8
1981,johnsja01,Jay Johnstone,35,LAD,NL,61,90,83,8,17,3,0,3,6,0,1,7,13,.205,.267,.349,.616,76,29,3,0,0,0,0,/793
1981,jonesbo02,Bob Jones,31,TEX,AL,10,35,34,4,9,1,0,3,7,0,1,1,7,.265,.286,.559,.845,146,19,0,0,0,0,0,/97
1981,jonesly01,Lynn Jones,28,DET,AL,71,197,174,19,45,5,0,2,19,1,2,18,10,.259,.328,.322,.650,86,56,6,1,2,2,1,9/7D
1981,jonesod01,Odell Jones,28,PIT,NL,13,13,10,0,2,0,0,0,0,0,0,0,3,.200,.200,.200,.400,12,2,0,0,3,0,0,1
1981,jonesra01,Randy Jones,31,NYM,NL,13,18,17,0,2,0,0,0,0,0,0,0,9,.118,.118,.118,.235,-32,2,0,0,1,0,0,1
1981,jonesru01,Ruppert Jones,26,SDP,NL,105,451,397,53,99,34,1,4,39,7,9,43,66,.249,.318,.370,.688,101,147,7,0,4,7,2,*8
1981,jorgemi01,Mike Jorgensen,32,NYM,NL,86,139,122,8,25,5,2,3,15,4,0,12,24,.205,.270,.352,.623,78,43,2,0,2,3,1,39/7
1981,kaatji01,Jim Kaat,42,STL,NL,41,9,8,2,3,1,0,0,2,0,0,1,0,.375,.444,.500,.944,165,4,0,0,0,0,0,1
1981,kearnbo01,Bob Kearney,24,OAK,AL,1,0,0,0,0,0,0,0,0,0,0,0,0,,,,,,0,0,0,0,0,0,/2
1981,keatlgr01,Greg Keatley,27,KCR,AL,2,0,0,0,0,0,0,0,0,0,0,0,0,,,,,,0,0,0,0,0,0,/2
1981,kellemi02,Mick Kelleher,33,DET,AL,61,93,77,10,17,4,0,0,6,0,0,7,10,.221,.282,.273,.555,59,21,5,0,8,1,0,54/6
1981,kellypa01,Pat Kelly,36,CLE,AL,48,90,75,8,16,4,0,1,16,2,4,14,9,.213,.333,.307,.640,87,23,4,0,0,1,2,D/97
1981,kempst01,Steve Kemp,26,DET,AL,105,447,372,52,103,18,4,9,49,9,3,70,48,.277,.389,.419,.809,131,156,13,1,0,4,5,*7D
1981,kenneju01,Junior Kennedy,30,CIN,NL,27,47,44,5,11,1,0,0,5,0,0,1,5,.250,.255,.273,.528,49,12,0,0,0,2,0,4/5
1981,kennete02,Terry Kennedy,25,SDP,NL,101,412,382,32,115,24,1,2,41,0,2,22,53,.301,.341,.385,.726,112,147,7,2,4,2,6,*2
1981,kingmda01,Dave Kingman,32,NYM,NL,100,412,353,40,78,11,3,22,59,6,0,55,105,.221,.326,.456,.782,123,161,9,1,1,2,7,37
1981,kluttmi01,Mickey Klutts,26,OAK,AL,15,48,46,9,17,0,0,5,11,0,0,2,9,.370,.396,.696,1.091,218,32,0,0,0,0,1,5
1981,kneppbo01,Bob Knepper,27,HOU,NL,22,53,47,3,7,2,0,1,3,0,0,0,15,.149,.167,.255,.422,21,12,0,1,5,0,0,1
1981,kniceal01,Alan Knicely,26,HOU,NL,3,7,7,2,4,0,0,2,2,0,0,0,1,.571,.571,1.429,2.000,466,10,0,0,0,0,0,/27
1981,knighra01,Ray Knight,28,CIN,NL,106,429,386,43,100,23,1,6,34,2,4,33,51,.259,.322,.370,.692,95,143,18,4,3,3,3,*5
1981,kraveke01,Ken Kravec,29,CHC,NL,25,21,15,1,0,0,0,0,0,0,0,2,8,.000,.118,.000,.118,-65,0,0,0,4,0,0,1
1981,krencwa01,Wayne Krenchicki,26,BAL,AL,33,60,56,7,12,4,0,0,6,0,0,4,9,.214,.267,.286,.552,60,16,1,0,0,0,0,6/45D
1981,krugge01,Gene Krug,26,CHC,NL,7,6,5,0,2,0,0,0,0,0,0,1,1,.400,.500,.400,.900,155,2,0,0,0,0,0,
1981,krukomi01,Mike Krukow,29,CHC,NL,25,56,50,5,9,2,0,0,3,0,0,0,13,.180,.180,.220,.400,12,11,2,0,6,0,0,1
1981,kuhaufr01,Fred Kuhaulua,28,SDP,NL,5,10,9,0,1,0,0,0,1,0,0,0,5,.111,.111,.111,.222,-35,1,0,0,1,0,0,/1
1981,kuipedu01,Duane Kuiper,31,CLE,AL,72,219,206,15,53,6,0,0,14,1,1,8,13,.257,.284,.286,.570,66,59,1,0,4,1,2,*4
1981,kuntzru01,Rusty Kuntz,26,CHW,AL,67,63,55,15,14,2,0,0,4,1,0,6,8,.255,.339,.291,.630,86,16,1,1,1,0,0,789D
1981,lacorfr01,Frank LaCorte,29,HOU,NL,37,3,3,0,1,0,0,0,0,0,0,0,0,.333,.333,.333,.667,95,1,0,0,0,0,0,1
1981,lacosmi01,Mike LaCoss,25,CIN,NL,20,26,19,0,0,0,0,0,0,0,0,0,8,.000,.000,.000,.000,-100,0,0,0,7,0,0,1
1981,lacyle01,Lee Lacy,33,PIT,NL,78,226,213,31,57,11,4,2,10,24,3,11,29,.268,.307,.385,.692,93,82,1,1,1,0,2,79/58
1981,landera01,Rafael Landestoy,28,TOT,NL,47,106,85,8,13,1,1,0,5,5,1,17,9,.153,.294,.188,.482,42,16,6,0,4,0,4,4
1981,landera01,Rafael Landestoy,28,HOU,NL,35,94,74,6,11,1,1,0,4,4,1,16,9,.149,.300,.189,.489,45,14,4,0,4,0,4,4
1981,landera01,Rafael Landestoy,28,CIN,NL,12,12,11,2,2,0,0,0,1,1,0,1,0,.182,.250,.182,.432,24,2,2,0,0,0,0,/4
1981,landrke01,Ken Landreaux,26,LAD,NL,99,421,390,48,98,16,4,7,41,18,4,25,42,.251,.297,.367,.664,91,143,6,1,3,1,3,*8
1981,landrti01,Tito Landrum,26,STL,NL,81,133,119,13,31,5,4,0,10,4,2,6,14,.261,.297,.370,.667,86,44,2,1,5,2,0,79/8
1981,lansfca01,Carney Lansford,24,BOS,AL,102,438,399,61,134,23,3,4,52,15,10,34,28,.336,.389,.439,.828,133,175,6,2,1,2,3,*5D
1981,lapoida01,Dave LaPoint,21,STL,NL,3,5,5,0,0,0,0,0,0,0,0,0,3,.000,.000,.000,.000,-100,0,0,0,0,0,0,/1
1981,larsoda01,Dan Larson,26,PHI,NL,5,12,9,2,1,0,0,0,0,0,0,2,0,.111,.273,.111,.384,10,1,0,0,1,0,0,/1
1981,laudnti01,Tim Laudner,23,MIN,AL,14,47,43,4,7,2,0,2,5,0,0,3,17,.163,.234,.349,.583,63,15,0,1,0,0,1,2/D
1981,lavelga01,Gary Lavelle,32,SFG,NL,34,14,11,1,3,1,0,0,1,0,1,1,3,.273,.333,.364,.697,100,4,1,0,2,0,0,1
1981,lawva01,Vance Law,24,PIT,NL,30,71,67,1,9,0,1,0,3,1,1,2,15,.134,.157,.164,.321,-10,11,2,0,1,1,0,4/65
1981,leach01,Charlie Lea,24,MON,NL,16,20,15,1,2,0,0,0,0,0,0,1,7,.133,.188,.133,.321,-8,2,0,0,4,0,0,1
1981,leachri01,Rick Leach,24,DET,AL,54,101,83,9,16,3,1,1,11,0,1,16,15,.193,.320,.289,.609,75,24,5,0,1,1,1,39/D
1981,leachte01,Terry Leach,27,NYM,NL,21,3,1,1,0,0,0,0,0,0,0,2,0,.000,.667,.000,.667,105,0,0,0,0,0,0,1
1981,leallu01,Luis Leal,24,TOR,AL,1,0,0,0,0,0,0,0,0,0,0,0,0,,,,,,0,0,0,0,0,0,1
1981,learyti01,Tim Leary,22,NYM,NL,1,1,1,0,0,0,0,0,0,0,0,0,0,.000,.000,.000,.000,-100,0,0,0,0,0,0,/1
1981,leebi03,Bill Lee,34,MON,NL,31,22,22,1,8,0,0,1,2,0,0,0,4,.364,.364,.500,.864,143,11,0,0,0,0,0,1
1981,leema01,Mark Lee,28,PIT,NL,12,2,2,0,1,0,0,0,0,0,0,0,1,.500,.500,.500,1.000,181,1,0,0,0,0,0,1
1981,lefebjo01,Joe Lefebvre,25,SDP,NL,86,286,246,31,63,13,4,8,31,6,4,35,33,.256,.352,.439,.791,130,108,12,2,2,1,7,*9/8
1981,lefloro01,Ron LeFlore,33,CHW,AL,82,369,337,46,83,10,4,0,24,36,11,28,70,.246,.304,.300,.604,78,101,9,1,1,2,0,*7/8
1981,leibrch01,Charlie Leibrandt,24,CIN,NL,7,10,8,0,0,0,0,0,0,0,0,2,4,.000,.200,.000,.200,-39,0,0,0,0,0,0,/1
1981,lemasjo01,Johnnie LeMaster,27,SFG,NL,104,354,324,27,82,9,1,0,28,3,7,24,46,.253,.306,.287,.593,71,93,9,1,4,1,7,*6
1981,lemonch01,Chet Lemon,26,CHW,AL,94,383,328,50,99,23,6,9,50,5,8,33,48,.302,.384,.491,.874,155,161,10,13,5,4,0,*8
1981,leonaje01,Jeffrey Leonard,25,TOT,NL,44,160,145,21,42,12,4,4,29,5,2,12,25,.290,.346,.510,.856,144,74,5,1,1,1,3,8/739
1981,leonaje01,Jeffrey Leonard,25,HOU,NL,7,19,18,1,3,1,1,0,3,1,0,0,4,.167,.158,.333,.491,40,6,0,0,0,1,0,/39
1981,leonaje01,Jeffrey Leonard,25,SFG,NL,37,141,127,20,39,11,3,4,26,4,2,12,21,.307,.371,.535,.907,158,68,5,1,1,0,3,8/739
1981,lezcaca01,Carlos Lezcano,25,CHC,NL,7,14,14,1,1,0,0,0,2,0,0,0,4,.071,.071,.071,.143,-60,1,0,0,0,0,0,/97
1981,lezcasi01,Sixto Lezcano,27,STL,NL,72,258,214,26,57,8,2,5,28,0,1,40,40,.266,.376,.393,.768,116,84,8,0,0,4,2,79
1981,lickejo01,John Lickert,21,BOS,AL,1,0,0,0,0,0,0,0,0,0,0,0,0,,,,,,0,0,0,0,0,0,/2
1981,linarru01,Rufino Linares,30,ATL,NL,78,265,253,27,67,9,2,5,25,8,4,9,28,.265,.289,.375,.664,86,95,12,0,2,1,2,7
1981,lisiri01,Rick Lisi,25,TEX,AL,9,20,16,6,5,0,0,0,1,0,1,4,0,.313,.450,.313,.763,130,5,0,0,0,0,0,/98
1981,littema01,Mark Littell,28,STL,NL,28,8,8,0,2,0,0,0,2,0,0,0,2,.250,.250,.250,.500,41,2,0,0,0,0,0,1
1981,littljo01,John Littlefield,27,SDP,NL,42,2,1,0,0,0,0,0,0,0,0,0,0,.000,.000,.000,.000,-100,0,0,0,1,0,0,1
1981,littlla01,Larry Littleton,27,CLE,AL,26,27,23,2,0,0,0,0,1,0,0,3,6,.000,.111,.000,.111,-65,0,2,0,0,1,0,7/89
1981,lollati01,Tim Lollar,25,SDP,NL,24,20,18,2,3,0,0,1,1,0,0,2,5,.167,.250,.333,.583,69,6,0,0,0,0,0,1
1981,longbo01,Bob Long,26,PIT,NL,5,6,4,1,0,0,0,0,0,0,0,1,2,.000,.200,.000,.200,-40,0,0,0,1,0,0,/1
1981,lopesda01,Davey Lopes,36,LAD,NL,58,243,214,35,44,2,0,5,17,20,2,22,35,.206,.289,.285,.574,66,61,7,3,4,0,1,4
1981,loucksc01,Scott Loucks,24,HOU,NL,10,8,7,2,4,0,0,0,0,1,0,1,3,.571,.625,.571,1.196,250,4,0,0,0,0,0,/8
1981,lovigja01,Jay Loviglio,25,CHW,AL,14,16,15,5,4,0,0,0,2,2,2,1,1,.267,.313,.267,.579,71,4,2,0,0,0,0,/D54
1981,lowenjo01,John Lowenstein,34,BAL,AL,83,213,189,19,47,7,0,6,20,7,6,22,32,.249,.329,.381,.710,105,72,8,1,0,1,1,*7/9D
1981,lubrast01,Steve Lubratich,26,CAL,AL,7,21,21,2,3,1,0,0,1,1,0,0,2,.143,.143,.190,.333,-4,4,1,0,0,0,0,/5
1981,lucasga01,Gary Lucas,26,SDP,NL,57,12,10,1,1,0,0,0,1,0,0,0,2,.100,.100,.100,.200,-41,1,0,0,2,0,0,1
1981,lummi01,Mike Lum,35,TOT,NL,51,78,69,6,15,1,0,2,7,0,0,7,7,.217,.295,.319,.614,72,22,1,1,0,1,3,7/93
1981,lummi01,Mike Lum,35,ATL,NL,10,13,11,1,1,0,0,0,0,0,0,2,2,.091,.231,.091,.322,-7,1,0,0,0,0,1,/7
1981,lummi01,Mike Lum,35,CHC,NL,41,65,58,5,14,1,0,2,7,0,0,5,5,.241,.308,.362,.670,87,21,1,1,0,1,2,7/93
1981,luzingr01,Greg Luzinski,30,CHW,AL,104,441,378,55,100,15,1,21,62,0,0,58,80,.265,.365,.476,.841,145,180,10,3,0,2,1,*D
1981,lylesp01,Sparky Lyle,36,PHI,NL,48,7,5,2,2,0,0,0,0,1,0,1,1,.400,.500,.400,.900,154,2,0,0,1,0,0,1
1981,lynched01,Ed Lynch,25,NYM,NL,17,28,21,0,3,1,0,0,1,0,0,4,10,.143,.269,.190,.460,34,4,0,0,2,1,0,1
1981,lynnfr01,Fred Lynn,29,CAL,AL,76,302,256,28,56,8,1,5,31,1,2,38,42,.219,.322,.316,.639,86,81,7,3,1,4,4,*8
1981,machake01,Ken Macha,30,TOR,AL,37,94,85,4,17,2,0,0,6,1,1,8,15,.200,.266,.224,.489,39,19,2,0,0,1,0,53/D2
1981,mackape01,Pete Mackanin,29,MIN,AL,77,237,225,21,52,7,1,4,18,1,2,7,40,.231,.256,.324,.581,63,73,4,1,3,1,2,463/D5
1981,maddoga01,Garry Maddox,31,PHI,NL,94,350,323,37,85,7,1,5,40,9,4,17,42,.263,.295,.337,.633,76,109,6,1,1,8,1,*8
1981,madlobi01,Bill Madlock,30,PIT,NL,82,320,279,35,95,23,1,6,45,18,6,34,17,.341,.413,.495,.907,153,138,5,3,0,4,7,*5
1981,mahleri01,Rick Mahler,27,ATL,NL,34,29,27,0,4,1,0,0,2,0,1,0,4,.148,.148,.185,.333,-7,5,0,0,2,0,0,1
1981,maldoca01,Candy Maldonado,20,LAD,NL,11,12,12,0,1,0,0,0,0,0,0,0,5,.083,.083,.083,.167,-52,1,0,0,0,0,0,/97
1981,malerji01,Jim Maler,22,SEA,AL,12,26,23,1,8,1,0,0,2,1,0,2,1,.348,.423,.391,.814,133,9,0,1,0,0,0,/3D
1981,manniri01,Rick Manning,26,CLE,AL,103,404,360,47,88,15,3,4,33,25,3,40,57,.244,.318,.336,.655,90,121,4,0,2,2,2,*8
1981,manrifr01,Fred Manrique,19,TOR,AL,14,29,28,1,4,0,0,0,1,0,1,0,12,.143,.172,.143,.315,-10,4,0,1,0,0,0,6/5D
1981,manueje01,Jerry Manuel,27,MON,NL,27,63,55,10,11,5,0,3,10,0,0,6,11,.200,.270,.455,.724,102,25,1,0,0,2,1,4/6
1981,marshmi01,Mike Marshall,38,NYM,NL,20,1,0,0,0,0,0,0,0,0,0,1,0,,1.000,,,,0,0,0,0,0,0,1
1981,marshmi02,Mike Marshall,21,LAD,NL,14,27,25,2,5,3,0,0,1,0,0,1,4,.200,.259,.320,.579,66,8,1,1,0,0,0,/3579
1981,martije01,Jerry Martin,32,SFG,NL,72,267,241,23,58,5,3,4,25,6,2,21,52,.241,.308,.336,.644,85,81,9,3,1,1,2,8/7
1981,martijo05,John Martin,25,STL,NL,18,42,33,2,7,2,1,0,8,0,0,2,14,.212,.257,.333,.590,65,11,0,0,7,0,0,1
1981,martibu01,Buck Martinez,32,TOR,AL,45,146,128,13,29,8,1,4,21,1,0,11,16,.227,.287,.398,.685,92,51,6,1,3,3,0,2
1981,martisi01,Silvio Martinez,25,STL,NL,18,37,35,1,7,2,0,0,2,0,0,1,12,.200,.222,.257,.479,34,9,0,0,1,0,0,1
1981,martzra01,Randy Martz,25,CHC,NL,34,33,28,0,6,0,0,0,2,0,0,3,13,.214,.290,.214,.505,43,6,1,0,2,0,0,1
1981,matthga01,Gary Matthews,30,PHI,NL,101,428,359,62,108,21,3,9,67,15,2,59,42,.301,.398,.451,.849,136,162,8,3,1,6,2,*7
1981,matulri01,Rick Matula,27,ATL,NL,5,1,1,0,0,0,0,0,0,0,0,0,0,.000,.000,.000,.000,-100,0,0,0,0,0,0,/1
1981,matusle01,Len Matuszek,26,PHI,NL,13,14,11,1,3,1,0,0,1,0,1,3,1,.273,.429,.364,.792,123,4,0,0,0,0,1,/35
1981,mayle01,Lee May,38,KCR,AL,26,58,55,3,16,3,0,0,8,0,1,3,14,.291,.328,.345,.673,97,19,2,0,0,0,0,/3D
1981,maymi01,Milt May,30,SFG,NL,97,354,316,20,98,17,0,2,33,1,4,34,29,.310,.376,.383,.759,118,121,7,0,3,1,10,*2
1981,maybejo01,John Mayberry,32,TOR,AL,94,344,290,34,72,6,1,17,43,1,1,44,45,.248,.360,.452,.812,128,131,7,8,0,2,4,*3D
1981,mazzile01,Lee Mazzilli,26,NYM,NL,95,376,324,36,74,14,5,6,34,17,7,46,53,.228,.324,.358,.682,96,116,5,2,0,4,3,*78
1981,mcbriba01,Bake McBride,32,PHI,NL,58,235,221,26,60,17,1,2,21,5,0,11,25,.271,.303,.385,.688,91,85,6,0,1,2,1,9
1981,mccordo01,Don McCormack,25,PHI,NL,3,4,4,0,1,0,0,0,0,0,0,0,1,.250,.250,.250,.500,40,1,1,0,0,0,0,/2
1981,mcgloly01,Lynn McGlothen,31,TOT,MLB,20,12,12,1,1,1,0,0,0,0,0,0,3,.083,.083,.167,.250,-31,2,0,0,0,0,0,1
1981,mcgloly01,Lynn McGlothen,31,CHC,NL,20,12,12,1,1,1,0,0,0,0,0,0,3,.083,.083,.167,.250,-31,2,0,0,0,0,0,1
1981,mcgratu01,Tug McGraw,36,PHI,NL,34,2,1,0,0,0,0,0,0,0,0,0,0,.000,.000,.000,.000,-100,0,0,0,1,0,0,1
1981,mchenva01,Vance McHenry,24,SEA,AL,15,21,18,3,4,0,0,0,2,0,0,1,1,.222,.263,.222,.485,39,4,1,0,2,0,0,6/D
1981,mckayda01,Dave McKay,31,OAK,AL,79,249,224,25,59,11,1,4,21,4,1,16,43,.263,.313,.375,.688,104,84,4,2,3,4,0,54/6
1981,mclaujo01,Joey McLaughlin,24,TOR,AL,1,0,0,0,0,0,0,0,0,0,0,0,0,,,,,,0,0,0,0,0,0,1
1981,mcraeha01,Hal McRae,35,KCR,AL,101,433,389,38,106,23,2,7,36,3,4,34,33,.272,.330,.396,.726,111,154,11,2,3,5,3,*D/79
1981,mcwilla01,Larry McWilliams,27,ATL,NL,6,12,10,0,1,0,0,0,0,0,0,1,7,.100,.182,.100,.282,-19,1,0,0,1,0,0,/1
1981,mejiasa01,Sam Mejias,29,CIN,NL,66,56,49,6,14,2,0,0,7,1,0,2,9,.286,.302,.327,.628,77,16,1,0,3,2,1,98
1981,mendoma01,Mario Mendoza,30,TEX,AL,88,254,229,18,53,6,1,0,22,2,1,7,25,.231,.254,.266,.521,55,61,9,1,14,3,0,*6
1981,meyerda01,Dan Meyer,28,SEA,AL,83,266,252,26,66,10,1,3,22,4,3,10,16,.262,.291,.345,.636,80,87,6,1,1,2,1,57/D38
1981,milbola01,Larry Milbourne,30,NYY,AL,61,177,163,24,51,7,2,1,12,2,0,9,14,.313,.351,.399,.749,118,65,3,1,3,1,2,64/5D
1981,milledy01,Dyar Miller,35,NYM,NL,23,3,3,0,1,0,0,0,0,0,0,0,0,.333,.333,.333,.667,92,1,0,0,0,0,0,1
1981,milleed04,Eddie Miller,24,ATL,NL,50,146,134,29,31,3,1,0,7,23,5,7,29,.231,.285,.269,.553,56,36,1,3,2,0,1,7/98
1981,milleri01,Rick Miller,33,BOS,AL,97,351,316,38,92,17,2,2,33,3,5,28,36,.291,.349,.377,.725,105,119,7,1,4,2,1,*8
1981,millsbr01,Brad Mills,24,MON,NL,17,23,21,3,5,1,0,0,1,0,0,2,1,.238,.304,.286,.590,68,6,1,0,0,0,1,/54
1981,milneed01,Eddie Milner,26,CIN,NL,8,6,5,0,1,1,0,0,1,0,0,1,1,.200,.333,.400,.733,106,2,0,0,0,0,0,/79
1981,milnejo01,John Milner,31,TOT,NL,65,154,135,12,32,6,0,5,18,0,1,17,9,.237,.320,.393,.713,100,53,3,0,1,1,2,3/7
1981,milnejo01,John Milner,31,PIT,NL,34,66,59,6,14,1,0,2,9,0,0,5,3,.237,.292,.356,.648,81,21,2,0,1,1,0,/37
1981,milnejo01,John Milner,31,MON,NL,31,88,76,6,18,5,0,3,9,0,1,12,6,.237,.341,.421,.762,115,32,1,0,0,0,2,3
1981,mintogr01,Greg Minton,29,SFG,NL,55,13,12,1,0,0,0,0,0,0,0,0,2,.000,.000,.000,.000,-100,0,1,0,1,0,0,1
1981,mitchbo03,Bobby Mitchell,26,LAD,NL,10,9,8,0,1,0,0,0,0,0,0,1,4,.125,.222,.125,.347,2,1,0,0,0,0,0,/897
1981,moffira01,Randy Moffitt,32,SFG,NL,10,0,0,0,0,0,0,0,0,0,0,0,0,,,,,,0,0,0,0,0,0,1
1981,molinbo01,Bob Molinaro,31,CHW,AL,47,53,42,7,11,1,1,1,9,1,0,8,1,.262,.377,.405,.782,129,17,1,1,0,2,1,/D79
1981,molitpa01,Paul Molitor,24,MIL,AL,64,284,251,45,67,11,0,2,19,10,6,25,29,.267,.341,.335,.675,100,84,3,3,5,0,1,8D/9
1981,mondari01,Rick Monday,35,LAD,NL,66,156,130,24,41,1,2,11,25,1,2,24,42,.315,.423,.608,1.031,194,79,0,1,0,1,3,9/7
1981,moneydo01,Don Money,34,MIL,AL,60,211,185,17,40,7,0,2,14,0,0,19,27,.216,.288,.286,.575,70,53,1,1,3,3,0,5/D3
1981,montawi01,Willie Montanez,33,TOT,NL,55,105,100,8,21,0,1,1,6,0,0,5,11,.210,.248,.260,.508,43,26,6,0,0,0,0,3
1981,montawi01,Willie Montanez,33,MON,NL,26,66,62,6,11,0,1,0,5,0,0,4,9,.177,.227,.210,.437,25,13,5,0,0,0,0,3
1981,montawi01,Willie Montanez,33,PIT,NL,29,39,38,2,10,0,0,1,1,0,0,1,2,.263,.282,.342,.624,74,13,1,0,0,0,0,3
1981,montejo01,John Montefusco,31,ATL,NL,26,15,15,1,1,1,0,0,0,0,0,0,9,.067,.067,.133,.200,-45,2,0,0,0,0,0,1
1981,moorech02,Charlie Moore,28,MIL,AL,48,171,156,16,47,8,3,1,9,1,4,12,13,.301,.351,.410,.761,124,64,4,0,3,0,0,2/D97
1981,mooreke01,Kelvin Moore,23,OAK,AL,14,52,47,5,12,0,1,1,3,1,0,5,15,.255,.327,.362,.689,104,17,1,0,0,0,0,3
1981,moralje01,Jerry Morales,32,CHC,NL,84,272,245,27,70,6,2,1,25,1,1,22,29,.286,.343,.339,.682,92,83,6,1,1,3,0,*87/9
1981,moraljo01,Jose Morales,36,BAL,AL,38,89,86,6,21,3,0,2,14,0,0,3,13,.244,.270,.349,.619,78,30,6,0,0,0,0,D/3
1981,morelke01,Keith Moreland,27,PHI,NL,61,215,196,16,50,7,0,6,37,1,2,15,13,.255,.307,.383,.690,91,75,10,1,0,3,1,2/539
1981,morenjo01,Jose Moreno,23,SDP,NL,34,50,48,5,11,2,0,0,6,4,1,1,8,.229,.245,.271,.516,51,13,2,0,1,0,1,/974
1981,morenom01,Omar Moreno,28,PIT,NL,103,468,434,62,120,18,8,1,35,39,14,26,76,.276,.319,.362,.681,90,157,1,3,1,4,4,*8
1981,morgajo02,Joe Morgan,37,SFG,NL,90,378,308,47,74,16,1,8,31,14,5,66,37,.240,.371,.377,.748,115,116,3,0,1,3,7,*4
1981,morriji01,Jim Morrison,28,CHW,AL,90,315,290,27,68,8,1,10,34,3,2,10,29,.234,.261,.372,.634,84,108,9,2,9,4,0,*5/D4
1981,mosebll01,Lloyd Moseby,21,TOR,AL,100,412,378,36,88,16,2,9,43,11,8,24,86,.233,.278,.357,.635,78,135,4,1,5,4,3,*89
1981,moskapa01,Paul Moskau,27,CIN,NL,27,9,6,0,0,0,0,0,0,0,0,1,3,.000,.143,.000,.143,-57,0,0,0,2,0,0,1
1981,motleda01,Darryl Motley,21,KCR,AL,42,135,125,15,29,4,0,2,8,1,3,7,15,.232,.276,.312,.588,71,39,2,1,1,1,0,9/7
1981,mullira01,Rance Mulliniks,25,KCR,AL,24,46,44,6,10,3,0,0,5,0,1,2,7,.227,.261,.295,.556,62,13,2,0,0,0,0,4/65
1981,mumphje01,Jerry Mumphrey,28,NYY,AL,80,350,319,44,98,11,5,6,32,14,9,24,27,.307,.354,.429,.783,127,137,7,0,5,2,1,*8
1981,murast01,Steve Mura,26,SDP,NL,24,48,44,2,6,1,0,0,4,0,0,2,7,.136,.174,.159,.333,-2,7,1,0,2,0,0,1
1981,murcebo01,Bobby Murcer,35,NYY,AL,50,130,117,14,31,6,0,6,24,0,0,12,15,.265,.331,.470,.801,131,55,3,0,0,1,1,D
1981,murphda05,Dale Murphy,25,ATL,NL,104,416,369,43,91,12,1,13,50,14,5,44,72,.247,.325,.390,.716,100,144,10,0,1,2,8,*8/39
1981,murphdw01,Dwayne Murphy,26,OAK,AL,107,477,390,58,98,10,3,15,60,10,4,73,91,.251,.369,.408,.777,130,159,6,2,8,4,6,*8/D
1981,murraed02,Eddie Murray,25,BAL,AL,99,422,378,57,111,21,2,22,78,2,3,40,43,.294,.360,.534,.895,156,202,10,1,0,3,10,*3
1981,nahorbi01,Bill Nahorodny,27,ATL,NL,14,14,13,0,3,1,0,0,2,0,0,1,3,.231,.286,.308,.593,67,4,0,0,0,0,1,/23
1981,narroje01,Jerry Narron,25,SEA,AL,76,224,203,13,45,5,0,3,17,0,0,16,35,.222,.285,.291,.576,64,59,3,2,3,0,3,2
1981,nettlgr01,Graig Nettles,36,NYY,AL,103,402,349,46,85,7,1,15,46,0,2,47,49,.244,.333,.398,.731,112,139,5,1,2,3,4,*5/D
1981,nettlji01,Jim Nettles,34,OAK,AL,1,1,0,0,0,0,0,0,0,0,0,0,0,,,,,,0,0,0,1,0,0,/9
1981,newmaje01,Jeff Newman,32,OAK,AL,68,229,216,17,50,12,0,3,15,0,2,9,28,.231,.260,.329,.589,74,71,7,0,2,2,1,23
1981,nichore01,Reid Nichols,22,BOS,AL,39,55,48,13,9,0,1,0,3,0,1,2,6,.188,.216,.229,.445,26,11,0,0,4,1,0,8/D579
1981,nicosst01,Steve Nicosia,25,PIT,NL,54,184,169,21,39,10,1,2,18,3,1,13,10,.231,.286,.337,.623,74,57,7,0,2,0,2,2
1981,niedeto01,Tom Niedenfuer,21,LAD,NL,17,0,0,0,0,0,0,0,0,0,0,0,0,,,,,,0,0,0,0,0,0,1
1981,niekrjo01,Joe Niekro,36,HOU,NL,24,64,51,1,9,1,0,0,6,0,0,2,10,.176,.208,.196,.404,18,10,0,0,11,0,0,1
1981,niekrph01,Phil Niekro,42,ATL,NL,22,55,52,1,4,0,0,0,1,0,0,0,11,.077,.077,.077,.154,-57,4,0,0,3,0,0,1
1981,nolanjo01,Joe Nolan,30,CIN,NL,81,264,236,25,73,18,1,1,26,1,2,24,19,.309,.371,.407,.778,120,96,7,1,0,3,6,*2
1981,nolesdi01,Dickie Noles,24,PHI,NL,13,21,19,1,2,0,0,0,1,0,0,0,7,.105,.105,.105,.211,-41,2,1,0,2,0,0,1
1981,nordhwa01,Wayne Nordhagen,32,CHW,AL,65,222,208,19,64,8,1,6,33,0,1,10,25,.308,.338,.442,.780,127,92,8,1,0,3,0,97/D
1981,normane01,Nelson Norman,23,TEX,AL,7,15,13,1,3,1,0,0,2,0,0,1,2,.231,.267,.308,.574,70,4,0,0,0,1,0,/6
1981,northbi01,Bill North,33,SFG,NL,46,161,131,22,29,7,0,1,12,26,8,26,28,.221,.354,.298,.652,89,39,1,1,3,0,0,8
1981,o'bermi01,Mike O'Berry,27,CIN,NL,55,128,111,6,20,3,1,1,5,0,0,14,19,.180,.272,.252,.524,49,28,3,0,3,0,0,2
1981,oatesjo01,Johnny Oates,35,NYY,AL,10,28,26,4,5,1,0,0,0,0,0,2,0,.192,.250,.231,.481,41,6,0,0,0,0,0,2
1981,oberkke01,Ken Oberkfell,25,STL,NL,102,420,376,43,110,12,6,2,45,13,5,37,28,.293,.353,.372,.725,104,140,11,0,3,4,6,*5/6
1981,oestero01,Ron Oester,25,CIN,NL,105,408,354,45,96,16,7,5,42,2,5,42,49,.271,.342,.398,.741,109,141,8,0,5,7,8,*4/6
1981,officro01,Rowland Office,28,MON,NL,26,44,40,4,7,0,0,0,0,0,0,4,6,.175,.250,.175,.425,22,7,2,0,0,0,0,9/8
1981,oglivbe01,Ben Oglivie,32,MIL,AL,107,452,400,53,97,15,2,14,72,2,2,37,49,.243,.310,.395,.705,107,158,9,6,1,8,10,*7/D8
1981,oliveal01,Al Oliver,34,TEX,AL,102,448,421,53,130,29,1,4,55,3,0,24,28,.309,.348,.411,.759,125,173,17,2,0,1,10,*D/3
1981,oroscje01,Jesse Orosco,24,NYM,NL,8,2,2,0,0,0,0,0,0,0,0,0,2,.000,.000,.000,.000,-100,0,0,0,0,0,0,/1
1981,ortajo01,Jorge Orta,30,CLE,AL,88,370,338,50,92,14,3,5,34,4,3,21,43,.272,.312,.376,.688,99,127,11,1,5,5,3,*9/8
1981,otisam01,Amos Otis,34,KCR,AL,99,417,372,49,100,22,3,9,57,16,7,31,59,.269,.321,.417,.738,114,155,7,2,3,9,1,*87/D9
1981,otted01,Ed Ott,29,CAL,AL,75,282,258,20,56,8,1,2,22,2,1,17,42,.217,.266,.279,.545,59,72,7,1,4,2,1,*2
1981,ottenji01,Jim Otten,29,STL,NL,24,3,2,0,0,0,0,0,0,0,0,0,0,.000,.000,.000,.000,-100,0,0,0,1,0,0,1
1981,owenla01,Larry Owen,26,ATL,NL,13,17,16,0,0,0,0,0,0,0,0,1,4,.000,.059,.000,.059,-82,0,0,0,0,0,0,2
1981,pacioto01,Tom Paciorek,34,SEA,AL,104,452,405,50,132,28,2,14,66,13,10,35,50,.326,.379,.509,.888,151,206,10,4,1,7,3,*798
1981,pagemi02,Mitchell Page,29,OAK,AL,34,101,92,9,13,1,0,4,13,2,1,7,29,.141,.200,.283,.483,42,26,1,0,1,1,0,D
1981,pagelka01,Karl Pagel,26,CLE,AL,14,19,15,3,4,0,2,1,4,0,0,4,1,.267,.421,.733,1.154,230,11,0,0,0,0,1,/3D
1981,papist01,Stan Papi,30,DET,AL,40,99,93,8,19,2,1,3,12,1,0,3,18,.204,.224,.344,.569,60,32,2,0,1,2,0,5/D347
1981,parkeda01,Dave Parker,30,PIT,NL,67,254,240,29,62,14,3,9,48,6,2,9,25,.258,.287,.454,.742,105,109,5,2,0,3,3,9
1981,parrila02,Lance Parrish,25,DET,AL,96,384,348,39,85,18,2,10,46,2,3,34,52,.244,.311,.394,.704,100,137,16,0,1,1,6,*2/D
1981,parrila01,Larry Parrish,27,MON,NL,97,385,349,41,85,19,3,8,44,0,0,28,73,.244,.297,.384,.681,92,134,10,0,5,3,2,*5
1981,parsoca01,Casey Parsons,27,SEA,AL,36,28,22,6,5,1,0,1,5,0,0,1,4,.227,.308,.409,.717,102,9,0,2,2,1,0,9/783D
1981,pastofr01,Frank Pastore,23,CIN,NL,22,51,44,1,5,1,0,0,1,0,0,1,13,.114,.133,.136,.270,-24,6,0,0,6,0,0,1
1981,patebo01,Bob Pate,27,MON,NL,8,7,6,0,2,0,0,0,0,0,0,1,0,.333,.429,.333,.762,118,2,0,0,0,0,0,/897
1981,patekfr01,Freddie Patek,36,CAL,AL,27,48,47,3,11,1,1,0,5,1,0,1,6,.234,.250,.298,.548,59,14,1,0,0,0,0,4/56
1981,pattemi01,Mike Patterson,23,TOT,AL,16,34,32,6,10,1,3,0,1,0,1,2,5,.313,.353,.531,.884,158,17,0,0,0,0,1,/79D
1981,pattemi01,Mike Patterson,23,OAK,AL,12,25,23,4,8,1,1,0,1,0,1,2,5,.348,.400,.478,.878,160,11,0,0,0,0,1,/D79
1981,pattemi01,Mike Patterson,23,NYY,AL,4,9,9,2,2,0,2,0,0,0,0,0,0,.222,.222,.667,.889,150,6,0,0,0,0,0,/79
1981,penaal01,Alejandro Pena,22,LAD,NL,14,6,6,0,0,0,0,0,0,0,0,0,6,.000,.000,.000,.000,-100,0,0,0,0,0,0,1
1981,penabe01,Bert Pena,21,HOU,NL,4,3,2,0,1,0,0,0,0,0,0,0,0,.500,.500,.500,1.000,192,1,0,0,1,0,0,/6
1981,penato01,Tony Pena,24,PIT,NL,66,223,210,16,63,9,1,2,17,1,2,8,23,.300,.326,.381,.707,97,80,4,1,2,2,2,2
1981,percoja01,Jack Perconte,26,LAD,NL,8,11,9,2,2,0,1,0,1,1,1,2,2,.222,.364,.444,.808,132,4,0,0,0,0,0,/4
1981,perezpa01,Pascual Perez,24,PIT,NL,18,24,22,3,3,0,1,0,0,0,0,0,10,.136,.136,.227,.364,0,5,0,0,2,0,0,1
1981,perezto01,Tony Perez,39,BOS,AL,84,336,306,35,77,11,3,9,39,0,0,27,66,.252,.310,.395,.705,98,121,9,0,0,3,0,3D
1981,perkibr01,Broderick Perkins,26,SDP,NL,92,275,254,27,71,18,3,2,40,0,4,14,16,.280,.314,.398,.711,107,101,6,0,4,3,4,*3/97
1981,perryga01,Gaylord Perry,42,ATL,NL,24,54,48,5,12,2,0,1,7,0,0,0,10,.250,.265,.354,.619,73,17,3,1,5,0,0,1
1981,peterri01,Rick Peters,25,DET,AL,63,244,207,26,53,7,3,0,15,1,6,29,28,.256,.351,.319,.670,93,66,8,2,5,1,2,8D/7
1981,pettijo01,Joe Pettini,26,SFG,NL,35,34,29,3,2,1,0,0,2,1,0,4,5,.069,.182,.103,.285,-16,3,0,0,1,0,0,46/5
1981,phelpke01,Ken Phelps,26,KCR,AL,21,23,22,1,3,0,1,0,1,0,0,1,13,.136,.174,.227,.401,16,5,0,0,0,0,0,/D3
1981,phillmi01,Mike Phillips,30,TOT,NL,48,92,84,6,18,2,1,0,4,1,1,5,18,.214,.256,.262,.517,48,22,5,0,1,1,0,64
1981,phillmi01,Mike Phillips,30,SDP,NL,14,30,29,1,6,0,1,0,0,1,0,0,3,.207,.207,.276,.483,40,8,3,0,0,0,0,/46
1981,phillmi01,Mike Phillips,30,MON,NL,34,62,55,5,12,2,0,0,4,0,1,5,15,.218,.279,.255,.533,52,14,2,0,1,1,0,6/4
1981,picciro01,Rob Picciolo,28,OAK,AL,82,195,179,23,48,5,3,4,13,0,1,5,22,.268,.290,.397,.687,102,71,6,1,9,1,0,*6
1981,pinielo01,Lou Piniella,37,NYY,AL,60,174,159,16,44,9,0,5,18,0,1,13,9,.277,.331,.428,.759,120,68,7,0,2,0,4,9D7
1981,pittmjo01,Joe Pittman,28,HOU,NL,52,149,135,11,38,4,2,0,7,4,4,11,16,.281,.333,.341,.674,96,46,3,0,2,1,3,4/5
1981,pladsgo01,Gordie Pladson,24,HOU,NL,2,0,0,0,0,0,0,0,0,0,0,0,0,,,,,,0,0,0,0,0,0,/1
1981,pocorbi01,Biff Pocoroba,27,ATL,NL,57,140,122,4,22,4,0,0,8,0,0,12,15,.180,.265,.213,.478,36,26,5,2,4,0,1,5/2
1981,poqueto01,Tom Poquette,29,TOT,AL,33,73,66,2,10,1,0,0,7,0,1,5,1,.152,.219,.167,.386,16,11,3,1,0,1,0,7/89
1981,poqueto01,Tom Poquette,29,BOS,AL,3,2,2,0,0,0,0,0,0,0,0,0,0,.000,.000,.000,.000,-100,0,0,0,0,0,0,/7
1981,poqueto01,Tom Poquette,29,TEX,AL,30,71,64,2,10,1,0,0,7,0,1,5,1,.156,.225,.172,.397,19,11,3,1,0,1,0,/789
1981,portebo02,Bob Porter,21,ATL,NL,17,16,14,2,4,1,0,0,4,0,0,2,1,.286,.375,.357,.732,107,5,0,0,0,0,0,
1981,porteda02,Darrell Porter,29,STL,NL,61,217,174,22,39,10,2,6,31,1,2,39,32,.224,.364,.408,.772,117,71,3,1,0,3,7,2
1981,powelho01,Hosken Powell,26,MIN,AL,80,284,264,30,63,11,3,2,25,7,4,17,31,.239,.286,.326,.612,72,86,6,1,1,1,0,97/D
1981,powerte01,Ted Power,26,LAD,NL,5,3,3,0,0,0,0,0,0,0,0,0,3,.000,.000,.000,.000,-100,0,0,0,0,0,0,/1
1981,pricejo02,Joe Price,24,CIN,NL,41,3,3,0,0,0,0,0,0,0,0,0,1,.000,.000,.000,.000,-100,0,0,0,0,0,0,1
1981,prolymi01,Mike Proly,30,PHI,NL,35,7,7,0,0,0,0,0,0,0,0,0,1,.000,.000,.000,.000,-100,0,1,0,0,0,0,1
1981,pruitro01,Ron Pruitt,29,CLE,AL,5,10,9,0,0,0,0,0,0,0,0,1,2,.000,.100,.000,.100,-69,0,1,0,0,0,0,/72D9
1981,pryorgr01,Greg Pryor,31,CHW,AL,47,88,76,4,17,1,0,0,6,0,0,6,8,.224,.298,.237,.534,58,18,2,2,4,0,0,56/4D
1981,puhlte01,Terry Puhl,24,HOU,NL,96,394,350,43,88,19,4,3,28,22,4,31,49,.251,.315,.354,.670,95,124,3,4,4,5,5,*98
1981,pujollu01,Luis Pujols,25,HOU,NL,40,128,117,5,28,3,1,1,14,1,0,10,17,.239,.297,.308,.605,76,36,4,0,0,1,3,2
1981,puleoch01,Charlie Puleo,26,NYM,NL,4,2,2,0,0,0,0,0,0,0,0,0,2,.000,.000,.000,.000,-100,0,0,0,0,0,0,/1
1981,putnapa01,Pat Putnam,27,TEX,AL,95,317,297,33,79,17,2,8,35,4,2,17,38,.266,.304,.418,.721,112,124,4,0,1,2,3,*3/79
1981,quirkja01,Jamie Quirk,26,KCR,AL,46,107,100,8,25,7,0,0,10,0,2,6,17,.250,.299,.320,.619,81,32,5,1,0,0,1,2/549
1981,raineti01,Tim Raines,21,MON,NL,88,363,313,61,95,13,7,5,37,71,11,45,31,.304,.391,.438,.829,135,137,7,2,0,3,5,*7/4
1981,ramirma01,Mario Ramirez,23,SDP,NL,13,15,13,1,1,0,0,0,1,0,0,2,5,.077,.200,.077,.277,-16,1,0,0,0,0,1,/56
1981,ramirra01,Rafael Ramirez,23,ATL,NL,95,342,307,30,67,16,2,2,20,7,3,24,47,.218,.276,.303,.579,63,93,3,1,9,1,3,*6
1981,ramosbo01,Bobby Ramos,25,MON,NL,26,44,41,4,8,1,0,1,3,0,0,3,5,.195,.250,.293,.543,53,12,2,0,0,0,0,2
1981,ramsemi01,Mike Ramsey,27,STL,NL,47,133,124,19,32,3,0,0,9,4,0,8,16,.258,.303,.282,.585,65,35,6,0,1,0,1,6/547
1981,randlle01,Lenny Randle,32,SEA,AL,82,300,273,22,63,9,1,4,25,11,6,17,22,.231,.276,.315,.591,68,86,2,1,6,3,4,54/6798
1981,randowi01,Willie Randolph,26,NYY,AL,93,422,357,59,83,14,3,2,24,14,5,57,24,.232,.336,.305,.641,88,109,10,0,5,3,0,*4
1981,ransoje01,Jeff Ransom,20,SFG,NL,5,16,15,2,4,1,0,0,0,0,0,1,1,.267,.313,.333,.646,85,5,1,0,0,0,1,/2
1981,ratzest01,Steve Ratzer,27,MON,NL,12,2,2,0,0,0,0,0,0,0,0,0,0,.000,.000,.000,.000,-100,0,0,0,0,0,0,1
1981,rayjo01,Johnny Ray,24,PIT,NL,31,109,102,10,25,11,0,0,6,0,0,6,9,.245,.284,.353,.637,78,36,3,0,0,1,2,4
1981,reardje01,Jeff Reardon,25,TOT,NL,43,7,5,0,0,0,0,0,0,0,0,0,2,.000,.000,.000,.000,-100,0,0,0,2,0,0,1
1981,reardje01,Jeff Reardon,25,NYM,NL,18,1,1,0,0,0,0,0,0,0,0,0,0,.000,.000,.000,.000,-100,0,0,0,0,0,0,1
1981,reardje01,Jeff Reardon,25,MON,NL,25,6,4,0,0,0,0,0,0,0,0,0,2,.000,.000,.000,.000,-100,0,0,0,2,0,0,1
1981,reedje01,Jerry Reed,25,PHI,NL,4,0,0,0,0,0,0,0,0,0,0,0,0,,,,,,0,0,0,0,0,0,/1
1981,reedro01,Ron Reed,38,PHI,NL,39,6,6,1,3,1,0,0,1,0,0,0,1,.500,.500,.667,1.167,223,4,0,0,0,0,0,1
1981,reitzke01,Ken Reitz,30,CHC,NL,82,286,260,10,56,9,1,2,28,0,0,15,56,.215,.261,.281,.541,52,73,9,3,2,6,3,*5
1981,remyje01,Jerry Remy,28,BOS,AL,88,410,358,55,110,9,1,0,31,9,2,36,30,.307,.368,.338,.706,100,121,6,0,13,3,2,*4
1981,reuscri01,Rick Reuschel,32,TOT,MLB,16,30,25,1,2,0,0,0,1,0,0,1,7,.080,.115,.080,.195,-44,2,1,0,4,0,0,1
1981,reuscri01,Rick Reuschel,32,CHC,NL,16,30,25,1,2,0,0,0,1,0,0,1,7,.080,.115,.080,.195,-44,2,1,0,4,0,0,1
1981,reussje01,Jerry Reuss,32,LAD,NL,22,58,51,3,10,0,0,0,3,0,0,0,18,.196,.196,.196,.392,13,10,0,0,7,0,0,1
1981,reverda01,Dave Revering,28,TOT,AL,76,230,206,20,48,5,2,4,17,0,2,22,32,.233,.309,.335,.644,89,69,4,1,0,1,7,*3
1981,reverda01,Dave Revering,28,OAK,AL,31,100,87,12,20,1,1,2,10,0,1,11,12,.230,.320,.333,.653,94,29,2,1,0,1,2,3
1981,reverda01,Dave Revering,28,NYY,AL,45,130,119,8,28,4,1,2,7,0,1,11,20,.235,.300,.336,.636,85,40,2,0,0,0,5,3
1981,reynocr01,Craig Reynolds,28,HOU,NL,87,354,323,43,84,10,12,4,31,3,3,12,31,.260,.286,.402,.688,98,130,6,0,18,1,2,*6
1981,rhoderi01,Rick Rhoden,28,PIT,NL,21,52,48,4,9,2,0,0,0,0,0,1,7,.188,.204,.229,.433,21,11,1,0,3,0,0,1
1981,riceji01,Jim Rice,28,BOS,AL,108,495,451,51,128,18,1,17,62,2,2,34,76,.284,.333,.441,.775,117,199,14,3,0,7,3,*7
1981,richage01,Gene Richards,27,SDP,NL,104,453,393,47,113,14,12,3,42,20,8,53,44,.288,.373,.407,.780,128,160,6,1,5,1,3,*7
1981,rincoan01,Andy Rincon,22,STL,NL,5,16,13,1,3,1,0,0,5,0,0,1,6,.231,.286,.308,.593,67,4,0,0,2,0,0,/1
1981,ripkeca01,Cal Ripken Jr.,20,BAL,AL,23,40,39,1,5,0,0,0,0,0,0,1,8,.128,.150,.128,.278,-19,5,4,0,0,0,0,6/5D
1981,ripleal01,Allen Ripley,28,SFG,NL,19,32,30,0,4,0,0,0,2,0,0,0,5,.133,.133,.133,.267,-23,4,1,0,2,0,0,1
1981,rivermi01,Mickey Rivers,32,TEX,AL,99,428,399,62,114,21,2,3,26,9,5,24,31,.286,.327,.371,.698,107,148,3,1,3,1,2,*8
1981,roberda05,Dave Roberts,36,NYM,NL,7,4,4,1,1,0,0,0,0,0,0,0,2,.250,.250,.250,.500,44,1,0,0,0,0,0,/1
1981,roberda06,Dave Roberts,30,HOU,NL,27,59,54,4,13,3,0,1,5,1,0,3,6,.241,.271,.352,.623,80,19,1,0,0,2,0,3/542
1981,roberle01,Leon Roberts,30,TEX,AL,72,266,233,26,65,17,2,4,31,3,4,25,38,.279,.345,.421,.765,126,98,8,1,2,5,2,*97/8
1981,roberan01,Andre Robertson,23,NYY,AL,10,19,19,1,5,1,0,0,0,1,1,0,3,.263,.263,.316,.579,68,6,0,0,0,0,0,/64
1981,robinbi02,Bill Robinson,38,PIT,NL,39,94,88,8,19,3,0,2,8,1,0,5,18,.216,.258,.318,.576,61,28,2,0,1,0,1,3/957
1981,robindo01,Don Robinson,24,PIT,NL,17,13,12,1,3,0,0,0,1,0,0,1,4,.250,.308,.250,.558,58,3,0,0,0,0,0,1
1981,rodriau01,Aurelio Rodriguez,33,NYY,AL,27,55,52,4,18,2,0,2,8,0,0,2,10,.346,.370,.500,.870,152,26,1,0,1,0,0,5/4D3
1981,roeniga01,Gary Roenicke,26,BAL,AL,85,252,219,31,59,16,0,3,20,1,2,23,29,.269,.340,.384,.724,109,84,12,2,5,3,1,*978
1981,roeniro01,Ron Roenicke,24,LAD,NL,22,54,47,6,11,0,0,0,0,1,1,6,8,.234,.321,.234,.555,62,11,0,0,1,0,0,9/87
1981,rogerst01,Steve Rogers,31,MON,NL,23,61,55,5,8,1,0,0,3,0,0,2,21,.145,.175,.164,.339,-3,9,0,0,4,0,0,1
1981,romered01,Ed Romero,23,MIL,AL,44,98,91,6,18,3,0,1,10,0,2,4,9,.198,.227,.264,.491,45,24,4,0,1,2,0,64/5
1981,romoen01,Enrique Romo,33,PIT,NL,33,6,4,0,0,0,0,0,0,0,0,0,4,.000,.000,.000,.000,-100,0,0,0,2,0,0,1
1981,roofge01,Gene Roof,23,STL,NL,23,73,60,11,18,6,0,0,3,5,1,12,16,.300,.411,.400,.811,129,24,1,0,0,1,2,7
1981,roonepa01,Pat Rooney,23,MON,NL,4,5,5,0,0,0,0,0,0,0,0,0,3,.000,.000,.000,.000,-100,0,0,0,0,0,0,/9
1981,rosepe01,Pete Rose,40,PHI,NL,107,486,431,73,140,18,5,0,33,4,4,46,26,.325,.391,.390,.781,118,168,8,3,1,3,5,*3
1981,roselda01,Dave Rosello,31,CLE,AL,43,96,84,11,20,4,0,1,7,0,1,7,12,.238,.297,.321,.618,80,27,2,0,5,0,0,4/5D6
1981,rowlami01,Mike Rowland,28,SFG,NL,9,1,1,0,1,0,0,0,1,0,0,0,0,1.000,1.000,1.000,2.000,476,1,0,0,0,0,0,/1
1981,roystje01,Jerry Royster,28,ATL,NL,64,105,93,13,19,4,1,0,9,7,5,7,14,.204,.257,.269,.526,48,25,2,0,4,1,0,54
1981,roystwi01,Willie Royster,27,BAL,AL,4,4,4,0,0,0,0,0,0,0,0,0,2,.000,.000,.000,.000,-100,0,0,0,0,0,0,/2
1981,rozemda01,Dave Rozema,24,DET,AL,1,0,0,0,0,0,0,0,0,0,0,0,0,,,,,,0,0,0,0,0,0,1
1981,rudijo01,Joe Rudi,34,BOS,AL,49,135,122,14,22,3,0,6,24,0,0,8,29,.180,.239,.352,.591,65,43,2,2,1,2,1,D/39
1981,ruhleve01,Vern Ruhle,30,HOU,NL,20,34,24,1,6,1,0,0,3,0,0,6,11,.250,.400,.292,.692,104,7,0,0,4,0,0,1
1981,rungepa01,Paul Runge,23,ATL,NL,10,31,27,2,7,1,0,0,2,0,0,4,4,.259,.355,.296,.651,85,8,1,0,0,0,0,6
1981,russebi01,Bill Russell,32,LAD,NL,82,290,262,20,61,9,2,0,22,2,1,19,20,.233,.284,.282,.567,64,74,13,1,5,3,3,*6
1981,ruthvdi01,Dick Ruthven,30,PHI,NL,23,57,50,2,7,3,0,0,5,0,0,2,14,.140,.173,.200,.373,4,10,0,0,5,0,0,1
1981,ryanno01,Nolan Ryan,34,HOU,NL,21,60,51,3,11,1,0,0,1,0,0,5,18,.216,.286,.235,.521,53,12,1,0,4,0,0,1
1981,sadekmi01,Mike Sadek,35,SFG,NL,19,46,36,5,6,3,0,0,3,0,0,8,7,.167,.318,.250,.568,65,9,0,0,2,0,0,2
1981,sakatle01,Lenn Sakata,27,BAL,AL,61,164,150,19,34,4,0,5,15,4,0,11,18,.227,.282,.353,.636,83,53,5,1,1,1,0,64/D
1981,salazlu01,Luis Salazar,25,SDP,NL,109,424,400,37,121,19,6,3,38,11,8,16,72,.303,.329,.403,.732,113,161,7,1,5,2,2,*598/7
1981,sambijo01,Joe Sambito,29,HOU,NL,49,5,5,0,0,0,0,0,0,0,0,0,3,.000,.000,.000,.000,-100,0,0,0,0,0,0,1
1981,samplbi01,Billy Sample,26,TEX,AL,66,260,230,36,65,16,0,3,25,4,1,17,21,.283,.346,.391,.738,119,90,3,7,3,3,1,7/89
1981,sanchor01,Orlando Sanchez,24,STL,NL,27,52,49,5,14,2,1,0,6,1,0,2,6,.286,.308,.367,.675,89,18,2,0,0,1,1,2
1981,sandbry01,Ryne Sandberg,21,PHI,NL,13,6,6,2,1,0,0,0,0,0,0,0,1,.167,.167,.167,.333,-7,1,0,0,0,0,0,/64
1981,sandesc01,Scott Sanderson,24,MON,NL,22,49,35,2,4,2,0,0,6,0,0,9,18,.114,.295,.171,.467,35,6,0,0,5,0,0,1
1981,saucike01,Kevin Saucier,24,DET,AL,1,0,0,0,0,0,0,0,0,0,0,0,0,,,,,,0,0,0,0,0,0,1
1981,saxst01,Steve Sax,21,LAD,NL,31,127,119,15,33,2,0,2,9,5,7,7,14,.277,.317,.345,.662,91,41,0,0,1,0,1,4
1981,schmida02,Dave Schmidt,24,BOS,AL,15,49,42,6,10,1,0,2,3,0,0,7,17,.238,.347,.405,.752,112,17,1,0,0,0,0,2
1981,schmimi01,Mike Schmidt,31,PHI,NL,102,434,354,78,112,19,2,31,91,12,4,73,71,.316,.435,.644,1.080,198,228,9,4,0,3,18,*5
1981,sciosmi01,Mike Scioscia,22,LAD,NL,93,335,290,27,80,10,0,2,29,0,2,36,18,.276,.353,.331,.685,98,96,8,1,4,4,8,*2
1981,sconida01,Daryl Sconiers,22,CAL,AL,15,53,52,6,14,1,1,1,7,0,0,1,10,.269,.283,.385,.668,92,20,0,0,0,0,0,3/D
1981,scottmi03,Mike Scott,26,NYM,NL,23,46,41,4,3,0,0,0,1,0,0,3,18,.073,.133,.073,.207,-39,3,2,0,1,1,0,1
1981,scottro01,Rodney Scott,27,MON,NL,95,402,336,43,69,9,3,0,26,30,7,50,35,.205,.308,.250,.558,60,84,7,1,13,2,0,*4
1981,scottto01,Tony Scott,29,TOT,NL,100,427,401,49,106,18,4,4,39,18,10,20,54,.264,.301,.359,.660,89,144,4,1,5,0,1,*8
1981,scottto01,Tony Scott,29,STL,NL,45,184,176,21,40,5,2,2,17,10,7,5,22,.227,.253,.313,.565,58,55,3,1,2,0,0,8
1981,scottto01,Tony Scott,29,HOU,NL,55,243,225,28,66,13,2,2,22,8,3,15,32,.293,.338,.396,.733,113,89,1,0,3,0,1,8
1981,scurrro01,Rod Scurry,25,PIT,NL,27,21,19,1,3,0,0,0,0,0,0,2,10,.158,.238,.158,.396,13,3,0,0,0,0,0,1
1981,searara01,Ray Searage,26,NYM,NL,26,1,1,0,1,0,0,0,0,0,0,0,0,1.000,1.000,1.000,2.000,476,1,0,0,0,0,0,1
1981,seaveto01,Tom Seaver,36,CIN,NL,23,68,55,3,11,1,0,1,6,0,0,8,16,.200,.297,.273,.570,62,15,2,0,4,1,0,1
1981,sernapa01,Paul Serna,22,SEA,AL,30,100,94,11,24,2,0,4,9,2,3,3,11,.255,.293,.404,.697,97,38,0,2,1,0,0,6/4
1981,sextoji01,Jimmy Sexton,29,OAK,AL,7,3,3,3,0,0,0,0,0,2,0,0,2,.000,.000,.000,.000,-100,0,0,0,0,0,0,/D5
1981,shelbjo01,John Shelby,23,BAL,AL,7,2,2,2,0,0,0,0,0,2,0,0,1,.000,.000,.000,.000,-100,0,0,0,0,0,0,/8D
1981,sheripa01,Pat Sheridan,23,KCR,AL,3,1,1,0,0,0,0,0,0,0,0,0,1,.000,.000,.000,.000,-100,0,0,0,0,0,0,/97
1981,shirlbo01,Bob Shirley,27,STL,NL,28,23,22,0,3,0,0,0,1,0,0,0,7,.136,.136,.136,.273,-23,3,0,0,1,0,0,1
1981,shower01,Eric Show,25,SDP,NL,15,0,0,0,0,0,0,0,0,0,0,0,0,,,,,,0,0,0,0,0,0,1
1981,simmote01,Ted Simmons,31,MIL,AL,100,413,380,45,82,13,3,14,61,0,1,23,32,.216,.262,.376,.638,87,143,10,3,1,6,2,*2D/3
1981,simpsjo01,Joe Simpson,29,SEA,AL,91,312,288,32,64,11,3,2,30,12,3,15,41,.222,.261,.302,.564,60,87,3,1,6,2,0,*8/9
1981,sinatma01,Matt Sinatro,21,ATL,NL,12,37,32,4,9,1,1,0,4,1,0,5,4,.281,.378,.375,.753,112,12,0,0,0,0,1,2
1981,singlke01,Ken Singleton,34,BAL,AL,103,428,363,48,101,16,1,13,49,0,0,61,59,.278,.380,.435,.816,135,158,21,0,2,2,6,*9D
1981,smallro02,Roy Smalley,28,MIN,AL,56,200,167,24,44,7,1,7,22,0,0,31,24,.263,.375,.443,.818,130,74,8,0,0,2,5,6D/3
1981,smithbi05,Billy Smith,27,SFG,NL,36,71,61,6,11,0,0,1,5,0,0,9,16,.180,.282,.230,.511,48,14,1,0,0,1,0,6/45
1981,smithbi06,Billy Smith,26,HOU,NL,10,2,2,0,0,0,0,0,0,0,0,0,2,.000,.000,.000,.000,-100,0,0,0,0,0,0,1
1981,smithbr01,Bryn Smith,25,MON,NL,7,3,1,0,0,0,0,0,0,0,0,0,0,.000,.000,.000,.000,-100,0,0,0,2,0,0,/1
1981,smithch05,Chris Smith,23,MON,NL,7,7,7,0,0,0,0,0,0,0,0,0,2,.000,.000,.000,.000,-100,0,0,0,0,0,0,/4
1981,smithda02,Dave Smith,26,HOU,NL,42,8,8,0,2,0,0,0,0,0,0,0,4,.250,.250,.250,.500,46,2,0,0,0,0,0,1
1981,smithke02,Ken Smith,23,ATL,NL,5,3,3,0,1,1,0,0,0,0,0,0,1,.333,.333,.667,1.000,175,2,0,0,0,0,0,/3
1981,smithle02,Lee Smith,23,CHC,NL,40,10,9,0,0,0,0,0,0,0,0,0,7,.000,.000,.000,.000,-100,0,0,0,1,0,0,1
1981,smithlo01,Lonnie Smith,25,PHI,NL,62,202,176,40,57,14,3,2,11,21,10,18,14,.324,.402,.472,.874,143,83,1,5,3,0,1,98/7
1981,smithoz01,Ozzie Smith,26,SDP,NL,110,507,450,53,100,11,2,0,21,22,12,41,37,.222,.294,.256,.549,62,115,8,5,10,1,1,*6
1981,smithra01,Ray Smith,25,MIN,AL,15,40,40,4,8,1,0,1,1,0,0,0,3,.200,.200,.300,.500,39,12,0,0,0,0,0,2
1981,smithre06,Reggie Smith,36,LAD,NL,41,44,35,5,7,1,0,1,8,0,0,7,8,.200,.318,.314,.632,83,11,4,0,0,2,3,/3
1981,sofieri01,Rick Sofield,24,MIN,AL,41,112,102,9,18,2,0,0,5,3,2,8,22,.176,.234,.196,.430,23,20,5,0,1,1,0,7/D9
1981,solomed01,Eddie Solomon,30,PIT,NL,25,48,43,3,7,0,0,0,3,0,0,0,15,.163,.163,.163,.326,-9,7,0,0,5,0,0,1
1981,sorenla01,Lary Sorensen,25,STL,NL,23,52,46,1,3,1,0,0,0,0,0,0,21,.065,.085,.087,.172,-52,4,0,1,5,0,0,1
1981,sosael01,Elias Sosa,31,MON,NL,32,2,2,0,2,0,0,0,1,0,0,0,0,1.000,1.000,1.000,2.000,469,2,0,0,0,0,0,1
1981,sotoma01,Mario Soto,24,CIN,NL,25,66,59,4,4,0,0,0,0,0,0,1,24,.068,.083,.068,.151,-57,4,0,0,6,0,0,1
1981,speiech01,Chris Speier,31,MON,NL,96,351,307,33,69,10,2,2,25,1,2,38,29,.225,.310,.290,.600,71,89,9,0,6,0,10,*6
1981,spencji01,Jim Spencer,33,TOT,AL,79,255,234,20,44,8,0,4,13,1,0,19,27,.188,.247,.274,.521,54,64,8,0,0,2,3,*3
1981,spencji01,Jim Spencer,33,NYY,AL,25,72,63,6,9,2,0,2,4,0,0,9,7,.143,.250,.270,.520,52,17,3,0,0,0,2,3
1981,spencji01,Jim Spencer,33,OAK,AL,54,183,171,14,35,6,0,2,9,1,0,10,20,.205,.246,.275,.521,54,47,5,0,0,2,1,3
1981,spilmha01,Harry Spilman,26,TOT,NL,51,64,58,9,14,1,0,0,4,0,1,5,10,.241,.302,.259,.560,62,15,1,0,1,0,0,3/5
1981,spilmha01,Harry Spilman,26,CIN,NL,23,28,24,4,4,1,0,0,3,0,0,3,7,.167,.259,.208,.468,33,5,1,0,1,0,0,/53
1981,spilmha01,Harry Spilman,26,HOU,NL,28,36,34,5,10,0,0,0,1,0,1,2,3,.294,.333,.294,.627,84,10,0,0,0,0,0,3
1981,sprowbo01,Bobby Sprowl,25,HOU,NL,15,6,6,0,1,0,0,0,1,0,0,0,2,.167,.167,.167,.333,-3,1,0,0,0,0,0,1
1981,squirmi01,Mike Squires,29,CHW,AL,92,334,294,35,78,9,0,0,25,7,2,22,17,.265,.312,.296,.607,79,87,5,0,13,5,0,*3/7
1981,stanlfr01,Fred Stanley,33,OAK,AL,66,168,145,15,28,4,0,0,7,2,0,15,23,.193,.269,.221,.489,47,32,0,0,8,0,0,6/4
1981,staplda01,Dave Stapleton,27,BOS,AL,93,382,355,45,101,17,1,10,42,0,4,21,22,.285,.325,.423,.747,109,150,11,1,3,2,1,6543/D
1981,stargwi01,Willie Stargell,41,PIT,NL,38,66,60,2,17,4,0,0,9,0,0,5,9,.283,.333,.350,.683,92,21,0,0,0,1,1,/3
1981,staubru01,Rusty Staub,37,NYM,NL,70,186,161,9,51,9,0,5,21,1,0,22,12,.317,.398,.466,.864,147,75,6,1,0,2,3,3
1981,stearjo01,John Stearns,29,NYM,NL,80,305,273,25,74,12,1,1,24,12,2,24,17,.271,.329,.333,.662,91,91,10,0,7,1,2,2/35
1981,steinbi02,Bill Stein,34,TEX,AL,53,126,115,21,38,6,0,2,22,1,2,7,15,.330,.360,.435,.795,135,50,5,0,1,3,3,3/57496
1981,stennre01,Rennie Stennett,30,SFG,NL,38,92,87,8,20,0,0,1,7,2,1,3,6,.230,.264,.264,.528,52,23,3,1,1,0,0,4
1981,stewada01,Dave Stewart,24,LAD,NL,32,6,5,2,2,0,1,0,1,0,0,1,0,.400,.500,.800,1.300,270,4,0,0,0,0,0,1
1981,stiebda01,Dave Stieb,23,TOR,AL,4,0,0,1,0,0,0,0,0,0,0,0,0,,,,,,0,0,0,0,0,0,1/D
1981,stimacr01,Craig Stimac,26,SDP,NL,9,9,9,0,1,0,0,0,0,0,0,0,3,.111,.111,.111,.222,-35,1,0,0,0,0,0,
1981,straijo01,Joe Strain,27,CHC,NL,25,80,74,7,14,1,0,0,1,0,0,5,7,.189,.250,.203,.453,28,15,1,1,0,0,0,4
1981,sulargu01,Guy Sularz,25,SFG,NL,10,24,20,0,4,0,0,0,2,0,1,2,4,.200,.292,.200,.492,43,4,0,1,0,1,0,/45
1981,summech01,Champ Summers,35,DET,AL,64,189,165,16,42,8,0,3,21,1,1,19,35,.255,.339,.358,.696,99,59,0,3,0,2,3,D9
1981,sundbji01,Jim Sundberg,30,TEX,AL,102,396,339,42,94,17,2,3,28,2,5,50,48,.277,.369,.366,.735,119,124,5,1,3,3,6,*2/7
1981,sutclri01,Rick Sutcliffe,25,LAD,NL,14,13,11,2,2,0,0,0,2,0,0,2,3,.182,.308,.182,.490,44,2,0,0,0,0,0,1
1981,suthele01,Leo Sutherland,23,CHW,AL,11,16,12,6,2,0,0,0,0,2,1,3,1,.167,.333,.167,.500,51,2,0,0,1,0,0,/8D7
1981,suttebr01,Bruce Sutter,28,STL,NL,48,10,9,0,0,0,0,0,1,0,0,0,4,.000,.100,.000,.100,-70,0,0,1,0,0,0,1
1981,suttodo01,Don Sutton,36,HOU,NL,23,62,51,1,7,0,0,0,3,0,0,5,12,.137,.228,.137,.365,8,7,2,1,5,0,0,1
1981,swancr01,Craig Swan,30,NYM,NL,5,3,3,0,0,0,0,0,0,0,0,0,1,.000,.000,.000,.000,-100,0,0,0,0,0,0,/1
1981,swishst01,Steve Swisher,29,SDP,NL,16,30,28,2,4,0,0,0,0,0,0,2,11,.143,.200,.143,.343,2,4,1,0,0,0,0,2
1981,sykesbo01,Bob Sykes,26,STL,NL,22,3,2,0,0,0,0,0,0,0,0,1,2,.000,.333,.000,.333,1,0,0,0,0,0,0,1
1981,tablepa01,Pat Tabler,23,CHC,NL,35,117,101,11,19,3,1,1,5,0,1,13,26,.188,.281,.267,.548,54,27,4,0,3,0,0,4
1981,taverfr01,Frank Taveras,31,NYM,NL,84,305,283,30,65,11,3,0,11,16,4,12,36,.230,.263,.290,.553,59,82,3,2,5,3,0,*6
1981,tekulke01,Kent Tekulve,34,PIT,NL,45,2,2,0,0,0,0,0,0,0,0,0,1,.000,.000,.000,.000,-100,0,0,0,0,0,0,1
1981,templga01,Garry Templeton,25,STL,NL,80,350,333,47,96,16,8,1,33,8,12,14,55,.288,.315,.393,.709,98,131,4,0,1,2,3,*6
1981,tenacge01,Gene Tenace,34,STL,NL,58,174,129,26,30,7,0,5,22,0,0,38,26,.233,.416,.403,.819,131,52,1,4,1,2,2,2/3
1981,thomade01,Derrel Thomas,30,LAD,NL,80,252,218,25,54,4,0,4,24,7,2,25,23,.248,.322,.321,.644,86,70,2,0,7,2,2,4658/97
1981,thomago01,Gorman Thomas,30,MIL,AL,103,420,363,54,94,22,0,21,65,4,5,50,85,.259,.348,.493,.841,146,179,6,2,0,5,8,*89/D
1981,thompja01,Jason Thompson,26,PIT,NL,86,285,223,36,54,13,0,15,42,0,0,59,49,.242,.396,.502,.899,150,112,6,0,0,3,1,*3
1981,thompsc01,Scot Thompson,25,CHC,NL,57,127,115,8,19,5,0,0,8,2,0,7,8,.165,.208,.209,.417,17,24,2,0,2,3,1,8/937
1981,thondi01,Dickie Thon,23,HOU,NL,49,105,95,13,26,6,0,0,3,6,1,9,13,.274,.337,.337,.673,96,32,3,0,1,0,1,46/5
1981,thornan01,Andre Thornton,31,CLE,AL,69,256,226,22,54,12,0,6,30,3,1,23,37,.239,.303,.372,.675,95,84,15,0,2,5,1,D3
1981,tiantlu01,Luis Tiant,40,PIT,NL,9,19,16,0,3,2,0,0,4,0,0,1,3,.188,.235,.313,.548,52,5,0,0,2,0,0,/1
1981,tidrodi01,Dick Tidrow,34,CHC,NL,51,6,5,0,0,0,0,0,0,0,0,0,2,.000,.000,.000,.000,-100,0,0,0,1,0,0,1
1981,tollewa01,Wayne Tolleson,25,TEX,AL,14,25,24,6,4,0,0,0,1,2,0,1,5,.167,.200,.167,.367,10,4,0,0,0,0,0,/56D
1981,tolmati01,Tim Tolman,25,HOU,NL,4,8,8,0,1,0,0,0,0,0,0,0,0,.125,.125,.125,.250,-27,1,0,0,0,0,0,/79
1981,tracyji01,Jim Tracy,25,CHC,NL,45,76,63,6,15,2,1,0,5,1,0,12,14,.238,.355,.302,.657,85,19,2,0,0,1,0,7/9
1981,trammal01,Alan Trammell,23,DET,AL,105,463,392,52,101,15,3,2,31,10,3,49,31,.258,.342,.327,.669,92,128,10,3,16,3,2,*6
1981,trevial01,Alex Trevino,23,NYM,NL,56,165,149,17,39,2,0,0,10,3,0,13,19,.262,.323,.275,.598,73,41,4,1,1,1,0,2/4759
1981,trillma01,Manny Trillo,30,PHI,NL,94,387,349,37,100,14,3,6,36,10,4,26,37,.287,.338,.395,.733,104,138,6,3,5,4,3,*4
1981,tuftsbo01,Bob Tufts,25,SFG,NL,11,1,1,0,0,0,0,0,0,0,0,0,0,.000,.000,.000,.000,-100,0,0,0,0,0,0,1
1981,turneje01,Jerry Turner,27,TOT,MLB,43,49,43,6,9,0,0,2,8,0,1,5,5,.209,.292,.349,.641,87,15,1,0,1,0,1,/9D
1981,turneje01,Jerry Turner,27,SDP,NL,33,36,31,5,7,0,0,2,6,0,1,4,3,.226,.314,.419,.734,113,13,1,0,1,0,1,/9
1981,turneje01,Jerry Turner,27,CHW,AL,10,13,12,1,2,0,0,0,2,0,0,1,2,.167,.231,.167,.397,18,2,0,0,0,0,0,/D9
1981,tysonmi01,Mike Tyson,31,CHC,NL,50,103,92,6,17,2,0,2,8,1,0,7,15,.185,.248,.272,.519,45,25,0,1,2,1,1,4/6
1981,unserde01,Del Unser,36,PHI,NL,62,73,59,5,9,3,0,0,6,0,0,13,9,.153,.301,.203,.505,43,12,1,0,0,1,1,3/789
1981,upshawi01,Willie Upshaw,24,TOR,AL,61,123,111,15,19,3,1,4,10,2,1,11,16,.171,.252,.324,.576,62,36,1,1,0,0,0,D3/97
1981,urreajo01,John Urrea,26,SDP,NL,38,4,4,0,1,0,0,0,0,0,0,0,1,.250,.250,.250,.500,46,1,0,0,0,0,0,1
1981,vailmi01,Mike Vail,29,CIN,NL,31,31,31,1,5,0,0,0,3,0,0,0,9,.161,.161,.161,.323,-9,5,1,0,0,0,0,/9
1981,valdeju01,Julio Valdez,25,BOS,AL,17,25,23,1,5,0,0,0,3,0,1,0,2,.217,.208,.217,.426,20,5,0,0,1,1,0,6
1981,valenel01,Ellis Valentine,26,TOT,NL,70,261,245,23,51,11,1,8,36,0,4,11,49,.208,.238,.359,.597,69,88,4,0,0,5,0,9
1981,valenel01,Ellis Valentine,26,MON,NL,22,85,76,8,16,3,0,3,15,0,1,6,11,.211,.259,.368,.627,76,28,2,0,0,3,0,9
1981,valenel01,Ellis Valentine,26,NYM,NL,48,176,169,15,35,8,1,5,21,0,3,5,38,.207,.227,.355,.582,65,60,2,0,0,2,0,9
1981,valenfe01,Fernando Valenzuela,20,LAD,NL,25,71,64,3,16,0,1,0,7,0,0,1,9,.250,.262,.281,.543,57,18,0,0,6,0,0,1
1981,velezot01,Otto Velez,30,TOR,AL,80,302,240,32,51,9,2,11,28,0,3,55,60,.213,.363,.404,.767,116,97,5,3,2,2,3,*D/3
1981,venabma01,Max Venable,24,SFG,NL,18,36,32,2,6,0,2,0,1,3,1,4,3,.188,.278,.313,.590,69,10,0,0,0,0,0,/98
1981,veryzto01,Tom Veryzer,28,CLE,AL,75,239,221,13,54,4,0,0,14,1,0,10,10,.244,.278,.262,.540,58,58,6,1,5,2,1,*6
1981,virgioz02,Ozzie Virgil,24,PHI,NL,6,6,6,0,0,0,0,0,0,0,0,0,2,.000,.000,.000,.000,-100,0,0,0,0,0,0,/2
1981,vukovge01,George Vukovich,25,PHI,NL,20,27,26,5,10,0,0,1,4,1,0,1,0,.385,.407,.500,.907,152,13,0,0,0,0,0,/978
1981,vukovjo01,John Vukovich,33,PHI,NL,11,2,1,0,0,0,0,0,0,0,0,0,1,.000,.000,.000,.000,-100,0,0,0,1,0,0,/534
1981,wagnema01,Mark Wagner,27,TEX,AL,50,95,85,15,22,4,1,1,14,1,1,8,13,.259,.323,.365,.687,104,31,2,0,2,0,0,6/45
1981,walkbo01,Bob Walk,24,ATL,NL,12,10,7,1,1,0,0,0,0,0,0,0,3,.143,.143,.143,.286,-19,1,0,0,3,0,0,1
1981,walkech01,Chico Walker,22,BOS,AL,6,18,17,3,6,0,0,0,2,0,2,1,2,.353,.389,.353,.742,111,6,0,0,0,0,0,/4
1981,wallati01,Tim Wallach,23,MON,NL,71,231,212,19,50,9,1,4,13,0,1,15,37,.236,.299,.344,.643,82,73,3,4,0,0,2,935/7
1981,wallety01,Ty Waller,24,CHC,NL,30,77,71,10,19,2,1,3,13,2,0,4,18,.268,.303,.451,.753,109,32,0,0,1,1,1,5/48
1981,wallide01,Denny Walling,27,HOU,NL,65,189,158,23,37,6,0,5,23,2,1,28,17,.234,.346,.367,.713,107,58,4,0,1,2,1,39/78
1981,waltore01,Reggie Walton,28,SEA,AL,12,7,6,1,0,0,0,0,0,0,0,1,2,.000,.143,.000,.143,-56,0,0,0,0,0,0,/7D9
1981,wardga01,Gary Ward,27,MIN,AL,85,326,295,42,78,7,6,3,29,5,2,28,48,.264,.325,.359,.684,93,106,10,0,0,3,4,*78/D9
1981,washicl01,Claudell Washington,26,ATL,NL,85,349,320,37,93,22,3,5,37,12,6,15,47,.291,.328,.425,.753,111,136,6,4,8,2,1,*9
1981,washiro01,Ron Washington,29,MIN,AL,28,90,84,8,19,3,1,0,5,4,1,4,14,.226,.270,.286,.555,57,24,1,1,1,0,0,6/8
1981,washiu_01,U L Washington,27,KCR,AL,98,384,339,40,77,19,1,2,29,10,10,41,43,.227,.310,.307,.616,80,104,6,0,3,1,1,*6
1981,wathajo01,John Wathan,31,KCR,AL,89,330,301,24,76,9,3,1,19,11,6,19,23,.252,.298,.312,.611,78,94,9,2,5,3,1,*29/73
1981,watsobo01,Bob Watson,35,NYY,AL,59,180,156,15,33,3,3,6,12,0,0,24,17,.212,.317,.385,.701,104,60,10,0,0,0,2,3/D
1981,weissga01,Gary Weiss,25,LAD,NL,14,21,19,2,2,0,0,0,1,0,0,1,4,.105,.143,.105,.248,-28,2,0,0,0,1,0,6
1981,welchbo01,Bob Welch,24,LAD,NL,23,53,45,3,10,0,1,0,2,0,0,1,16,.222,.239,.267,.506,46,12,0,0,7,0,0,1
1981,wellsgr01,Greg Wells,27,TOR,AL,32,78,73,7,18,5,0,0,5,0,2,5,12,.247,.295,.315,.610,72,23,2,0,0,0,0,3/D
1981,welshch01,Chris Welsh,26,SDP,NL,22,46,41,4,6,1,0,0,1,0,0,2,15,.146,.186,.171,.357,5,7,0,0,3,0,0,1
1981,wernedo01,Don Werner,28,TEX,AL,2,8,8,1,2,0,0,0,0,0,1,0,2,.250,.250,.250,.500,49,2,0,0,0,0,0,/D
1981,werthde01,Dennis Werth,28,NYY,AL,34,71,55,7,6,1,0,0,1,1,0,12,12,.109,.269,.127,.396,19,7,4,0,4,0,2,3/7D92
1981,whisela01,Larry Whisenton,24,ATL,NL,9,7,5,1,1,0,0,0,0,0,0,2,1,.200,.429,.200,.629,82,1,0,0,0,0,0,/79
1981,whitalo01,Lou Whitaker,24,DET,AL,109,382,335,48,88,14,4,5,36,5,3,40,42,.263,.340,.373,.714,104,125,5,1,3,3,3,*4
1981,whitefr01,Frank White,30,KCR,AL,94,390,364,35,91,17,1,9,38,4,2,19,50,.250,.285,.376,.661,92,137,10,0,4,3,0,*4
1981,whiteje01,Jerry White,28,MON,NL,59,135,119,11,26,5,1,3,11,5,2,13,17,.218,.293,.353,.646,82,42,0,0,2,1,0,98/7
1981,whitmda01,Dan Whitmer,25,TOR,AL,7,10,9,0,1,1,0,0,0,0,0,1,2,.111,.200,.222,.422,19,2,1,0,0,0,0,/2
1981,whitsed01,Ed Whitson,26,SFG,NL,22,45,33,2,3,0,0,0,1,0,0,3,13,.091,.167,.091,.258,-24,3,0,0,9,0,0,1
1981,whitter01,Ernie Whitt,29,TOR,AL,74,222,195,16,46,9,0,1,16,5,2,20,30,.236,.307,.297,.604,71,58,2,0,7,0,3,*2
1981,wieghto01,Tom Wieghaus,24,MON,NL,1,1,1,0,0,0,0,0,0,0,0,0,0,.000,.000,.000,.000,-100,0,0,0,0,0,0,/2
1981,wiggial01,Alan Wiggins,23,SDP,NL,15,15,14,4,5,0,0,0,0,2,0,1,0,.357,.400,.357,.757,123,5,0,0,0,0,0,/7
1981,wilforo01,Rob Wilfong,27,MIN,AL,93,339,305,32,75,11,3,3,19,2,4,29,43,.246,.311,.331,.643,81,101,1,0,5,0,1,*4
1981,willida05,Dallas Williams,23,BAL,AL,2,2,2,0,1,0,0,0,0,0,0,0,0,.500,.500,.500,1.000,190,1,0,0,0,0,0,/7
1981,willsbu01,Bump Wills,28,TEX,AL,102,454,410,51,103,13,2,2,41,12,9,32,49,.251,.304,.307,.611,82,126,8,1,6,5,2,*4/D
1981,wilsomo01,Mookie Wilson,25,NYM,NL,92,350,328,49,89,8,8,3,14,24,12,20,59,.271,.317,.372,.689,97,122,3,2,0,0,3,*89/7
1981,wilsowi02,Willie Wilson,25,KCR,AL,102,465,439,54,133,10,7,1,32,34,8,18,42,.303,.335,.364,.700,104,160,5,4,3,1,3,*78
1981,winfida01,Dave Winfield,29,NYY,AL,105,440,388,52,114,25,1,13,68,11,1,43,41,.294,.360,.464,.824,139,180,13,1,1,7,3,*78/D
1981,wiseri01,Rick Wise,35,SDP,NL,18,29,25,1,1,1,0,0,1,0,0,1,11,.040,.077,.080,.157,-54,2,2,0,3,0,0,1
1981,wockejo01,John Wockenfuss,32,DET,AL,70,202,172,20,37,4,0,9,25,0,0,28,22,.215,.322,.395,.717,104,68,5,0,0,2,1,D3/27
1981,wohlfji01,Jim Wohlford,30,SFG,NL,50,73,68,4,11,3,0,1,7,0,0,4,9,.162,.205,.250,.455,30,17,5,0,0,1,0,7
1981,woodsal01,Al Woods,27,TOR,AL,85,317,288,20,71,15,0,1,21,3,4,19,31,.247,.291,.309,.600,70,89,7,0,8,2,5,*7/D
1981,woodsga01,Gary Woods,27,HOU,NL,54,126,110,10,23,4,1,0,12,2,1,11,22,.209,.276,.264,.540,58,29,4,0,3,2,4,9/87
1981,wynegbu01,Butch Wynegar,25,MIN,AL,47,172,150,11,37,5,0,0,10,0,1,17,9,.247,.322,.280,.602,71,42,7,1,1,3,2,2/D
1981,yastrca01,Carl Yastrzemski,41,BOS,AL,91,390,338,36,83,14,1,7,53,0,1,49,28,.246,.338,.355,.693,96,120,10,0,0,3,4,D3
1981,yeagest01,Steve Yeager,32,LAD,NL,42,92,86,5,18,2,0,3,7,0,0,6,14,.209,.261,.337,.598,71,29,2,0,0,0,0,2
1981,yostne01,Ned Yost,26,MIL,AL,18,30,27,4,6,0,0,3,3,0,0,3,6,.222,.300,.556,.856,148,15,0,0,0,0,0,2/D
1981,youngjo02,Joel Youngblood,29,NYM,NL,43,161,143,16,50,10,2,4,25,2,5,12,19,.350,.398,.531,.929,165,76,4,2,0,4,1,9/78
1981,yountro01,Robin Yount,25,MIL,AL,96,411,377,50,103,15,5,10,49,4,1,22,37,.273,.312,.419,.731,114,158,4,2,4,6,1,*6/D
1981,zachrpa01,Pat Zachry,29,NYM,NL,24,46,38,1,6,0,0,0,2,0,0,3,12,.158,.214,.158,.372,8,6,1,0,4,1,0,1
1981,ziskri01,Richie Zisk,32,SEA,AL,94,388,357,42,111,12,1,16,43,0,2,28,63,.311,.366,.485,.851,140,173,8,3,0,0,3,*D
