year_ID,player_ID,name_common,age,team_ID,lg_ID,G,PA,AB,R,H,2B,3B,HR,RBI,SB,CS,BB,SO,batting_avg,onbase_perc,slugging_perc,onbase_plus_slugging,onbase_plus_slugging_plus,TB,GIDP,HBP,SH,SF,IBB,pos_summary
1922,acostjo01,Jose Acosta,31,CHW,AL,5,6,5,0,1,0,0,0,0,0,0,1,1,.200,.333,.200,.533,42,1,,0,0,,,/1
1922,adamsba01,Babe Adams,40,PIT,NL,27,65,56,6,16,2,0,1,6,0,0,4,7,.286,.333,.375,.708,82,21,,0,5,,,1
1922,adamssp01,Sparky Adams,27,CHC,NL,11,49,44,5,11,0,1,0,3,1,2,4,3,.250,.313,.295,.608,57,13,,0,1,,,4
1922,ainsmed01,Eddie Ainsmith,32,STL,NL,119,419,379,46,111,14,4,13,59,2,3,28,43,.293,.343,.454,.797,108,172,,1,10,,,*2
1922,aldrivi01,Vic Aldridge,28,CHC,NL,36,108,100,8,26,1,3,0,13,1,0,1,6,.260,.267,.330,.597,53,33,,0,7,,,1
1922,alexape01,Pete Alexander,35,CHC,NL,33,95,85,4,15,1,0,0,11,0,0,6,16,.176,.231,.188,.419,9,16,,0,4,,,1
1922,austiji01,Jimmy Austin,42,SLB,AL,15,34,31,6,9,3,1,0,1,0,0,3,2,.290,.353,.452,.805,105,14,,0,0,,,/54
1922,bagbyji01,Jim Bagby,32,CLE,AL,25,44,42,4,11,6,0,0,6,0,0,1,3,.262,.295,.405,.700,79,17,,1,0,,,1
1922,bailebi01,Bill Bailey,34,STL,NL,12,7,7,0,2,0,0,0,0,0,0,0,1,.286,.286,.286,.571,51,2,,0,0,,,1
1922,bakerfr01,Home Run Baker,36,NYY,AL,69,258,234,30,65,12,3,7,37,1,3,15,14,.278,.327,.444,.771,98,104,,2,7,,,5
1922,bancrda01,Dave Bancroft,31,NYG,NL,156,745,651,117,209,41,5,4,60,16,11,79,27,.321,.397,.418,.815,109,272,,3,12,,,*6
1922,barbawa01,Walter Barbare,30,BSN,NL,106,408,373,38,86,5,4,0,40,2,0,21,22,.231,.272,.265,.537,42,99,,0,14,,,453
1922,barbetu01,Turner Barber,28,CHC,NL,84,262,226,35,70,7,4,0,29,7,4,30,9,.310,.391,.376,.767,98,85,,0,6,,,793
1922,barfocl01,Clyde Barfoot,30,STL,NL,42,38,34,3,12,1,1,0,4,0,0,4,3,.353,.421,.441,.862,127,15,,0,0,,,1
1922,barneje01,Jesse Barnes,29,NYG,NL,37,86,77,9,14,0,1,0,10,0,0,5,4,.182,.232,.208,.439,13,16,,0,4,,,1
1922,barnevi01,Virgil Barnes,25,NYG,NL,22,13,12,1,2,0,0,0,0,0,0,0,5,.167,.167,.167,.333,-15,2,,0,1,,,1
1922,barnhcl01,Clyde Barnhart,26,PIT,NL,75,241,209,30,69,7,5,1,38,3,2,25,7,.330,.402,.426,.828,113,89,,0,5,,,59/7
1922,bassljo01,Johnny Bassler,27,DET,AL,121,454,372,41,120,14,0,0,41,2,1,62,12,.323,.422,.360,.782,108,134,,2,17,,,*2
1922,baumgst01,Stan Baumgartner,27,PHI,NL,6,4,3,1,1,0,0,0,0,0,0,1,1,.333,.500,.333,.833,112,1,,0,0,,,/1
1922,baynebi01,Bill Bayne,23,SLB,AL,26,30,30,2,7,0,0,0,3,0,0,0,10,.233,.233,.233,.467,20,7,,0,0,,,1
1922,bedgoph01,Phil Bedgood,24,CLE,AL,1,4,2,0,0,0,0,0,0,0,0,0,1,.000,.333,.000,.333,-8,0,,1,1,,,/1
1922,behanpe01,Petie Behan,34,PHI,NL,7,20,20,3,5,1,0,0,2,0,0,0,4,.250,.250,.300,.550,37,6,,0,0,,,/1
1922,bentora01,Rabbit Benton,20,PHI,NL,6,21,19,1,4,1,0,0,3,0,0,2,1,.211,.286,.263,.549,38,5,,0,0,,,/4
1922,bentosi01,Sid Benton,27,STL,NL,1,0,0,0,0,0,0,0,0,0,0,0,0,,,,,,0,,0,0,,,/1
1922,bergejo02,Johnny Berger,20,PHA,AL,2,1,1,0,1,0,0,0,0,1,0,0,0,1.000,1.000,1.000,2.000,418,1,,0,0,,,/2
1922,berryjo02,Joe Berry,27,NYG,NL,6,0,0,0,0,0,0,0,0,0,0,0,0,,,,,,0,,0,0,,,
1922,bettshu01,Huck Betts,25,PHI,NL,7,5,4,1,0,0,0,0,0,0,0,1,1,.000,.200,.000,.200,-46,0,,0,0,,,/1
1922,bigbeca01,Carson Bigbee,27,PIT,NL,150,691,614,113,215,29,15,5,99,24,15,56,13,.350,.405,.471,.876,124,289,,1,20,,,*7/8
1922,billijo01,Josh Billings,30,SLB,AL,5,7,7,0,3,1,0,0,1,0,0,0,0,.429,.429,.571,1.000,154,4,,0,0,,,/2
1922,bladera01,Ray Blades,25,STL,NL,37,163,130,27,39,2,4,3,21,3,3,25,21,.300,.428,.446,.874,130,58,,4,4,,,7/659
1922,blankho01,Homer Blankenship,19,CHW,AL,4,4,4,0,0,0,0,0,0,0,0,0,2,.000,.000,.000,.000,-100,0,,0,0,,,/1
1922,blankte01,Ted Blankenship,21,CHW,AL,24,45,41,3,7,1,1,0,3,0,0,1,8,.171,.190,.244,.434,13,10,,0,3,,,1
1922,bluelu01,Lu Blue,25,DET,AL,145,681,584,131,175,31,9,6,45,8,5,82,48,.300,.392,.414,.807,113,242,,7,8,,,*3
1922,bluegos01,Ossie Bluege,21,WSH,AL,19,70,61,5,12,1,0,0,2,1,0,7,7,.197,.300,.213,.513,38,13,,2,1,,,5/6
1922,blumecl01,Clint Blume,23,NYG,NL,1,4,1,1,1,0,0,0,0,0,0,2,0,1.000,1.000,1.000,2.000,413,1,,0,0,,,/1
1922,boeckto01,Tony Boeckel,29,BSN,NL,119,451,402,61,116,19,6,6,47,14,8,35,32,.289,.349,.410,.759,99,165,,2,11,,,*5
1922,bohnesa01,Sam Bohne,25,CIN,NL,112,435,383,53,105,14,5,3,51,13,8,39,18,.274,.344,.360,.705,83,138,,2,11,,,46
1922,booneda01,Dan Boone,27,CLE,AL,11,27,26,0,5,1,0,0,1,0,0,0,1,.192,.192,.231,.423,9,6,,0,1,,,1
1922,booneik01,Ike Boone,25,NYG,NL,2,2,2,0,1,0,0,0,0,0,0,0,1,.500,.500,.500,1.000,156,1,,0,0,,,
1922,bottoji01,Jim Bottomley,22,STL,NL,37,161,151,29,49,8,5,5,35,3,1,6,13,.325,.358,.543,.902,134,82,,2,2,,,3
1922,bowleem01,Emmett Bowles,23,CHW,AL,1,0,0,0,0,0,0,0,0,0,0,0,0,,,,,,0,,0,0,,,/1
1922,braxtga01,Garland Braxton,22,BSN,NL,25,19,16,0,1,0,0,0,1,0,0,0,6,.063,.063,.063,.125,-67,1,,0,3,,,1
1922,brazifr01,Frank Brazill,22,PHA,AL,6,13,13,0,1,0,0,0,1,0,0,0,1,.077,.077,.077,.154,-60,1,,0,0,,,/5
1922,bressru01,Rube Bressler,27,CIN,NL,52,58,53,7,14,0,2,0,8,1,0,4,4,.264,.316,.340,.655,70,18,,0,1,,,/379
1922,brillji01,Jim Brillheart,18,WSH,AL,31,37,36,0,3,0,0,0,1,0,0,0,14,.083,.108,.083,.191,-49,3,,1,1,,,1
1922,bronkhe01,Herman Bronkie,37,SLB,AL,23,74,64,7,18,4,1,0,2,0,2,6,7,.281,.343,.375,.718,84,24,,0,4,,,5
1922,browefr01,Frank Brower,29,WSH,AL,139,550,471,61,138,20,6,9,71,8,6,52,25,.293,.375,.418,.793,110,197,,10,13,,,*9/3
1922,brownmy01,Myrl Brown,27,PIT,NL,7,15,11,1,3,0,0,0,3,0,0,2,2,.273,.385,.273,.657,72,3,,0,2,,,/1
1922,bruggfr01,Frank Bruggy,31,PHA,AL,53,119,111,10,31,7,0,0,9,1,2,6,11,.279,.322,.342,.664,72,38,,1,1,,,2
1922,bubseha01,Hal Bubser,26,CHW,AL,3,3,3,0,0,0,0,0,0,0,0,0,2,.000,.000,.000,.000,-100,0,,0,0,,,
1922,burnsge01,George Burns,32,CIN,NL,156,723,631,104,180,20,10,1,53,30,23,78,38,.285,.366,.353,.719,88,223,,2,12,,,*89
1922,burnsge02,George Burns,29,BOS,AL,147,602,558,71,171,32,5,12,73,8,2,20,28,.306,.341,.446,.787,104,249,,9,15,,,*3
1922,bushjo01,Bullet Joe Bush,29,NYY,AL,39,103,95,15,31,6,2,0,12,0,1,3,11,.326,.347,.432,.779,100,41,,0,5,,,1
1922,bushdo01,Donie Bush,34,WSH,AL,41,158,134,17,32,4,1,0,7,1,1,21,7,.239,.342,.284,.626,67,38,,0,4,,,5/4
1922,cadorle01,Leon Cadore,30,BRO,NL,29,76,71,7,19,0,1,2,10,0,0,2,15,.268,.288,.380,.668,71,27,,0,3,,,1
1922,callama01,Marty Callaghan,22,CHC,NL,74,195,175,31,45,7,4,0,20,2,3,17,17,.257,.326,.343,.669,72,60,,1,2,,,97/8
1922,callafr01,Frank Callaway,24,PHA,AL,29,51,48,5,13,0,2,0,4,0,0,0,13,.271,.271,.354,.625,60,17,,0,2,,,4/56
1922,careyma01,Max Carey,32,PIT,NL,155,732,629,140,207,28,12,10,70,51,2,80,26,.329,.408,.459,.868,122,289,,4,19,,,*8/7
1922,carlsha01,Hal Carlson,30,PIT,NL,39,61,56,10,15,2,0,1,9,0,0,2,7,.268,.293,.357,.650,66,20,,0,4,,,1
1922,causere01,Red Causey,28,NYG,NL,25,22,21,4,5,0,0,0,3,0,0,0,5,.238,.238,.238,.476,22,5,,0,1,,,1
1922,cavenik01,Ike Caveney,27,CIN,NL,118,453,394,41,94,12,9,3,54,6,6,29,33,.239,.301,.338,.638,66,133,,6,24,,,*6
1922,chapled01,Ed Chaplin,28,BOS,AL,28,80,69,8,13,1,1,0,6,2,1,9,9,.188,.282,.232,.514,36,16,,0,2,,,2
1922,cheevvi01,Virgil Cheeves,21,CHC,NL,39,68,62,6,13,1,1,1,3,0,1,2,16,.210,.258,.306,.564,44,19,,2,2,,,1
1922,chrisll01,Lloyd Christenbury,28,BSN,NL,71,177,152,22,38,5,2,1,13,2,4,18,11,.250,.337,.329,.666,76,50,,2,5,,,7/459
1922,clantuk01,Uke Clanton,24,CLE,AL,1,1,1,0,0,0,0,0,0,0,0,0,1,.000,.000,.000,.000,-100,0,,0,0,,,/3
1922,clarkda04,Danny Clark,28,DET,AL,83,209,185,31,54,11,3,3,26,1,0,15,11,.292,.345,.432,.777,104,80,,0,5,,,4/95
1922,clemove01,Verne Clemons,30,STL,NL,71,179,160,9,41,4,0,0,15,1,0,18,5,.256,.331,.281,.613,63,45,,0,1,,,2
1922,cobbty01,Ty Cobb,35,DET,AL,137,613,526,99,211,42,16,4,99,9,13,55,24,.401,.462,.565,1.026,169,297,,4,27,,,*8
1922,colebe01,Bert Cole,25,DET,AL,27,28,25,2,4,0,0,0,1,0,0,2,9,.160,.222,.160,.382,2,4,,0,0,,,1/8
1922,collied01,Eddie Collins,35,CHW,AL,154,702,598,92,194,20,12,1,69,20,12,73,16,.324,.401,.403,.804,111,241,,3,27,,,*4
1922,collipa01,Pat Collins,25,SLB,AL,63,149,127,14,39,6,0,8,23,0,1,21,21,.307,.405,.543,.949,141,69,,0,1,,,2/3
1922,colliri01,Rip Collins,26,BOS,AL,33,79,76,2,12,3,0,0,4,0,0,1,35,.158,.179,.197,.377,-2,15,,1,1,,,1
1922,collish01,Shano Collins,36,BOS,AL,135,503,472,33,128,24,7,1,52,7,9,7,30,.271,.289,.358,.647,68,169,,5,20,,,*98/73
1922,connojo05,Joe Connolly,28,CLE,AL,12,51,45,6,11,2,1,0,6,1,0,5,8,.244,.320,.333,.653,69,15,,0,1,,,8
1922,coonejo01,Johnny Cooney,21,BSN,NL,4,8,8,0,0,0,0,0,0,0,0,0,1,.000,.000,.000,.000,-100,0,,0,0,,,/1
1922,coopewi01,Wilbur Cooper,30,PIT,NL,41,117,108,18,29,5,1,4,15,0,0,6,6,.269,.307,.444,.751,91,48,,0,3,,,1
1922,cotteho01,Hooks Cotter,22,CHC,NL,1,1,1,0,1,1,0,0,0,0,0,0,0,1.000,1.000,2.000,3.000,653,2,,0,0,,,
1922,couchjo01,Johnny Couch,31,CIN,NL,43,100,91,3,12,1,2,0,10,0,0,6,28,.132,.186,.187,.372,-3,17,,0,3,,,1
1922,courtha01,Harry Courtney,23,TOT,AL,23,40,37,3,9,3,1,0,3,0,0,3,3,.243,.300,.378,.678,77,14,,0,0,,,1
1922,courtha01,Harry Courtney,23,WSH,AL,5,4,4,0,0,0,0,0,0,0,0,0,1,.000,.000,.000,.000,-100,0,,0,0,,,/1
1922,courtha01,Harry Courtney,23,CHW,AL,18,36,33,3,9,3,1,0,3,0,0,3,2,.273,.333,.424,.758,97,14,,0,0,,,1
1922,covelst01,Stan Coveleski,32,CLE,AL,35,108,99,4,10,1,1,0,7,0,0,6,21,.101,.160,.131,.292,-24,13,,1,2,,,1
1922,coxer01,Ernie Cox,28,CHW,AL,1,0,0,0,0,0,0,0,0,0,0,0,0,,,,,,0,,0,0,,,/1
1922,cranesa02,Sam Crane,27,BRO,NL,3,9,8,1,2,1,0,0,0,0,0,0,1,.250,.333,.375,.708,82,3,,1,0,,,/6
1922,cruiswa01,Walton Cruise,32,BSN,NL,104,413,352,51,98,15,10,4,46,4,4,44,20,.278,.360,.412,.772,103,145,,1,16,,,97/3
1922,cunnibi02,Bill Cunningham,27,NYG,NL,85,244,229,37,75,15,2,2,33,4,5,7,9,.328,.350,.437,.787,100,100,,1,6,,,8/75
1922,cutshge01,George Cutshaw,35,DET,AL,132,553,499,57,133,14,8,2,61,11,5,20,13,.267,.300,.339,.639,68,169,,4,33,,,*4
1922,cuyleki01,Kiki Cuyler,23,PIT,NL,1,0,0,0,0,0,0,0,0,0,0,0,0,,,,,,0,,0,0,,,
1922,cvengmi01,Mike Cvengros,21,NYG,NL,1,3,3,0,0,0,0,0,0,0,0,0,1,.000,.000,.000,.000,-100,0,,0,0,,,/1
1922,danfoda01,Dave Danforth,32,SLB,AL,20,30,23,1,2,0,0,0,0,0,0,1,6,.087,.125,.087,.212,-45,2,,0,0,,,1
1922,daubeja01,Jake Daubert,38,CIN,NL,156,701,610,114,205,15,22,12,66,14,17,56,21,.336,.395,.492,.886,129,300,,3,31,,,*3
1922,daussho01,Hooks Dauss,32,DET,AL,39,85,72,4,15,3,0,1,7,0,0,8,20,.208,.296,.292,.588,56,21,,1,3,,,1
1922,davenlu01,Lum Davenport,22,CHW,AL,12,4,3,0,0,0,0,0,0,0,0,1,3,.000,.250,.000,.250,-30,0,,0,0,,,/1
1922,davisdi01,Dixie Davis,31,SLB,AL,25,69,59,4,8,1,0,0,2,0,0,4,8,.136,.190,.153,.343,-11,9,,0,6,,,1
1922,deberha01,Hank DeBerry,27,BRO,NL,85,290,259,29,78,10,1,3,35,4,1,20,9,.301,.354,.382,.736,90,99,,1,9,,,2
1922,decatar01,Art Decatur,28,BRO,NL,29,27,25,2,2,1,0,0,0,0,0,1,11,.080,.115,.120,.235,-39,3,,0,1,,,1
1922,devoral01,Al DeVormer,30,NYY,AL,24,64,59,8,12,4,1,0,11,0,0,1,6,.203,.217,.305,.522,34,18,,0,4,,,2/3
1922,doakbi01,Bill Doak,31,STL,NL,37,63,54,2,7,0,0,0,2,0,0,1,20,.130,.161,.130,.290,-23,7,,1,7,,,1
1922,dodgesa01,Sam Dodge,22,BOS,AL,3,2,2,0,0,0,0,0,0,0,0,0,2,.000,.000,.000,.000,-100,0,,0,0,,,/1
1922,dolanco02,Cozy Dolan,39,NYG,NL,1,0,0,0,0,0,0,0,0,0,0,0,0,,,,,,0,,0,0,,,
1922,donohpe01,Pete Donohue,21,CIN,NL,33,93,88,4,16,2,0,0,6,0,0,0,17,.182,.182,.205,.386,0,18,,0,5,,,1
1922,doranbi01,Bill Doran,24,CLE,AL,3,3,2,0,1,0,0,0,0,0,0,1,0,.500,.667,.500,1.167,205,1,,0,0,,,/5
1922,douglph01,Phil Douglas,32,NYG,NL,24,60,58,4,12,0,1,1,5,0,0,0,13,.207,.220,.293,.513,30,17,,1,1,,,1
1922,drakelo01,Logan Drake,22,CLE,AL,1,1,1,0,0,0,0,0,0,0,0,0,1,.000,.000,.000,.000,-100,0,,0,0,,,/1
1922,duffla01,Cecil Duff,25,CHW,AL,3,5,5,2,2,0,0,0,1,0,0,0,1,.400,.400,.400,.800,110,2,,0,0,,,/1
1922,duganjo01,Joe Dugan,25,TOT,AL,144,642,593,89,170,31,4,6,64,3,3,22,49,.287,.318,.383,.701,82,227,,5,22,,,*56
1922,duganjo01,Joe Dugan,25,BOS,AL,84,361,341,45,98,22,3,3,38,2,3,9,28,.287,.308,.396,.704,83,135,,1,10,,,56
1922,duganjo01,Joe Dugan,25,NYY,AL,60,281,252,44,72,9,1,3,26,1,0,13,21,.286,.331,.365,.696,80,92,,4,12,,,5
1922,duncapa01,Pat Duncan,28,CIN,NL,151,670,607,94,199,44,12,8,94,12,28,40,31,.328,.370,.479,.850,119,291,,1,22,,,*7
1922,durstce01,Cedric Durst,25,SLB,AL,15,13,12,5,4,1,0,0,0,0,0,0,1,.333,.333,.417,.750,91,5,,0,1,,,/879
1922,dyered01,Eddie Dyer,22,STL,NL,6,3,3,1,1,1,0,0,0,0,0,0,0,.333,.333,.667,1.000,157,2,,0,0,,,/1
1922,dykesji01,Jimmy Dykes,25,PHA,AL,145,581,501,66,138,23,7,12,68,6,2,55,98,.275,.359,.421,.780,101,211,,10,15,,,*5/4
1922,eckerch01,Charlie Eckert,24,PHA,AL,21,11,11,0,1,0,0,0,1,0,0,0,7,.091,.091,.091,.182,-53,1,,0,0,,,1
1922,edmonge01,George Edmondson,26,CLE,AL,2,0,0,0,0,0,0,0,0,0,0,0,0,,,,,,0,,0,0,,,/1
1922,edwarji01,James Edwards,27,CLE,AL,25,24,23,0,2,0,0,0,0,0,0,0,4,.087,.125,.087,.212,-44,2,,1,0,,,1
1922,ehmkeho01,Howard Ehmke,28,DET,AL,45,107,102,6,16,4,1,0,8,0,0,2,10,.157,.173,.216,.389,2,22,,0,4,,,1
1922,ellerfr01,Frank Ellerbe,26,SLB,AL,91,391,342,42,84,16,3,1,33,1,1,25,36,.246,.303,.319,.621,59,109,,3,20,,,5
1922,ensje01,Jewel Ens,32,PIT,NL,47,159,142,18,42,7,3,0,17,3,0,7,9,.296,.338,.387,.725,86,55,,2,8,,,4/536
1922,ericker01,Eric Erickson,30,WSH,AL,30,49,45,1,6,1,0,0,2,0,0,3,18,.133,.188,.156,.343,-8,7,,0,1,,,1
1922,eubanue01,Uel Eubanks,19,CHC,NL,2,1,1,1,1,1,0,0,0,0,0,0,0,1.000,1.000,2.000,3.000,653,2,,0,0,,,/1
1922,evansjo01,Joe Evans,27,CLE,AL,75,164,145,35,39,6,2,0,22,11,2,8,4,.269,.307,.338,.645,67,49,,0,11,,,7/89
1922,eversjo01,Johnny Evers,40,CHW,AL,1,5,3,0,0,0,0,0,1,0,0,2,0,.000,.400,.000,.400,12,0,,0,0,,,/4
1922,faberre01,Red Faber,33,CHW,AL,43,142,125,8,25,2,0,0,5,0,0,7,42,.200,.248,.216,.464,22,27,,1,10,,,1
1922,falkbi01,Bibb Falk,23,CHW,AL,131,534,483,58,144,27,1,12,79,2,6,27,55,.298,.335,.433,.768,100,209,,0,24,,,*7
1922,fergual01,Alex Ferguson,25,BOS,AL,39,72,65,1,6,0,0,0,6,0,0,2,22,.092,.119,.092,.212,-44,6,,0,6,,,1
1922,fewstch01,Chick Fewster,26,TOT,AL,67,255,215,28,56,8,2,1,18,10,7,22,33,.260,.332,.330,.662,72,71,,1,14,,,75/84
1922,fewstch01,Chick Fewster,26,NYY,AL,44,162,132,20,32,4,1,1,9,2,4,16,23,.242,.324,.311,.635,65,41,,0,11,,,7/84
1922,fewstch01,Chick Fewster,26,BOS,AL,23,93,83,8,24,4,1,0,9,8,3,6,10,.289,.344,.361,.706,85,30,,1,3,,,5
1922,fillida01,Dana Fillingim,28,BSN,NL,25,40,38,0,6,0,0,0,1,0,0,1,3,.158,.179,.158,.337,-10,6,,0,1,,,1
1922,fitzgho01,Howard Fitzgerald,20,CHC,NL,10,28,24,3,8,1,0,0,4,1,0,3,2,.333,.407,.375,.782,102,9,,0,1,,,/9
1922,flackma01,Max Flack,32,TOT,NL,83,359,321,53,90,13,1,2,27,5,6,33,15,.280,.349,.346,.695,83,111,,1,4,,,9/8
1922,flackma01,Max Flack,32,CHC,NL,17,57,54,7,12,1,0,0,6,2,1,2,4,.222,.250,.241,.491,27,13,,0,1,,,9
1922,flackma01,Max Flack,32,STL,NL,66,302,267,46,78,12,1,2,21,3,5,31,11,.292,.368,.367,.735,94,98,,1,3,,,9/8
1922,flagsir01,Ira Flagstead,28,DET,AL,44,111,91,21,28,5,3,3,8,0,1,14,16,.308,.411,.527,.939,146,48,,2,3,,,89/7
1922,fletcar01,Art Fletcher,37,PHI,NL,110,431,396,46,111,20,5,7,53,3,2,21,14,.280,.325,.409,.734,82,162,,5,9,,,*6
1922,fonsele01,Lew Fonseca,23,CIN,NL,81,318,291,55,105,20,3,4,45,7,8,14,18,.361,.390,.491,.882,128,143,,0,13,,,4
1922,fordho01,Hod Ford,24,BSN,NL,143,574,515,58,140,23,9,2,60,2,1,30,36,.272,.317,.363,.680,79,187,,4,25,,,*64
1922,fosteed02,Eddie Foster,35,TOT,AL,85,292,253,40,67,7,0,0,15,4,2,29,18,.265,.345,.292,.638,66,74,,2,8,,,5/6
1922,fosteed02,Eddie Foster,35,BOS,AL,48,121,109,11,23,3,0,0,3,1,1,9,10,.211,.277,.239,.516,36,26,,1,3,,,5/6
1922,fosteed02,Eddie Foster,35,SLB,AL,37,171,144,29,44,4,0,0,12,3,1,20,8,.306,.394,.333,.727,88,48,,1,5,,,5
1922,fothebo01,Bob Fothergill,24,DET,AL,42,162,152,20,49,12,4,0,29,1,5,8,9,.322,.356,.454,.810,112,69,,0,3,,,9/87
1922,fournja01,Jack Fournier,32,STL,NL,128,462,404,64,119,23,9,10,61,6,8,40,21,.295,.368,.470,.838,119,190,,7,11,,,*3/1
1922,francra01,Ray Francis,29,WSH,AL,39,86,78,2,13,2,0,0,3,0,0,5,15,.167,.217,.192,.409,9,15,,0,3,,,1
1922,freembu02,Buck Freeman,25,CHC,NL,11,8,8,1,1,1,0,0,0,0,0,0,2,.125,.125,.250,.375,-6,2,,0,0,,,1
1922,freigho01,Howard Freigau,19,STL,NL,3,1,1,0,0,0,0,0,0,0,0,0,0,.000,.000,.000,.000,-100,0,,0,0,,,/65
1922,fribebe01,Bernie Friberg,22,CHC,NL,97,343,296,51,92,8,2,0,23,8,10,37,37,.311,.391,.351,.742,92,104,,2,8,,,98/7354
1922,friscfr01,Frankie Frisch,24,NYG,NL,132,582,514,101,168,16,13,5,51,31,17,47,13,.327,.387,.438,.824,110,225,,3,18,,,45/6
1922,fuhrmol01,Ollie Fuhrman,25,PHA,AL,6,7,6,1,2,1,0,0,0,0,0,0,0,.333,.333,.500,.833,113,3,,0,0,,,/2
1922,fullecu01,Curt Fullerton,23,BOS,AL,31,11,8,2,2,0,1,0,0,0,0,3,1,.250,.455,.500,.955,149,4,,0,0,,,1
1922,fussefr01,Fred Fussell,26,CHC,NL,3,7,6,1,0,0,0,0,0,0,0,1,6,.000,.143,.000,.143,-60,0,,0,0,,,/1
1922,gagnoch01,Chick Gagnon,24,DET,AL,10,4,4,2,1,0,0,0,0,0,0,0,2,.250,.250,.250,.500,32,1,,0,0,,,/56
1922,gainede01,Del Gainer,35,STL,NL,43,116,97,19,26,7,4,2,23,0,2,14,6,.268,.360,.485,.845,121,47,,0,5,,,3/78
1922,gallagi01,Gil Gallagher,25,BSN,NL,7,23,22,1,1,1,0,0,2,0,0,1,7,.045,.087,.091,.178,-53,2,,0,0,,,/6
1922,galloch01,Chick Galloway,25,PHA,AL,155,628,571,83,185,26,9,6,69,10,19,39,39,.324,.368,.433,.801,106,247,,1,18,,,*6
1922,gardnla01,Larry Gardner,36,CLE,AL,137,539,470,74,134,31,3,2,68,9,8,49,21,.285,.355,.377,.732,89,177,,2,17,,,*5
1922,gastoal01,Alex Gaston,29,NYG,NL,16,26,26,1,5,0,0,0,1,1,0,0,3,.192,.192,.192,.385,-1,5,,0,0,,,2
1922,genewjo01,Joe Genewich,25,BSN,NL,6,6,6,1,1,0,0,0,1,0,0,0,2,.167,.167,.167,.333,-12,1,,0,0,,,/1
1922,gerbewa01,Wally Gerber,30,SLB,AL,153,690,604,81,161,22,8,1,51,6,4,52,34,.267,.326,.334,.660,70,202,,1,32,,,*6
1922,gharrpa01,Patsy Gharrity,30,WSH,AL,96,323,273,40,70,16,6,5,45,3,3,36,30,.256,.351,.414,.765,102,113,,4,9,,,2
1922,gibsofr01,Frank Gibson,31,BSN,NL,66,179,164,15,49,7,2,3,20,4,1,10,27,.299,.339,.421,.760,99,69,,0,5,,,23
1922,gillejo01,John Gillespie,22,CIN,NL,31,16,15,2,2,1,0,0,0,0,0,0,4,.133,.133,.200,.333,-14,3,,0,1,,,1
1922,glaznwh01,Whitey Glazner,28,PIT,NL,34,71,65,5,16,4,1,1,12,0,0,1,15,.246,.258,.385,.642,63,25,,0,5,,,1
1922,gleasjo01,Joe Gleason,26,WSH,AL,8,16,14,2,2,0,0,0,0,0,0,2,6,.143,.250,.143,.393,6,2,,0,0,,,/1
1922,goebeed01,Ed Goebel,23,WSH,AL,37,68,59,13,16,1,0,1,3,1,1,8,16,.271,.358,.339,.697,85,20,,0,0,,,9/78
1922,golviwa01,Walt Golvin,28,CHC,NL,2,2,2,0,0,0,0,0,1,0,0,0,0,.000,.000,.000,.000,-100,0,,0,0,,,/3
1922,goochjo01,Johnny Gooch,24,PIT,NL,105,401,353,45,116,15,3,1,42,1,1,39,15,.329,.403,.397,.800,106,140,,5,4,,,*2
1922,goodwma01,Marv Goodwin,31,STL,NL,2,0,0,0,0,0,0,0,0,0,0,0,0,,,,,,0,,0,0,,,/1
1922,gordira01,Ray Gordinier,30,BRO,NL,5,2,2,0,0,0,0,0,0,0,0,0,1,.000,.000,.000,.000,-100,0,,0,0,,,/1
1922,gosligo01,Goose Goslin,21,WSH,AL,101,394,358,44,116,19,7,3,53,4,4,25,26,.324,.373,.441,.814,115,158,,3,8,,,7/9
1922,gowdyha01,Hank Gowdy,32,BSN,NL,92,254,221,23,70,11,1,1,27,2,1,24,13,.317,.391,.389,.780,106,86,,3,6,,,2/3
1922,graharo01,Roy Graham,27,CHW,AL,5,5,3,0,0,0,0,0,0,0,0,0,0,.000,.400,.000,.400,12,0,,2,0,,,/2
1922,graneja01,Jack Graney,36,CLE,AL,37,71,58,6,9,0,0,0,2,0,0,9,12,.155,.279,.155,.435,15,9,,1,3,,,/978
1922,grantge01,George Grantham,22,CHC,NL,7,24,23,3,4,1,1,0,3,2,0,1,3,.174,.208,.304,.513,30,7,,0,0,,,/5
1922,griffbe01,Bert Griffith,26,BRO,NL,106,343,325,45,100,22,8,2,35,5,7,5,11,.308,.322,.443,.765,96,144,,2,12,,,9/387
1922,griffto01,Tommy Griffith,32,BRO,NL,99,360,329,44,104,17,8,4,49,7,1,23,10,.316,.361,.453,.814,109,149,,0,12,,,9
1922,grimebu01,Burleigh Grimes,28,BRO,NL,36,106,93,15,22,3,1,0,11,2,0,9,15,.237,.304,.290,.594,54,27,,0,4,,,1
1922,grimera01,Ray Grimes,28,CHC,NL,138,596,509,99,180,45,12,14,99,7,7,75,33,.354,.442,.572,1.014,159,291,,6,6,,,*3
1922,grimmch01,Charlie Grimm,23,PIT,NL,154,649,593,64,173,28,13,0,76,6,10,43,15,.292,.343,.383,.726,86,227,,3,10,,,*3
1922,grohhe01,Heinie Groh,32,NYG,NL,115,496,426,63,113,21,3,3,51,5,6,53,21,.265,.353,.350,.703,80,149,,5,13,,,*5
1922,guistlo01,Lou Guisto,27,CLE,AL,35,90,84,7,21,10,1,0,9,0,0,2,7,.250,.276,.393,.669,71,33,,1,3,,,3
1922,haineje01,Jesse Haines,28,STL,NL,30,74,72,6,12,1,1,0,3,1,0,1,16,.167,.178,.208,.386,1,15,,0,1,,,1/3
1922,hamando01,Doc Hamann,21,CLE,AL,1,0,0,0,0,0,0,0,0,0,0,0,0,,,,,,0,,0,0,,,/1
1922,hamilea01,Earl Hamilton,30,PIT,NL,33,63,58,2,9,2,0,0,0,0,0,2,13,.155,.183,.190,.373,-4,11,,0,3,,,1
1922,hammoja01,Jack Hammond,31,TOT,MLB,10,16,15,4,4,0,0,0,0,0,0,1,0,.267,.313,.267,.579,50,4,,0,0,,,/4
1922,hammoja01,Jack Hammond,31,CLE,AL,1,4,4,1,1,0,0,0,0,0,0,0,0,.250,.250,.250,.500,29,1,,0,0,,,/4
1922,hammoja01,Jack Hammond,31,PIT,NL,9,12,11,3,3,0,0,0,0,0,0,1,0,.273,.333,.273,.606,57,3,,0,0,,,/4
1922,haneyfr01,Fred Haney,26,DET,AL,81,257,213,41,75,7,4,0,25,3,8,32,14,.352,.439,.423,.862,128,90,,1,12,,,53/6
1922,hargrbu01,Bubbles Hargrave,29,CIN,NL,98,358,320,49,101,22,10,7,57,7,4,26,18,.316,.371,.513,.883,127,164,,2,10,,,2
1922,harpege02,George Harper,30,CIN,NL,128,482,430,67,146,22,8,2,68,11,10,35,22,.340,.397,.442,.839,118,190,,6,11,,,*9/87
1922,harribu01,Bucky Harris,25,WSH,AL,154,690,602,95,162,24,8,2,40,25,11,52,38,.269,.341,.346,.687,82,208,,14,17,,,*4
1922,harrijo03,Joe Harris,31,BOS,AL,119,448,408,53,129,30,9,6,54,2,6,30,15,.316,.364,.478,.842,119,195,,1,9,,,739
1922,harrisl01,Slim Harriss,24,PHA,AL,47,79,74,4,13,0,0,0,3,0,0,1,19,.176,.187,.176,.362,-6,13,,0,4,,,1
1922,hartnga01,Gabby Hartnett,21,CHC,NL,31,82,72,4,14,1,1,0,4,1,0,6,8,.194,.256,.236,.493,27,17,,0,4,,,2
1922,hastybo01,Bob Hasty,26,PHA,AL,28,76,75,3,15,1,0,1,9,0,0,1,19,.200,.211,.253,.464,19,19,,0,0,,,1
1922,hausejo01,Joe Hauser,23,PHA,AL,111,408,368,61,119,21,5,9,43,1,5,30,37,.323,.378,.481,.858,120,177,,2,8,,,3
1922,heathcl01,Cliff Heathcote,24,TOT,NL,110,383,341,48,92,13,9,1,48,5,4,27,19,.270,.325,.370,.695,79,126,,1,12,,,89/7
1922,heathcl01,Cliff Heathcote,24,STL,NL,34,113,98,11,24,5,2,0,14,0,2,9,4,.245,.315,.337,.652,72,33,,1,4,,,8/7
1922,heathcl01,Cliff Heathcote,24,CHC,NL,76,270,243,37,68,8,7,1,34,5,2,18,15,.280,.330,.383,.712,82,93,,0,8,,,98
1922,heilmha01,Harry Heilmann,27,DET,AL,118,526,455,92,162,27,10,21,92,8,4,58,28,.356,.432,.598,1.030,169,272,,3,11,,,*9/3
1922,heimafr01,Fred Heimach,21,PHA,AL,37,68,60,6,15,3,1,0,7,1,0,5,12,.250,.308,.333,.641,66,20,,0,3,,,1
1922,henlibu01,Butch Henline,27,PHI,NL,125,481,430,57,136,20,4,14,64,2,2,36,33,.316,.380,.479,.859,113,206,,8,7,,,*2
1922,henrydu01,Dutch Henry,20,SLB,AL,4,0,0,0,0,0,0,0,0,0,0,0,0,,,,,,0,,0,0,,,/1
1922,henrysn01,Snake Henry,26,BSN,NL,18,71,66,5,13,4,1,0,5,2,2,2,8,.197,.221,.288,.508,33,19,,0,3,,,3
1922,higbema01,Mahlon Higbee,20,NYG,NL,3,11,10,2,4,0,0,1,5,0,0,0,2,.400,.400,.700,1.100,176,7,,0,1,,,/79
1922,highan01,Andy High,24,BRO,NL,153,659,579,82,164,27,10,6,65,3,12,59,26,.283,.354,.396,.749,93,229,,4,17,,,*56/4
1922,hillca01,Carmen Hill,26,NYG,NL,8,11,11,0,2,0,0,0,0,0,0,0,4,.182,.182,.182,.364,-7,2,,0,0,,,/1
1922,hodgesh01,Shovel Hodge,28,CHW,AL,35,61,58,4,12,1,0,0,4,0,0,1,10,.207,.220,.224,.444,16,13,,0,3,,,1
1922,hofmafr01,Fred Hofmann,28,NYY,AL,37,101,91,13,27,5,3,2,15,0,0,9,12,.297,.360,.484,.844,116,44,,0,1,,,2
1922,holkewa01,Walter Holke,29,BSN,NL,105,424,395,35,115,9,4,0,46,6,8,14,23,.291,.317,.334,.651,72,132,,1,14,,,*3
1922,hollica01,Carl Holling,25,DET,AL,7,2,2,0,0,0,0,0,0,0,0,0,1,.000,.000,.000,.000,-100,0,,0,0,,,/1
1922,hollibo01,Bonnie Hollingsworth,26,PIT,NL,9,0,0,0,0,0,0,0,0,0,0,0,0,,,,,,0,,0,0,,,/1
1922,holloch01,Charlie Hollocher,26,CHC,NL,152,691,592,90,201,37,8,3,69,19,29,58,5,.340,.403,.444,.847,117,263,,5,37,,,*6
1922,holloke01,Ken Holloway,24,DET,AL,1,0,0,0,0,0,0,0,0,0,0,0,0,,,,,,0,,0,0,,,/1
1922,hoodwa01,Wally Hood,27,BRO,NL,2,0,0,2,0,0,0,0,0,0,0,0,0,,,,,,0,,0,0,,,
1922,hoopeha01,Harry Hooper,34,CHW,AL,152,687,602,111,183,35,8,11,80,16,12,68,33,.304,.379,.444,.823,115,267,,5,10,,,*9
1922,hornsro01,Rogers Hornsby,26,STL,NL,154,704,623,141,250,46,14,42,152,17,12,65,50,.401,.459,.722,1.181,207,450,,1,15,,,*4
1922,hoytwa01,Waite Hoyt,22,NYY,AL,37,100,92,4,20,2,2,0,7,0,0,5,12,.217,.258,.283,.540,40,26,,0,3,,,1
1922,hubbebi01,Bill Hubbell,25,PHI,NL,35,76,70,6,12,4,0,0,3,0,0,4,14,.171,.216,.229,.445,11,16,,0,2,,,1
1922,hulihha01,Harry Hulihan,23,BSN,NL,7,15,13,2,2,0,0,0,1,0,0,0,4,.154,.214,.154,.368,-2,2,,1,1,,,/1
1922,hunglbe01,Bernie Hungling,26,BRO,NL,39,110,102,9,23,1,2,1,13,2,0,6,20,.225,.269,.304,.572,47,31,,0,3,,,2
1922,jackstr01,Travis Jackson,18,NYG,NL,3,9,8,1,0,0,0,0,0,0,0,0,2,.000,.000,.000,.000,-100,0,,0,0,,,/6
1922,jacobba01,Baby Doll Jacobson,31,SLB,AL,145,629,555,88,176,22,16,9,102,19,6,46,36,.317,.379,.463,.842,115,257,,9,19,,,*87/3
1922,jamiech01,Charlie Jamieson,29,CLE,AL,145,641,567,87,183,29,11,3,57,15,9,54,22,.323,.388,.429,.816,111,243,,6,14,,,*78/1
1922,janvrha01,Hal Janvrin,29,BRO,NL,30,62,57,7,17,3,1,0,1,0,0,4,4,.298,.344,.386,.730,88,22,,0,1,,,4/6537
1922,jeanete01,Tex Jeanes,21,CLE,AL,1,2,1,0,0,0,0,0,0,0,0,1,0,.000,.500,.000,.500,39,0,,0,0,,,/71
1922,jenkijo02,John Jenkins,25,CHW,AL,5,4,3,0,0,0,0,0,1,0,0,0,2,.000,.000,.000,.000,-100,0,,0,1,,,/46
1922,johnser01,Ernie Johnson,34,CHW,AL,144,673,603,85,153,17,3,0,56,21,18,40,30,.254,.304,.292,.596,57,176,,4,26,,,*6
1922,johnsfr01,Fred Johnson,28,NYG,NL,2,5,4,0,0,0,0,0,0,0,0,0,3,.000,.000,.000,.000,-100,0,,0,1,,,/1
1922,johnssy01,Syl Johnson,21,DET,AL,29,37,36,5,8,0,1,0,1,0,0,0,10,.222,.222,.278,.500,31,10,,0,1,,,1
1922,johnswa01,Walter Johnson,34,WSH,AL,43,112,108,8,22,3,0,1,15,0,0,2,12,.204,.218,.259,.477,26,28,,0,2,,,1
1922,johnsdo01,Doc Johnston,34,PHA,AL,71,301,260,41,65,11,7,1,29,7,6,24,15,.250,.316,.358,.673,74,93,,1,15,,,3
1922,johnsji01,Jimmy Johnston,32,BRO,NL,138,617,567,110,181,20,7,4,49,18,9,38,17,.319,.364,.400,.764,97,227,,2,10,,,465
1922,jonesbo01,Bob Jones,32,DET,AL,124,524,455,65,117,10,6,3,44,8,5,36,18,.257,.314,.325,.640,69,148,,2,29,,,*5
1922,jonespe01,Percy Jones,22,CHC,NL,44,53,47,2,4,0,0,0,3,0,0,2,18,.085,.122,.085,.208,-46,4,,0,4,,,1
1922,jonessa01,Sad Sam Jones,29,NYY,AL,45,102,87,14,23,9,0,1,11,1,0,6,28,.264,.347,.402,.749,93,35,,5,4,,,1
1922,jonnabu01,Bubber Jonnard,24,PIT,NL,10,23,21,4,5,0,1,0,2,0,0,2,4,.238,.304,.333,.638,64,7,,0,0,,,2
1922,jonnacl01,Claude Jonnard,24,NYG,NL,33,27,24,3,1,0,0,0,0,0,0,1,16,.042,.080,.042,.122,-68,1,,0,2,,,1
1922,judgejo01,Joe Judge,28,WSH,AL,148,666,591,84,174,32,15,10,81,5,15,50,20,.294,.355,.450,.806,112,266,,6,14,,,*3
1922,kahdoik01,Ike Kahdot,22,CLE,AL,4,2,2,0,0,0,0,0,0,0,0,0,1,.000,.000,.000,.000,-100,0,,0,0,,,/5
1922,karrbe01,Benn Karr,28,BOS,AL,66,104,98,7,21,2,0,0,4,1,0,4,7,.214,.245,.235,.480,26,23,,0,1,,,1
1922,kaufmto01,Tony Kaufmann,21,CHC,NL,38,52,45,4,9,2,1,1,4,0,0,2,14,.200,.234,.356,.590,49,16,,0,5,,,1
1922,keckca01,Cactus Keck,23,CIN,NL,27,50,44,2,7,0,0,0,2,0,1,2,18,.159,.213,.159,.372,-2,7,,1,3,,,1
1922,keefeda01,Dave Keefe,25,CLE,AL,18,7,6,1,2,0,0,0,1,0,0,1,2,.333,.429,.333,.762,99,2,,0,0,,,1
1922,keenvi01,Vic Keen,23,CHC,NL,7,13,12,1,4,0,0,0,0,1,0,0,2,.333,.333,.333,.667,72,4,,0,1,,,/1
1922,kellejo02,John Kelleher,28,CHC,NL,63,222,193,23,50,7,1,0,20,5,7,15,14,.259,.316,.306,.621,60,59,,1,13,,,5/63
1922,kellyge01,High Pockets Kelly,26,NYG,NL,151,642,592,96,194,33,8,17,107,12,3,30,65,.328,.363,.497,.860,118,294,,3,15,,,*3
1922,ketchgu01,Gus Ketchum,25,PHA,AL,6,4,4,0,0,0,0,0,0,0,0,0,1,.000,.000,.000,.000,-100,0,,0,0,,,/1
1922,kimmiwa01,Wally Kimmick,25,CIN,NL,39,93,89,11,22,2,1,0,12,0,0,3,12,.247,.272,.292,.564,47,26,,0,1,,,6/45
1922,kingle02,Lee King,29,TOT,NL,39,102,87,14,18,8,1,2,15,1,0,13,8,.207,.310,.391,.701,76,34,,0,2,,,7/839
1922,kingle02,Lee King,29,PHI,NL,19,62,53,8,12,5,1,2,13,0,0,8,6,.226,.328,.472,.800,98,25,,0,1,,,7/8
1922,kingle02,Lee King,29,NYG,NL,20,40,34,6,6,3,0,0,2,1,0,5,2,.176,.282,.265,.547,41,9,,0,1,,,/398
1922,klugmjo01,Joe Klugmann,27,CHC,NL,2,2,2,0,0,0,0,0,0,0,0,0,0,.000,.000,.000,.000,-100,0,,0,0,,,/4
1922,knighja01,Jack Knight,27,STL,NL,1,2,2,0,1,0,0,0,0,0,0,0,0,.500,.500,.500,1.000,164,1,,0,0,,,/1
1922,kolpra01,Ray Kolp,27,SLB,AL,32,71,57,7,17,6,1,0,6,0,0,3,9,.298,.333,.439,.772,97,25,,0,11,,,1
1922,kopfla01,Larry Kopf,31,BSN,NL,126,530,466,59,124,6,3,1,37,8,9,45,22,.266,.332,.298,.630,67,139,,1,16,,,465
1922,krugma01,Marty Krug,33,CHC,NL,127,524,450,67,124,23,4,4,60,7,9,43,43,.276,.343,.371,.714,83,167,,3,28,,,*54/6
1922,lamotbo01,Bobby LaMotte,24,WSH,AL,68,240,214,22,54,10,2,1,23,6,1,15,21,.252,.307,.332,.639,69,71,,2,10,,,5/6
1922,lansige01,Gene Lansing,24,BSN,NL,15,13,11,1,0,0,0,0,0,0,0,2,6,.000,.154,.000,.154,-56,0,,0,0,,,1
1922,lapanpe01,Pete Lapan,31,WSH,AL,11,39,34,7,11,1,0,1,6,1,0,3,4,.324,.378,.441,.820,116,15,,0,1,,,2
1922,lavando01,Doc Lavan,31,STL,NL,89,294,264,24,60,8,1,0,27,3,1,13,10,.227,.271,.265,.537,42,70,,3,13,,,6/5
1922,leboube01,Bevo LeBourveau,25,PHI,NL,74,196,167,24,45,8,3,2,20,0,3,24,29,.269,.368,.389,.757,89,65,,2,4,,,7/98
1922,leecl01,Cliff Lee,25,PHI,NL,122,463,422,65,136,29,6,17,77,2,3,32,43,.322,.371,.540,.912,125,228,,1,7,,,73/95
1922,leibone01,Nemo Leibold,30,BOS,AL,81,322,271,42,70,8,1,1,18,1,6,41,14,.258,.360,.306,.666,76,83,,2,6,,,8/97
1922,lesliro01,Roy Leslie,27,PHI,NL,141,567,513,44,139,23,2,6,50,3,7,37,49,.271,.320,.359,.679,69,184,,0,17,,,*3
1922,leverdi01,Dixie Leverett,28,CHW,AL,33,87,83,6,21,8,0,0,12,0,0,2,25,.253,.279,.349,.628,64,29,,1,1,,,1
1922,lindsji01,Jim Lindsey,23,CLE,AL,29,24,24,1,4,0,1,0,1,0,0,0,6,.167,.167,.250,.417,6,6,,0,0,,,1
1922,llewecl01,Clem Llewellyn,26,NYY,AL,1,0,0,0,0,0,0,0,0,0,0,0,0,,,,,,0,,0,0,,,/1
1922,longji02,Jimmie Long,24,CHW,AL,3,4,3,0,0,0,0,0,0,0,0,1,0,.000,.250,.000,.250,-30,0,,0,0,,,/2
1922,lovelto01,Tom Lovelace,24,PIT,NL,1,1,1,0,0,0,0,0,0,0,0,0,0,.000,.000,.000,.000,-100,0,,0,0,,,
1922,luquedo01,Dolf Luque,31,CIN,NL,39,94,86,9,18,5,0,0,6,0,0,4,18,.209,.253,.267,.520,35,23,,1,3,,,1
1922,lutzre01,Red Lutz,23,CIN,NL,1,1,1,0,1,1,0,0,0,0,0,0,0,1.000,1.000,2.000,3.000,663,2,,0,0,,,/2
1922,lynchwa01,Walt Lynch,25,BOS,AL,3,2,2,1,1,0,0,0,0,0,0,0,0,.500,.500,.500,1.000,162,1,,0,0,,,/2
1922,mackfr01,Frank Mack,22,CHW,AL,8,12,12,1,3,0,1,0,0,0,0,0,4,.250,.250,.417,.667,72,5,,0,0,,,/1
1922,macphwa01,Waddy MacPhee,22,NYG,NL,2,8,7,2,2,0,1,0,0,0,0,1,0,.286,.375,.571,.946,139,4,,0,0,,,/5
1922,maguifr01,Freddie Maguire,23,NYG,NL,5,12,12,4,4,0,0,0,1,1,0,0,1,.333,.333,.333,.667,71,4,,0,0,,,/4
1922,mailsdu01,Duster Mails,27,CLE,AL,26,34,31,2,5,1,1,0,1,0,0,2,14,.161,.212,.258,.470,21,8,,0,1,,,1
1922,maisege01,George Maisel,30,CHC,NL,38,98,84,9,16,1,1,0,6,1,3,8,2,.190,.261,.226,.487,26,19,,0,6,,,89/7
1922,mamaual01,Al Mamaux,28,BRO,NL,37,24,17,2,4,2,0,1,5,0,0,5,2,.235,.409,.529,.939,140,9,,0,2,,,1
1922,maniocl01,Clyde Manion,25,DET,AL,42,76,69,9,19,4,1,0,12,0,1,4,6,.275,.315,.362,.677,78,25,,0,3,,,2/3
1922,mannle01,Les Mann,29,STL,NL,84,166,147,42,51,14,1,2,20,0,1,16,12,.347,.415,.497,.911,139,73,,1,3,,,87
1922,maranra01,Rabbit Maranville,30,PIT,NL,155,746,672,115,198,26,15,0,63,24,13,61,43,.295,.355,.378,.733,88,254,,2,12,,,*64
1922,marklcl01,Cliff Markle,28,CIN,NL,25,22,20,1,3,1,0,0,2,0,0,2,7,.150,.227,.200,.427,12,4,,0,0,,,1
1922,marquru01,Rube Marquard,35,BSN,NL,39,66,63,3,14,0,0,0,4,0,0,0,9,.222,.222,.222,.444,17,14,,0,3,,,1
1922,martisp01,Speed Martin,28,CHC,NL,1,2,1,0,0,0,0,0,0,0,0,1,1,.000,.500,.000,.500,39,0,,0,0,,,/1
1922,matthjo01,Joe Matthews,23,BSN,NL,3,2,2,0,0,0,0,0,0,0,0,0,1,.000,.000,.000,.000,-100,0,,0,0,,,/1
1922,mattoji01,Jim Mattox,25,PIT,NL,29,54,51,11,15,1,1,0,3,0,0,1,3,.294,.308,.353,.661,69,18,,0,2,,,2
1922,maynach01,Chick Maynard,25,BOS,AL,12,29,24,1,3,0,0,0,0,0,1,3,2,.125,.222,.125,.347,-7,3,,0,2,,,6
1922,maysca01,Carl Mays,30,NYY,AL,35,96,92,7,23,1,1,0,7,0,0,2,10,.250,.266,.283,.549,42,26,,0,3,,,1
1922,mccabdi01,Dick McCabe,26,CHW,AL,3,0,0,0,0,0,0,0,0,0,0,0,0,,,,,,0,,0,0,,,/1
1922,mccleha01,Hervey McClellan,27,CHW,AL,91,338,301,28,68,17,3,2,28,3,2,16,32,.226,.272,.322,.594,55,97,,3,18,,,5/648
1922,mccuefr01,Frank McCue,23,PHA,AL,2,5,5,0,0,0,0,0,0,0,0,0,0,.000,.000,.000,.000,-100,0,,0,0,,,/5
1922,mccurha01,Harry McCurdy,22,STL,NL,13,28,27,3,8,2,2,0,5,0,0,1,1,.296,.321,.519,.840,118,14,,0,0,,,/23
1922,mcgowbe01,Beauty McGowan,20,PHA,AL,99,359,300,36,69,10,5,1,20,6,5,40,46,.230,.323,.307,.629,63,92,,1,17,,,89
1922,mcgresl01,Slim McGrew,22,WSH,AL,1,1,1,0,0,0,0,0,0,0,0,0,0,.000,.000,.000,.000,-100,0,,0,0,,,/1
1922,mchenau01,Austin McHenry,26,STL,NL,64,257,238,31,72,18,3,5,43,2,2,14,27,.303,.344,.466,.810,111,111,,1,4,,,7
1922,mcinnst01,Stuffy McInnis,31,CLE,AL,142,582,537,58,164,28,7,1,78,1,5,15,5,.305,.325,.389,.715,84,209,,1,27,,,*3
1922,mcmanma01,Marty McManus,22,SLB,AL,154,663,606,88,189,34,11,11,109,9,6,38,41,.312,.358,.459,.817,108,278,,6,15,,,*4/3
1922,mcmilno01,Norm McMillan,26,NYY,AL,33,89,78,7,20,1,2,0,13,4,1,6,10,.256,.310,.321,.630,63,25,,0,5,,,89/5
1922,mcnalmi01,Mike McNally,28,NYY,AL,52,179,143,20,36,2,2,0,17,3,0,16,14,.252,.331,.294,.625,63,42,,1,17,,,5/463
1922,mcnamge01,George McNamara,21,WSH,AL,3,12,11,3,3,0,0,0,1,0,0,1,2,.273,.333,.273,.606,62,3,,0,0,,,/9
1922,mcnamti01,Tim McNamara,23,BSN,NL,24,20,17,2,2,0,0,0,1,0,0,2,5,.118,.211,.118,.328,-11,2,,0,1,,,1
1922,mcnamto01,Tom McNamara,26,PIT,NL,1,1,1,0,0,0,0,0,0,0,0,0,0,.000,.000,.000,.000,-100,0,,0,0,,,
1922,mcnulpa01,Pat McNulty,23,CLE,AL,22,71,59,10,16,2,1,0,5,4,1,9,5,.271,.368,.339,.707,84,20,,0,3,,,8/97
1922,mcquihu01,Hugh McQuillan,26,TOT,NL,47,85,79,4,14,2,0,0,6,0,0,1,15,.177,.188,.203,.390,1,16,,0,5,,,1
1922,mcquihu01,Hugh McQuillan,26,BSN,NL,32,48,42,2,7,1,0,0,2,0,0,1,8,.167,.186,.190,.377,-1,8,,0,5,,,1
1922,mcquihu01,Hugh McQuillan,26,NYG,NL,15,37,37,2,7,1,0,0,4,0,0,0,7,.189,.189,.216,.405,3,8,,0,0,,,1
1922,mcweedo01,Doug McWeeny,25,CHW,AL,4,2,1,0,0,0,0,0,0,0,0,1,1,.000,.500,.000,.500,40,0,,0,0,,,/1
1922,meadole01,Lee Meadows,27,PHI,NL,33,93,86,8,27,4,0,0,5,0,0,1,25,.314,.330,.360,.690,72,31,,1,5,,,1
1922,meinehe01,Heinie Meine,26,SLB,AL,1,1,1,0,0,0,0,0,0,0,0,0,0,.000,.000,.000,.000,-100,0,,0,0,,,/1
1922,menosmi01,Mike Menosky,27,BOS,AL,126,461,406,61,115,16,5,3,32,9,5,40,33,.283,.355,.369,.724,90,150,,5,11,,,*79/8
1922,merewar01,Art Merewether,19,PIT,NL,1,1,1,0,0,0,0,0,0,0,0,0,0,.000,.000,.000,.000,-100,0,,0,0,,,
1922,metivde01,Dewey Metivier,24,CLE,AL,2,7,6,1,1,0,0,0,0,1,0,1,0,.167,.286,.167,.452,19,1,,0,0,,,/1
1922,meusebo01,Bob Meusel,25,NYY,AL,121,524,473,61,151,26,11,16,88,13,8,40,58,.319,.376,.522,.898,130,247,,3,11,,,*97/8
1922,meuseir01,Irish Meusel,29,NYG,NL,154,676,617,100,204,28,17,16,132,12,10,35,33,.331,.369,.509,.877,122,314,,2,22,,,*7
1922,middljo01,John Middleton,22,CLE,AL,2,3,3,0,1,0,0,0,0,0,0,0,0,.333,.333,.333,.667,73,1,,0,0,,,/1
1922,milancl01,Clyde Milan,35,WSH,AL,42,76,74,8,17,5,0,0,5,0,0,2,2,.230,.250,.297,.547,44,22,,0,0,,,/97
1922,millebi02,Bing Miller,27,PHA,AL,143,585,535,90,179,29,12,21,90,10,10,24,42,.335,.371,.551,.922,136,295,,7,16,,,*897
1922,milleel01,Elmer Miller,31,TOT,AL,95,341,319,47,74,9,5,7,34,5,4,16,22,.232,.271,.357,.628,62,114,,1,8,,,87/9
1922,milleel01,Elmer Miller,31,NYY,AL,51,185,172,31,46,7,2,3,18,2,3,11,12,.267,.311,.384,.695,79,66,,0,5,,,87/9
1922,milleel01,Elmer Miller,31,BOS,AL,44,156,147,16,28,2,3,4,16,3,1,5,10,.190,.222,.327,.549,42,48,,1,3,,,8
1922,millefr02,Frank Miller,36,BSN,NL,31,75,68,4,8,0,0,0,1,0,0,1,17,.118,.143,.118,.261,-31,8,,1,5,,,1
1922,milleha01,Hack Miller,28,CHC,NL,122,500,466,61,164,28,5,12,78,3,3,26,39,.352,.389,.511,.899,129,238,,2,6,,,*7/9
1922,milleja01,Jake Miller,26,PIT,NL,3,13,11,0,1,0,0,0,0,1,0,2,0,.091,.231,.091,.322,-14,1,,0,0,,,/9
1922,milleot01,Otto Miller,33,BRO,NL,59,199,180,20,47,11,1,1,23,0,0,6,13,.261,.285,.350,.635,63,63,,0,13,,,2
1922,mitchcl01,Clarence Mitchell,31,BRO,NL,56,178,155,21,45,6,3,3,28,0,0,19,6,.290,.371,.426,.797,105,66,,1,3,,,3/1
1922,mitchjo01,Johnny Mitchell,27,TOT,AL,63,242,207,21,51,4,1,1,8,1,2,16,18,.246,.313,.290,.603,58,60,,4,15,,,6
1922,mitchjo01,Johnny Mitchell,27,NYY,AL,4,4,4,1,0,0,0,0,0,0,0,0,1,.000,.000,.000,.000,-100,0,,0,0,,,/6
1922,mitchjo01,Johnny Mitchell,27,BOS,AL,59,238,203,20,51,4,1,1,8,1,2,16,17,.251,.318,.296,.614,61,60,,4,15,,,6
1922,mogrige01,George Mogridge,33,WSH,AL,34,103,86,6,21,3,0,1,10,0,0,8,30,.244,.309,.314,.622,65,27,,0,9,,,1
1922,moharjo01,John Mohardt,24,DET,AL,5,2,1,2,1,0,0,0,0,0,1,1,0,1.000,1.000,1.000,2.000,429,1,,0,0,,,/879
1922,mokanjo01,Johnny Mokan,26,TOT,NL,78,275,240,29,61,10,2,3,35,1,1,25,28,.254,.327,.350,.677,71,84,,1,9,,,79/58
1922,mokanjo01,Johnny Mokan,26,PIT,NL,31,100,89,9,23,3,1,0,8,0,1,9,3,.258,.327,.315,.641,65,28,,0,2,,,9/7
1922,mokanjo01,Johnny Mokan,26,PHI,NL,47,175,151,20,38,7,1,3,27,1,0,16,25,.252,.327,.371,.698,74,56,,1,7,,,7/958
1922,moorero01,Roy Moore,23,TOT,AL,24,30,26,3,8,1,0,0,2,0,0,3,4,.308,.379,.346,.725,89,9,,0,1,,,1
1922,moorero01,Roy Moore,23,PHA,AL,15,23,19,3,5,1,0,0,2,0,0,3,3,.263,.364,.316,.679,77,6,,0,1,,,1
1922,moorero01,Roy Moore,23,DET,AL,9,7,7,0,3,0,0,0,0,0,0,0,1,.429,.429,.429,.857,127,3,,0,0,,,/1
1922,morgacy02,Cy Morgan,26,BSN,NL,2,0,0,0,0,0,0,0,0,0,0,0,0,,,,,,0,,0,0,,,/1
1922,morried02,Ed Morris,22,CHC,NL,5,4,4,0,1,0,0,0,1,0,0,0,2,.250,.250,.250,.500,29,1,,0,0,,,/1
1922,morrijo04,Johnny Morrison,26,PIT,NL,45,112,101,7,20,1,0,0,9,0,1,1,19,.198,.206,.208,.414,7,21,,0,10,,,1
1922,mortogu01,Guy Morton,29,CLE,AL,38,75,68,4,13,1,1,0,3,0,0,1,8,.191,.203,.235,.438,13,16,,0,6,,,1
1922,mostijo01,Johnny Mostil,26,CHW,AL,132,523,458,74,139,28,14,7,70,14,10,38,39,.303,.375,.472,.846,120,216,,14,13,,,*87
1922,muellhe01,Heinie Mueller,22,STL,NL,61,178,159,20,43,7,2,3,26,2,1,14,18,.270,.329,.396,.726,90,63,,0,5,,,87
1922,muellwa01,Walter Mueller,27,PIT,NL,32,133,122,21,33,5,1,2,18,1,0,5,7,.270,.305,.377,.682,74,46,,1,6,,,9
1922,mullied01,Eddie Mulligan,27,CHW,AL,103,424,372,39,87,14,8,0,31,7,7,22,32,.234,.278,.315,.593,55,117,,1,28,,,5/6
1922,murrage01,George Murray,23,NYY,AL,22,18,18,1,5,0,1,1,4,0,0,0,5,.278,.278,.556,.833,111,10,,0,0,,,1
1922,murraji02,Jim Murray,27,BRO,NL,4,2,2,0,1,0,0,0,0,0,0,0,0,.500,.500,.500,1.000,159,1,,0,0,,,/1
1922,myersel01,Elmer Myers,28,BOS,AL,3,1,1,0,0,0,0,0,0,0,0,0,0,.000,.000,.000,.000,-100,0,,0,0,,,/1
1922,myershy01,Hi Myers,33,BRO,NL,153,658,618,82,196,20,9,6,89,9,10,13,26,.317,.331,.408,.739,90,252,,0,27,,,*8/4
1922,nayloro01,Rollie Naylor,30,PHA,AL,36,61,55,7,11,3,0,1,3,0,0,4,20,.200,.254,.309,.563,45,17,,0,2,,,1
1922,nealegr01,Greasy Neale,30,CIN,NL,25,52,43,11,10,2,1,0,2,5,2,6,3,.233,.353,.326,.679,77,14,,2,1,,,9/7
1922,nehfar01,Art Nehf,29,NYG,NL,37,108,98,9,25,0,0,1,11,0,2,6,7,.255,.298,.286,.584,50,28,,0,4,,,1
1922,neisbe01,Bernie Neis,26,BRO,NL,61,90,70,15,16,4,1,1,9,3,2,13,8,.229,.349,.357,.707,83,25,,0,2,,,9/78
1922,nichofr02,Fred Nicholson,27,BSN,NL,78,257,222,31,56,4,5,2,29,5,7,23,24,.252,.336,.342,.678,79,76,,5,7,,,97
1922,nixonal01,Al Nixon,36,BSN,NL,86,331,318,35,84,14,4,2,22,6,6,9,19,.264,.284,.352,.637,67,112,,0,4,,,789
1922,northlo01,Lou North,31,STL,NL,53,50,47,5,11,0,1,1,5,0,0,1,3,.234,.250,.340,.590,54,16,,0,2,,,1
1922,nunamle01,Les Nunamaker,33,CLE,AL,25,49,43,8,13,2,0,0,7,0,0,4,3,.302,.362,.349,.711,84,15,,0,2,,,2
1922,o'doule01,Lefty O'Doul,25,NYY,AL,8,9,9,0,3,1,0,0,4,0,0,0,2,.333,.333,.444,.778,99,4,,0,0,,,/1
1922,o'farbo01,Bob O'Farrell,25,CHC,NL,128,481,392,68,127,18,8,4,60,5,3,79,34,.324,.439,.441,.880,127,173,,1,9,,,*2
1922,o'neimi02,Mickey O'Neil,24,BSN,NL,83,271,251,18,56,5,2,0,26,1,0,14,11,.223,.267,.259,.526,39,65,,1,5,,,2
1922,o'neiha01,Harry O'Neill,25,PHA,AL,1,1,1,0,0,0,0,0,0,0,0,0,0,.000,.000,.000,.000,-100,0,,0,0,,,/1
1922,o'neist01,Steve O'Neill,30,CLE,AL,133,478,392,33,122,27,4,2,65,2,2,73,25,.311,.423,.416,.839,117,163,,3,9,,,*2
1922,o'roufr01,Frank O'Rourke,28,BOS,AL,67,245,216,28,57,14,3,1,17,6,6,20,28,.264,.335,.370,.705,84,80,,3,7,,,65
1922,odenwte01,Ted Odenwald,20,CLE,AL,1,0,0,0,0,0,0,0,0,0,0,0,0,,,,,,0,,0,0,,,/1
1922,oeschjo01,Joe Oeschger,30,BSN,NL,46,66,63,3,12,3,0,0,5,0,0,2,8,.190,.215,.238,.453,19,15,,0,1,,,1
1922,ogdencu01,Curly Ogden,21,PHA,AL,17,30,29,1,7,0,0,0,1,0,0,1,1,.241,.267,.241,.508,32,7,,0,0,,,1
1922,oldhare01,Red Oldham,28,DET,AL,43,81,73,11,19,4,1,0,13,1,0,6,10,.260,.316,.342,.659,74,25,,0,1,,,1
1922,olsenol01,Ole Olsen,27,DET,AL,39,43,39,1,7,2,0,0,2,0,1,1,6,.179,.200,.231,.431,13,9,,0,3,,,1
1922,olsoniv01,Ivy Olson,36,BRO,NL,136,595,551,63,150,26,6,1,47,8,5,25,10,.272,.306,.347,.653,68,191,,2,17,,,46
1922,osborti01,Tiny Osborne,29,CHC,NL,41,70,67,6,9,2,0,0,4,1,0,0,17,.134,.147,.164,.311,-20,11,,1,2,,,1
1922,parkifr01,Frank Parkinson,27,PHI,NL,141,618,545,86,150,18,6,15,70,3,4,55,93,.275,.344,.413,.757,88,225,,2,15,,,*4
1922,peckiro01,Roger Peckinpaugh,31,WSH,AL,147,602,520,62,132,14,4,2,48,11,6,55,36,.254,.329,.308,.636,69,160,,3,23,,,*6
1922,penceel01,Elmer Pence,21,CHW,AL,1,0,0,0,0,0,0,0,0,0,0,0,0,,,,,,0,,0,0,,,/9
1922,pennohe01,Herb Pennock,28,BOS,AL,32,71,65,5,9,1,1,0,2,0,0,4,9,.138,.188,.185,.373,-2,12,,0,2,,,1
1922,perkicy01,Cy Perkins,26,PHA,AL,148,561,505,58,135,20,6,6,69,1,7,40,30,.267,.322,.366,.689,78,185,,1,14,,,*2
1922,pertibi01,Bill Pertica,23,STL,NL,35,33,33,3,6,1,1,0,0,0,0,0,13,.182,.182,.273,.455,18,9,,0,0,,,1/6
1922,peterjo02,John Peters,28,PHI,NL,55,159,143,15,35,9,1,4,24,0,1,9,18,.245,.308,.406,.713,77,58,,4,3,,,2
1922,pfeffje01,Jeff Pfeffer,34,STL,NL,45,104,98,3,24,6,0,0,12,0,0,4,17,.245,.275,.306,.581,53,30,,0,2,,,1
1922,phillto01,Tom Phillips,33,WSH,AL,17,23,20,1,3,0,0,0,1,0,0,1,5,.150,.227,.150,.377,2,3,,1,1,,,1
1922,picinva01,Val Picinich,25,WSH,AL,76,244,210,16,48,12,2,0,19,1,0,23,33,.229,.311,.305,.615,64,64,,2,9,,,2
1922,piercbi01,Bill Piercy,26,BOS,AL,29,40,34,2,5,2,0,0,3,0,0,2,9,.147,.194,.206,.400,5,7,,0,4,,,1
1922,pillehe01,Herman Pillette,26,DET,AL,40,106,99,5,17,3,0,0,11,0,0,4,28,.172,.204,.202,.406,7,20,,0,3,,,1
1922,pinelba01,Babe Pinelli,26,CIN,NL,156,622,547,77,167,19,7,1,72,17,22,48,37,.305,.368,.371,.739,93,203,,6,21,,,*5
1922,pintole01,Lerton Pinto,23,PHI,NL,9,10,9,1,1,0,0,0,0,0,0,1,4,.111,.200,.111,.311,-20,1,,0,0,,,/1
1922,pippwa01,Wally Pipp,29,NYY,AL,152,665,577,96,190,32,10,9,94,7,12,56,32,.329,.392,.466,.859,121,269,,4,27,,,*3
1922,pittipi01,Pinky Pittenger,23,BOS,AL,66,203,186,16,48,3,0,0,7,2,5,9,10,.258,.299,.274,.574,51,51,,2,6,,,56/9
1922,postsa01,Sam Post,25,BRO,NL,9,28,25,3,7,0,0,0,4,1,0,1,4,.280,.308,.280,.588,53,7,,0,2,,,/3
1922,pottne01,Nellie Pott,22,CLE,AL,2,0,0,0,0,0,0,0,0,0,0,0,0,,,,,,0,,0,0,,,/1
1922,powelra01,Ray Powell,33,BSN,NL,142,619,550,82,163,22,11,6,37,3,12,59,66,.296,.369,.409,.778,105,225,,4,6,,,*8
1922,prattde01,Del Pratt,34,BOS,AL,154,672,607,73,183,44,7,6,86,7,10,53,20,.301,.361,.427,.788,105,259,,4,9,,,*4
1922,pruethu01,Hub Pruett,21,SLB,AL,39,41,34,1,5,1,0,0,1,0,1,4,12,.147,.237,.176,.413,7,6,,0,3,,,1
1922,quinnja01,Jack Quinn,38,BOS,AL,40,97,91,5,9,3,0,1,5,0,0,6,28,.099,.163,.165,.328,-14,15,,1,3,,,1
1922,rabbijo01,Joe Rabbitt,22,CLE,AL,2,3,3,1,1,0,0,0,0,0,0,0,0,.333,.333,.333,.667,73,1,,0,0,,,/7
1922,rappgo01,Goldie Rapp,28,PHI,NL,119,551,502,58,127,26,3,0,38,6,12,32,29,.253,.299,.317,.616,54,159,,1,16,,,*5/6
1922,rawlijo01,Johnny Rawlings,29,NYG,NL,88,346,308,46,87,13,8,1,30,7,6,23,15,.282,.342,.386,.729,86,119,,5,10,,,4/5
1922,reichdi01,Dick Reichle,25,BOS,AL,6,25,24,3,6,1,0,0,0,0,0,0,2,.250,.280,.292,.572,50,7,,1,0,,,/8
1922,rettiot01,Otto Rettig,28,PHA,AL,4,6,6,0,0,0,0,0,0,0,0,0,1,.000,.000,.000,.000,-100,0,,0,0,,,/1
1922,ricesa01,Sam Rice,32,WSH,AL,154,692,633,91,187,37,13,6,69,20,9,48,13,.295,.347,.423,.770,103,268,,2,6,,,*8
1922,rigneto01,Topper Rigney,25,DET,AL,155,643,536,68,161,17,7,2,63,17,8,68,44,.300,.380,.369,.750,98,198,,1,37,,,*6
1922,ringji01,Jimmy Ring,27,PHI,NL,40,93,88,4,13,2,0,1,4,0,0,1,32,.148,.157,.205,.362,-10,18,,0,4,,,1
1922,rixeyep01,Eppa Rixey,31,CIN,NL,40,123,109,8,21,3,0,0,9,1,0,2,15,.193,.214,.220,.434,13,24,,1,11,,,1
1922,roberch01,Charlie Robertson,26,CHW,AL,37,104,87,3,16,0,0,0,7,0,0,8,10,.184,.253,.184,.437,16,16,,0,8,,,1
1922,roberda01,Dave Robertson,32,NYG,NL,42,50,47,5,13,2,0,1,3,0,0,3,7,.277,.320,.383,.703,79,18,,0,0,,,/879
1922,roberge01,Gene Robertson,22,SLB,AL,18,28,27,2,8,2,1,0,1,1,0,1,1,.296,.321,.444,.766,95,12,,0,0,,,/564
1922,rohwera01,Ray Rohwer,27,PIT,NL,53,145,129,19,38,6,3,3,22,1,0,10,17,.295,.350,.457,.807,106,59,,1,5,,,9/8
1922,rommeed01,Eddie Rommel,24,PHA,AL,51,103,94,3,17,3,0,0,7,0,0,3,15,.181,.206,.213,.419,8,20,,0,6,,,1
1922,roserbu01,Bunny Roser,20,BSN,NL,32,132,113,13,27,3,4,0,16,2,1,10,19,.239,.306,.336,.643,69,38,,1,8,,,7
1922,roushed01,Edd Roush,29,CIN,NL,49,189,165,29,58,7,4,1,24,5,3,19,5,.352,.428,.461,.888,131,76,,3,2,,,8
1922,rudoldi01,Dick Rudolph,34,BSN,NL,3,5,5,0,2,0,0,0,0,0,0,0,0,.400,.400,.400,.800,111,2,,0,0,,,/1
1922,ruelmu01,Muddy Ruel,26,BOS,AL,116,414,361,34,92,15,1,0,28,4,2,41,26,.255,.333,.302,.634,67,109,,1,11,,,*2
1922,ruethdu01,Dutch Ruether,28,BRO,NL,67,142,125,12,26,6,1,2,20,0,0,12,11,.208,.283,.320,.603,55,40,,1,5,,,1
1922,russeal01,Allen Russell,28,BOS,AL,34,42,38,3,3,1,0,0,1,0,0,3,14,.079,.167,.105,.272,-28,4,,1,0,,,1
1922,russejo01,John Russell,27,CHW,AL,4,1,1,0,0,0,0,0,0,0,0,0,0,.000,.000,.000,.000,-100,0,,0,0,,,/1
1922,russere01,Reb Russell,33,PIT,NL,60,250,220,51,81,14,8,12,75,4,2,14,18,.368,.423,.668,1.091,176,147,,7,9,,,9
1922,ruthba01,Babe Ruth,27,NYY,AL,110,496,406,94,128,24,8,35,96,2,5,84,80,.315,.434,.672,1.106,182,273,,1,4,,,*79/3
1922,ryanro01,Rosy Ryan,24,NYG,NL,46,72,62,3,12,2,0,0,3,0,1,7,13,.194,.275,.226,.501,30,14,,0,3,,,1
1922,schalra01,Ray Schalk,29,CHW,AL,142,538,442,57,124,22,3,4,60,12,4,67,36,.281,.379,.371,.750,97,164,,3,22,,,*2
1922,schanwa01,Wally Schang,32,NYY,AL,124,492,408,46,130,21,7,1,52,12,6,53,36,.319,.405,.412,.816,111,168,,6,23,,,*2
1922,scheehe01,Heinie Scheer,21,PHA,AL,51,145,135,10,23,3,0,4,12,1,0,3,25,.170,.188,.281,.470,20,38,,0,7,,,45
1922,schilre01,Red Schillings,22,PHA,AL,4,2,2,0,0,0,0,0,0,0,0,0,1,.000,.000,.000,.000,-100,0,,0,0,,,/1
1922,schmara01,Ray Schmandt,26,BRO,NL,110,429,396,54,106,17,3,2,44,6,6,21,28,.268,.306,.341,.647,67,135,,1,11,,,*3
1922,schmiwa01,Walter Schmidt,35,PIT,NL,40,156,152,21,50,11,1,0,22,2,1,1,5,.329,.333,.414,.748,91,63,,0,3,,,2
1922,schneka01,Karl Schnell,22,CIN,NL,10,4,4,1,1,0,0,0,0,0,0,0,2,.250,.250,.250,.500,30,1,,0,0,,,1
1922,schrepa01,Paul Schreiber,19,BRO,NL,1,0,0,0,0,0,0,0,0,0,0,0,0,,,,,,0,,0,0,,,/1
1922,schuljo03,Joe Schultz,28,STL,NL,112,373,344,50,108,13,4,2,64,3,1,19,10,.314,.350,.392,.742,95,135,,0,10,,,97/8
1922,schupfe01,Ferdie Schupp,31,CHW,AL,18,27,23,0,5,0,0,0,3,0,1,4,7,.217,.333,.217,.551,47,5,,0,0,,,1
1922,scottev01,Everett Scott,29,NYY,AL,154,612,557,64,150,23,5,3,50,2,3,23,22,.269,.304,.345,.649,67,192,,5,28,,,*6
1922,scottja01,Jack Scott,30,TOT,NL,18,32,31,2,8,0,0,0,4,0,0,1,3,.258,.281,.258,.539,39,8,,0,1,,,1
1922,scottja01,Jack Scott,30,CIN,NL,1,1,1,0,0,0,0,0,0,0,0,0,1,.000,.000,.000,.000,-100,0,,0,0,,,/1
1922,scottja01,Jack Scott,30,NYG,NL,17,31,30,2,8,0,0,0,4,0,0,1,2,.267,.290,.267,.557,43,8,,0,1,,,1
1922,sellep01,Epp Sell,25,STL,NL,7,15,12,3,4,1,0,0,1,0,0,1,4,.333,.385,.417,.801,111,5,,0,2,,,/1
1922,severha01,Hank Severeid,31,SLB,AL,137,557,517,49,166,32,7,3,78,1,4,28,12,.321,.356,.427,.783,100,221,,0,14,,,*2
1922,seweljo01,Joe Sewell,23,CLE,AL,153,656,558,80,167,28,7,2,83,10,12,73,20,.299,.386,.385,.771,100,215,,6,19,,,*64
1922,sewellu01,Luke Sewell,21,CLE,AL,41,95,87,14,23,5,0,0,10,1,1,5,8,.264,.312,.322,.634,64,28,,1,2,,,2
1922,shankho01,Howie Shanks,31,WSH,AL,84,315,272,35,77,10,9,1,32,6,0,25,25,.283,.352,.397,.749,98,108,,4,13,,,57/9
1922,shautjo01,Joe Shaute,22,CLE,AL,5,5,5,1,0,0,0,0,0,0,0,0,0,.000,.000,.000,.000,-100,0,,0,0,,,/19
1922,shawkbo01,Bob Shawkey,31,NYY,AL,39,126,115,12,21,2,0,1,14,0,0,2,18,.183,.203,.226,.429,11,26,,1,7,,,1
1922,sheare01,Red Shea,23,NYG,NL,11,7,7,0,0,0,0,0,0,0,0,0,4,.000,.000,.000,.000,-100,0,,0,0,,,1
1922,sheelea01,Earl Sheely,29,CHW,AL,149,620,526,72,167,37,4,6,80,4,6,60,27,.317,.393,.437,.830,117,230,,5,29,,,*3
1922,sherdbi01,Bill Sherdel,25,STL,NL,48,92,88,11,17,2,1,1,10,0,0,2,10,.193,.211,.273,.484,27,24,,0,2,,,1
1922,shinagi01,Ginger Shinault,29,CLE,AL,13,16,15,1,2,1,0,0,0,0,0,0,2,.133,.133,.200,.333,-15,3,,0,0,,,2
1922,shinnra01,Ralph Shinners,26,NYG,NL,56,151,135,16,34,4,2,0,15,3,5,5,22,.252,.308,.311,.619,59,42,,6,5,,,8/97
1922,shockur01,Urban Shocker,31,SLB,AL,48,135,115,14,22,3,1,1,6,1,0,14,34,.191,.279,.261,.540,39,30,,0,6,,,1
1922,shortch01,Chick Shorten,30,SLB,AL,55,152,131,22,36,12,5,2,16,0,1,16,8,.275,.354,.489,.842,114,64,,0,5,,,89/7
1922,shottbu01,Burt Shotton,37,STL,NL,34,34,30,5,6,1,0,0,2,0,1,4,6,.200,.294,.233,.527,40,7,,0,0,,,/879
1922,shrivha01,Harry Shriver,25,BRO,NL,25,32,27,0,1,0,0,0,0,0,0,2,11,.037,.103,.037,.140,-62,1,,0,3,,,1
1922,singljo01,John Singleton,25,PHI,NL,22,37,36,3,5,1,0,0,0,0,0,0,17,.139,.139,.167,.306,-24,6,,0,1,,,1
1922,sislege01,George Sisler,29,SLB,AL,142,655,586,134,246,42,18,8,105,51,19,49,14,.420,.467,.594,1.061,170,348,,3,16,,,*3
1922,skinnca01,Camp Skinner,25,NYY,AL,27,34,33,1,6,0,0,0,2,1,0,0,4,.182,.206,.182,.388,1,6,,1,0,,,/87
1922,smithea01,Earl Smith,31,WSH,AL,65,221,205,22,53,12,2,1,23,4,4,8,17,.259,.293,.351,.644,70,72,,2,6,,,7/95
1922,smithea02,Earl Smith,25,NYG,NL,90,275,234,29,65,11,4,9,39,1,1,37,12,.278,.383,.474,.858,118,111,,3,1,,,2
1922,smithel02,Elmer Smith,29,TOT,AL,94,295,258,44,71,13,6,7,37,0,3,28,26,.275,.348,.453,.802,108,117,,1,7,,,9/8
1922,smithel02,Elmer Smith,29,BOS,AL,73,264,231,43,66,13,6,6,32,0,3,25,21,.286,.358,.472,.830,116,109,,1,6,,,9/8
1922,smithel02,Elmer Smith,29,NYY,AL,21,31,27,1,5,0,0,1,5,0,0,3,5,.185,.267,.296,.563,45,8,,0,1,,,/98
1922,smithge02,George Smith,30,PHI,NL,42,66,66,1,5,0,0,0,2,0,0,0,24,.076,.076,.076,.152,-62,5,,0,0,,,1
1922,smithja03,Jack Smith,27,STL,NL,143,578,510,117,158,23,12,8,46,18,7,50,30,.310,.375,.449,.824,116,229,,3,15,,,*897
1922,smithji01,Jimmy Smith,27,PHI,NL,38,126,114,13,25,1,0,1,6,1,3,5,9,.219,.258,.254,.513,29,29,,1,6,,,64/5
1922,smithsh01,Sherry Smith,31,TOT,MLB,30,42,41,5,11,1,0,1,4,0,0,1,5,.268,.286,.366,.652,67,15,,0,0,,,1
1922,smithsh01,Sherry Smith,31,BRO,NL,28,36,35,5,9,1,0,1,3,0,0,1,3,.257,.278,.371,.649,66,13,,0,0,,,1
1922,smithsh01,Sherry Smith,31,CLE,AL,2,6,6,0,2,0,0,0,1,0,0,0,2,.333,.333,.333,.667,73,2,,0,0,,,/1
1922,snydefr01,Frank Snyder,28,NYG,NL,104,353,318,34,109,21,5,5,51,1,5,23,25,.343,.387,.487,.875,122,155,,0,13,,,2
1922,sorrech01,Chick Sorrells,25,CLE,AL,2,1,1,0,0,0,0,0,0,0,0,0,0,.000,.000,.000,.000,-100,0,,0,0,,,/6
1922,sothoal01,Allan Sothoron,29,CLE,AL,6,9,9,0,4,1,0,0,2,0,0,0,1,.444,.444,.556,1.000,157,5,,0,0,,,/1
1922,southbi01,Billy Southworth,29,BSN,NL,43,182,158,27,51,4,4,4,18,4,1,18,1,.323,.392,.475,.867,127,75,,0,6,,,9
1922,speaktr01,Tris Speaker,34,CLE,AL,131,518,426,85,161,48,8,11,71,8,3,77,11,.378,.474,.606,1.080,177,258,,1,12,,,*8
1922,statzji01,Jigger Statz,24,CHC,NL,110,508,462,77,137,19,5,1,34,16,13,41,31,.297,.355,.366,.721,85,169,,1,4,,,*8
1922,stengca01,Casey Stengel,31,NYG,NL,84,283,250,48,92,8,10,7,48,4,2,21,17,.368,.436,.564,1.000,154,141,,9,3,,,8/97
1922,stephri01,Riggs Stephenson,24,CLE,AL,86,267,233,47,79,24,5,2,32,3,0,27,18,.339,.421,.511,.932,140,119,,6,1,,,54/79
1922,stewast01,Stuffy Stewart,28,PIT,NL,3,13,13,3,2,0,0,0,0,0,0,0,1,.154,.154,.154,.308,-21,2,,0,0,,,/4
1922,stockmi01,Milt Stock,28,STL,NL,151,651,581,85,177,33,9,5,79,7,12,42,29,.305,.352,.418,.770,102,243,,0,26,,,*5/6
1922,stoneli01,Lil Stoner,23,DET,AL,17,24,20,0,2,1,0,0,3,0,0,2,4,.100,.182,.150,.332,-12,3,,0,1,,,1
1922,strunam01,Amos Strunk,33,CHW,AL,92,351,311,36,90,11,4,0,33,9,6,33,28,.289,.358,.350,.708,86,109,,0,8,,,879/3
1922,stuarjo01,Johnny Stuart,21,STL,NL,2,0,0,0,0,0,0,0,0,0,0,0,0,,,,,,0,,0,0,,,/1
1922,stuelge01,George Stueland,23,CHC,NL,35,34,31,2,4,0,0,0,2,0,0,1,17,.129,.156,.129,.285,-26,4,,0,1,,,1
1922,sulliji02,Jim Sullivan,28,PHA,AL,20,14,11,0,1,0,0,0,1,0,0,2,5,.091,.231,.091,.322,-14,1,,0,1,,,1
1922,sullito02,Tom Sullivan,26,PHI,NL,3,4,4,1,1,0,0,1,2,0,0,0,1,.250,.250,1.000,1.250,199,4,,0,0,,,/1
1922,summaho01,Homer Summa,23,CLE,AL,12,50,46,9,16,3,3,1,6,1,2,1,1,.348,.400,.609,1.009,158,28,,3,0,,,9
1922,swentau01,Augie Swentor,22,CHW,AL,1,1,1,0,0,0,0,0,0,0,0,0,1,.000,.000,.000,.000,-100,0,,0,0,,,
1922,tayloza02,Zack Taylor,23,BRO,NL,7,15,14,0,3,0,0,0,2,0,0,1,1,.214,.267,.214,.481,25,3,,0,1,,,/2
1922,terryze01,Zeb Terry,31,CHC,NL,131,571,496,56,142,24,2,0,67,2,11,34,16,.286,.335,.343,.677,74,170,,2,39,,,*4/65
1922,tiernco01,Cotton Tierney,28,PIT,NL,122,487,441,58,152,26,14,7,86,7,8,22,40,.345,.378,.515,.893,127,227,,2,23,,,*4/956
1922,tobinja01,Jack Tobin,30,SLB,AL,146,701,625,122,207,34,8,13,66,7,9,56,22,.331,.388,.474,.862,120,296,,2,16,,,*9
1922,toneyfr01,Fred Toney,33,NYG,NL,13,32,30,1,2,0,0,0,1,0,0,2,10,.067,.125,.067,.192,-50,2,,0,0,,,1
1922,toporsp01,Specs Toporcer,23,STL,NL,116,391,352,56,114,25,6,3,36,2,1,24,18,.324,.370,.455,.825,116,160,,2,13,,,6/549
1922,torreri01,Ricardo Torres,31,WSH,AL,4,4,4,0,0,0,0,0,0,0,0,0,1,.000,.000,.000,.000,-100,0,,0,0,,,/2
1922,traynpi01,Pie Traynor,23,PIT,NL,142,616,571,89,161,17,12,4,81,17,3,27,28,.282,.319,.375,.694,78,214,,4,13,,,*56
1922,turklu01,Lucas Turk,24,WSH,AL,5,4,4,0,1,0,0,0,1,0,0,0,1,.250,.250,.250,.500,33,1,,0,0,,,/1
1922,uhlege01,George Uhle,23,CLE,AL,56,127,109,21,29,8,2,0,14,1,2,13,6,.266,.350,.376,.726,88,41,,1,3,,,1
1922,vanceda01,Dazzy Vance,31,BRO,NL,36,100,89,9,20,3,0,0,6,1,0,3,25,.225,.266,.258,.524,36,23,,2,6,,,1
1922,vangiel01,Elam Vangilder,26,SLB,AL,45,110,93,16,32,10,2,2,11,0,0,5,11,.344,.396,.559,.955,143,52,,3,9,,,1
1922,veachbo01,Bobby Veach,34,DET,AL,155,705,618,96,202,34,13,9,126,9,1,42,27,.327,.377,.468,.845,122,289,,8,36,,,*7
1922,vicker01,Ernie Vick,21,STL,NL,3,6,6,1,2,2,0,0,0,0,0,0,0,.333,.333,.667,1.000,157,4,,0,0,,,/2
1922,walkecu01,Curt Walker,25,PHI,NL,148,655,581,102,196,36,11,12,89,11,4,56,46,.337,.399,.499,.899,123,290,,4,14,,,*9
1922,walkero01,Roy Walker,29,STL,NL,12,8,7,0,1,0,0,0,1,0,0,0,3,.143,.143,.143,.286,-25,1,,0,1,,,1
1922,walketi01,Tillie Walker,34,PHA,AL,153,643,565,111,160,31,4,37,99,4,3,61,67,.283,.357,.549,.906,131,310,,4,15,,,*78
1922,waltero01,Roxy Walters,29,BOS,AL,38,108,98,4,19,2,0,0,6,0,0,6,8,.194,.240,.214,.455,20,21,,0,5,,,2
1922,wambsbi01,Bill Wambsganss,28,CLE,AL,142,642,538,89,141,22,6,0,47,17,10,60,26,.262,.341,.325,.666,73,175,,4,42,,,*46
1922,wardaa01,Aaron Ward,25,NYY,AL,154,641,558,69,149,19,5,7,69,6,4,45,64,.267,.328,.357,.685,77,199,,6,32,,,*4/5
1922,wardch01,Chuck Ward,27,BRO,NL,33,103,91,12,25,5,1,0,14,1,1,5,8,.275,.320,.352,.671,73,32,,1,6,,,6/5
1922,warmocy01,Cy Warmoth,29,WSH,AL,5,7,7,1,1,0,0,0,0,0,0,0,1,.143,.143,.143,.286,-24,1,,0,0,,,/1
1922,watsomu01,Mule Watson,25,BSN,NL,41,71,66,4,13,1,1,0,1,0,0,1,17,.197,.221,.242,.463,22,16,,1,3,,,1
1922,weinele01,Lefty Weinert,20,PHI,NL,34,62,58,10,14,1,0,0,3,1,0,3,11,.241,.279,.259,.537,35,15,,0,1,,,1
1922,weisbu01,Butch Weis,21,CHC,NL,2,2,2,2,1,0,0,0,0,0,0,0,0,.500,.500,.500,1.000,158,1,,0,0,,,
1922,welchfr01,Frank Welch,24,PHA,AL,114,433,375,43,97,17,3,11,49,3,4,40,40,.259,.335,.408,.743,91,153,,3,14,,,*9/87
1922,wheatza01,Zack Wheat,34,BRO,NL,152,660,600,92,201,29,12,16,112,9,6,45,22,.335,.388,.503,.891,128,302,,7,8,,,*7
1922,wheelri01,Rip Wheeler,24,PIT,NL,1,0,0,0,0,0,0,0,0,0,0,0,0,,,,,,0,,0,0,,,/1
1922,whittpo01,Possum Whitted,32,BRO,NL,1,1,1,0,0,0,0,0,0,0,0,0,0,.000,.000,.000,.000,-100,0,,0,0,,,
1922,wilkiro01,Roy Wilkinson,29,CHW,AL,4,3,3,0,0,0,0,0,0,0,0,0,2,.000,.000,.000,.000,-100,0,,0,0,,,/1
1922,willicy01,Cy Williams,34,PHI,NL,151,676,584,98,180,30,6,26,92,11,14,74,49,.308,.392,.514,.905,125,300,,6,12,,,*8
1922,willike01,Ken Williams,32,SLB,AL,153,678,585,128,194,34,11,39,155,37,20,74,31,.332,.413,.627,1.040,164,367,,7,12,,,*78
1922,wingoiv01,Ivey Wingo,31,CIN,NL,80,286,260,24,74,13,3,3,45,1,4,23,11,.285,.343,.392,.735,91,102,,0,3,,,2
1922,winnge01,George Winn,24,CLE,AL,8,11,9,3,3,0,0,0,1,0,0,2,0,.333,.455,.333,.788,106,3,,0,0,,,/1
1922,winteje01,Jesse Winters,28,PHI,NL,34,45,43,3,11,2,0,0,2,0,0,0,11,.256,.256,.302,.558,39,13,,0,2,,,1
1922,wirtske01,Kettle Wirts,24,CHC,NL,31,70,58,7,10,2,0,1,6,0,0,12,15,.172,.314,.259,.573,49,15,,0,0,,,2
1922,withrfr01,Frank Withrow,31,PHI,NL,10,24,21,3,7,2,0,0,3,0,0,3,5,.333,.417,.429,.845,112,9,,0,0,,,/2
1922,wittwh01,Whitey Witt,26,NYY,AL,140,628,528,98,157,11,6,4,37,5,8,89,29,.297,.400,.364,.763,98,192,,1,10,,,*89/7
1922,woodjo02,Smoky Joe Wood,32,CLE,AL,142,585,505,74,150,33,8,8,92,5,1,50,63,.297,.367,.442,.809,108,223,,6,22,,,*9/78
1922,woodala01,Larry Woodall,27,DET,AL,50,136,125,19,43,2,2,0,18,0,1,8,11,.344,.388,.392,.780,106,49,,1,2,,,2
1922,woodwfr01,Frank Woodward,28,WSH,AL,1,1,1,0,0,0,0,0,0,0,0,0,0,.000,.000,.000,.000,-100,0,,0,0,,,/1
1922,wrighra02,Rasty Wright,26,SLB,AL,31,59,50,6,7,2,0,0,1,0,0,5,16,.140,.218,.180,.398,3,9,,0,4,,,1
1922,wrighru01,Russ Wrightstone,29,PHI,NL,99,370,331,56,101,18,6,5,33,4,5,28,17,.305,.365,.441,.806,100,146,,3,7,,,56/3
1922,yarriru01,Rube Yarrison,26,PHA,AL,18,9,6,0,1,0,0,0,0,0,0,1,1,.167,.286,.167,.452,19,1,,0,0,,,1
1922,yaryaya01,Yam Yaryan,29,CHW,AL,36,79,71,9,14,2,0,2,9,1,0,6,10,.197,.269,.310,.579,51,22,,1,1,,,2
1922,yeargal01,Al Yeargin,20,BSN,NL,1,3,3,0,0,0,0,0,0,0,0,0,3,.000,.000,.000,.000,-100,0,,0,0,,,/1
1922,yelloch01,Chief Yellow Horse,24,PIT,NL,28,21,19,2,6,0,0,0,1,0,0,0,3,.316,.316,.316,.632,63,6,,0,2,,,1
1922,youngra01,Ralph Young,33,PHA,AL,125,538,470,62,105,19,2,1,35,8,6,55,21,.223,.309,.279,.587,53,131,,3,10,,,*4
1922,youngch02,Chief Youngblood,22,WSH,AL,2,2,2,0,0,0,0,0,0,0,0,0,1,.000,.000,.000,.000,-100,0,,0,0,,,/1
1922,youngro01,Ross Youngs,25,NYG,NL,149,643,559,105,185,34,10,7,86,17,9,55,50,.331,.398,.465,.863,120,260,,7,21,,,*9
1922,zachato01,Tom Zachary,26,WSH,AL,32,76,71,4,21,2,1,1,14,0,0,3,20,.296,.324,.394,.719,90,28,,0,2,,,1
1922,zinnji01,Jimmy Zinn,27,PIT,NL,5,1,1,0,0,0,0,0,0,0,0,0,0,.000,.000,.000,.000,-100,0,,0,0,,,/1
